Date,High,Low,Open,Close,Volume,Adj Close
2018-01-02,17.9060001373291,16.899999618530273,17.530000686645508,17.3799991607666,401200,17.3799991607666
2018-01-03,17.8700008392334,16.90999984741211,17.489999771118164,16.989999771118164,348500,16.989999771118164
2018-01-04,17.1200008392334,16.65999984741211,17.100000381469727,16.700000762939453,372100,16.700000762939453
2018-01-05,17.670000076293945,16.420000076293945,16.850000381469727,17.549999237060547,404600,17.549999237060547
2018-01-08,17.610000610351562,16.200000762939453,17.540000915527344,16.299999237060547,254400,16.299999237060547
2018-01-09,16.649999618530273,15.229999542236328,16.420000076293945,15.569999694824219,423000,15.569999694824219
2018-01-10,16.50200080871582,15.279999732971191,15.75,16.31999969482422,214600,16.31999969482422
2018-01-11,17.3799991607666,16.030000686645508,16.350000381469727,17.209999084472656,284900,17.209999084472656
2018-01-12,17.25,16.583999633789062,17.229999542236328,17.0,147800,17.0
2018-01-16,17.18000030517578,16.149999618530273,17.1299991607666,16.350000381469727,215300,16.350000381469727
2018-01-17,17.56999969482422,16.350000381469727,16.56999969482422,17.299999237060547,233000,17.299999237060547
2018-01-18,17.950000762939453,16.850000381469727,17.190000534057617,17.809999465942383,215500,17.809999465942383
2018-01-19,18.395000457763672,17.280000686645508,17.729999542236328,17.899999618530273,244900,17.899999618530273
2018-01-22,18.84000015258789,17.43000030517578,18.06999969482422,18.530000686645508,431800,18.530000686645508
2018-01-23,18.760000228881836,17.729999542236328,18.479999542236328,18.290000915527344,164800,18.290000915527344
2018-01-24,19.600000381469727,17.8700008392334,18.43000030517578,19.389999389648438,338600,19.389999389648438
2018-01-25,19.760000228881836,18.399999618530273,19.489999771118164,18.59000015258789,169200,18.59000015258789
2018-01-26,19.799999237060547,18.1200008392334,18.579999923706055,19.420000076293945,264500,19.420000076293945
2018-01-29,23.0,19.190000534057617,19.420000076293945,22.81999969482422,554800,22.81999969482422
2018-01-30,23.719999313354492,21.700000762939453,22.6299991607666,23.579999923706055,352700,23.579999923706055
2018-01-31,24.06999969482422,21.610000610351562,23.719999313354492,21.649999618530273,343600,21.649999618530273
2018-02-01,22.68000030517578,20.59000015258789,21.649999618530273,21.850000381469727,176400,21.850000381469727
2018-02-02,23.850000381469727,21.78499984741211,21.799999237060547,22.700000762939453,277300,22.700000762939453
2018-02-05,23.75,20.760000228881836,22.670000076293945,21.110000610351562,260500,21.110000610351562
2018-02-06,22.979999542236328,20.5,20.959999084472656,22.559999465942383,249700,22.559999465942383
2018-02-07,23.299999237060547,21.31100082397461,22.479999542236328,22.8799991607666,104300,22.8799991607666
2018-02-08,23.315000534057617,21.459999084472656,22.979999542236328,21.549999237060547,222600,21.549999237060547
2018-02-09,22.209999084472656,20.739999771118164,21.690000534057617,21.489999771118164,153900,21.489999771118164
2018-02-12,21.864999771118164,20.709999084472656,21.6200008392334,21.190000534057617,111300,21.190000534057617
2018-02-13,22.6200008392334,20.8700008392334,21.110000610351562,22.600000381469727,256800,22.600000381469727
2018-02-14,23.329999923706055,22.209999084472656,22.34000015258789,23.0,181700,23.0
2018-02-15,23.5,22.799999237060547,23.200000762939453,23.219999313354492,132100,23.219999313354492
2018-02-16,23.0,21.610000610351562,23.0,21.8799991607666,162200,21.8799991607666
2018-02-20,22.7450008392334,19.579999923706055,21.8799991607666,19.979999542236328,211000,19.979999542236328
2018-02-21,21.90999984741211,20.049999237060547,20.049999237060547,21.3700008392334,145400,21.3700008392334
2018-02-22,22.639999389648438,21.010000228881836,21.540000915527344,21.850000381469727,214100,21.850000381469727
2018-02-23,22.579999923706055,21.209999084472656,22.229999542236328,22.170000076293945,233500,22.170000076293945
2018-02-26,23.239999771118164,21.450000762939453,22.1200008392334,22.579999923706055,379400,22.579999923706055
2018-02-27,17.808000564575195,15.729999542236328,17.100000381469727,16.799999237060547,2296800,16.799999237060547
2018-02-28,18.440000534057617,16.709999084472656,16.799999237060547,16.969999313354492,654100,16.969999313354492
2018-03-01,17.950000762939453,16.75,17.079999923706055,17.239999771118164,411100,17.239999771118164
2018-03-02,17.610000610351562,17.030000686645508,17.15999984741211,17.510000228881836,332500,17.510000228881836
2018-03-05,18.31999969482422,17.389999389648438,17.389999389648438,18.020000457763672,221200,18.020000457763672
2018-03-06,18.350000381469727,16.959999084472656,18.020000457763672,18.0,269700,18.0
2018-03-07,19.69499969482422,17.59000015258789,17.809999465942383,19.579999923706055,602200,19.579999923706055
2018-03-08,20.040000915527344,19.010000228881836,19.790000915527344,19.329999923706055,255500,19.329999923706055
2018-03-09,19.969999313354492,19.15999984741211,19.450000762939453,19.440000534057617,211600,19.440000534057617
2018-03-12,20.709999084472656,19.139999389648438,19.600000381469727,19.989999771118164,291000,19.989999771118164
2018-03-13,20.969999313354492,19.420000076293945,20.09000015258789,19.639999389648438,195500,19.639999389648438
2018-03-14,20.809999465942383,19.639999389648438,19.760000228881836,20.34000015258789,296100,20.34000015258789
2018-03-15,29.0,21.899999618530273,21.979999542236328,28.139999389648438,2568100,28.139999389648438
2018-03-16,32.470001220703125,27.639999389648438,28.299999237060547,31.209999084472656,1322000,31.209999084472656
2018-03-19,32.95000076293945,29.5,29.700000762939453,32.79999923706055,700300,32.79999923706055
2018-03-20,32.84000015258789,30.6200008392334,32.81999969482422,32.040000915527344,401300,32.040000915527344
2018-03-21,33.98500061035156,31.079999923706055,31.93000030517578,32.29999923706055,375200,32.29999923706055
2018-03-22,33.75,31.360000610351562,31.979999542236328,32.439998626708984,221900,32.439998626708984
2018-03-23,33.18000030517578,31.44099998474121,31.489999771118164,32.0,230100,32.0
2018-03-26,33.5,28.899999618530273,32.279998779296875,29.0,324900,29.0
2018-03-27,29.899999618530273,28.40999984741211,29.31999969482422,28.549999237060547,274400,28.549999237060547
2018-03-28,29.889999389648438,27.8799991607666,28.68000030517578,29.360000610351562,357900,29.360000610351562
2018-03-29,30.190000534057617,24.46500015258789,29.68000030517578,25.610000610351562,557900,25.610000610351562
2018-04-02,26.520000457763672,24.780000686645508,25.549999237060547,25.770000457763672,331400,25.770000457763672
2018-04-03,26.979000091552734,23.899999618530273,25.84000015258789,24.049999237060547,308900,24.049999237060547
2018-04-04,24.479999542236328,23.461000442504883,23.829999923706055,23.799999237060547,201100,23.799999237060547
2018-04-05,24.84000015258789,23.808000564575195,24.0,24.729999542236328,190200,24.729999542236328
2018-04-06,24.420000076293945,21.420000076293945,24.3799991607666,21.6200008392334,264600,21.6200008392334
2018-04-09,22.44700050354004,21.110000610351562,21.81999969482422,21.760000228881836,192600,21.760000228881836
2018-04-10,22.959999084472656,21.079999923706055,22.020000457763672,22.81999969482422,196500,22.81999969482422
2018-04-11,23.299999237060547,22.110000610351562,22.639999389648438,22.670000076293945,71700,22.670000076293945
2018-04-12,24.559999465942383,22.799999237060547,22.799999237060547,23.969999313354492,124600,23.969999313354492
2018-04-13,24.260000228881836,22.690000534057617,24.209999084472656,23.18000030517578,133400,23.18000030517578
2018-04-16,23.239999771118164,22.079999923706055,23.239999771118164,22.3700008392334,113500,22.3700008392334
2018-04-17,24.2450008392334,22.1200008392334,22.469999313354492,23.93000030517578,165000,23.93000030517578
2018-04-18,24.360000610351562,23.569000244140625,24.1299991607666,24.1200008392334,92500,24.1200008392334
2018-04-19,24.67799949645996,23.66699981689453,23.969999313354492,24.06999969482422,139000,24.06999969482422
2018-04-20,26.899999618530273,24.34000015258789,24.34000015258789,26.18000030517578,445200,26.18000030517578
2018-04-23,28.8799991607666,26.18000030517578,26.18000030517578,27.709999084472656,225300,27.709999084472656
2018-04-24,27.950000762939453,25.81999969482422,27.780000686645508,26.799999237060547,470600,26.799999237060547
2018-04-25,27.059999465942383,25.68000030517578,26.799999237060547,26.829999923706055,169200,26.829999923706055
2018-04-26,26.8799991607666,25.260000228881836,26.8799991607666,25.670000076293945,168200,25.670000076293945
2018-04-27,26.979999542236328,25.34000015258789,25.670000076293945,26.34000015258789,92600,26.34000015258789
2018-04-30,26.649999618530273,25.610000610351562,26.579999923706055,26.110000610351562,138400,26.110000610351562
2018-05-01,26.405000686645508,24.43000030517578,26.020000457763672,24.81999969482422,171900,24.81999969482422
2018-05-02,25.84000015258789,24.649999618530273,24.8799991607666,25.100000381469727,285700,25.100000381469727
2018-05-03,25.489999771118164,22.889999389648438,25.049999237060547,23.969999313354492,241300,23.969999313354492
2018-05-04,23.489999771118164,21.709999084472656,22.0,22.270000457763672,406200,22.270000457763672
2018-05-07,22.969999313354492,21.31999969482422,22.450000762939453,21.670000076293945,524800,21.670000076293945
2018-05-08,20.509000778198242,17.739999771118164,19.25,18.799999237060547,2051600,18.799999237060547
2018-05-09,20.969999313354492,18.579999923706055,18.799999237060547,20.65999984741211,700300,20.65999984741211
2018-05-10,20.65999984741211,20.65999984741211,20.65999984741211,20.65999984741211,0,20.65999984741211
2018-05-11,25.0,22.75,23.540000915527344,23.799999237060547,1434500,23.799999237060547
2018-05-14,24.011999130249023,22.350000381469727,23.809999465942383,22.530000686645508,989100,22.530000686645508
2018-05-15,23.700000762939453,22.209999084472656,22.579999923706055,23.079999923706055,212400,23.079999923706055
2018-05-16,23.420000076293945,22.739999771118164,23.34000015258789,22.809999465942383,190500,22.809999465942383
2018-05-17,23.014999389648438,22.639999389648438,22.709999084472656,22.93000030517578,142000,22.93000030517578
2018-05-18,23.420000076293945,22.479999542236328,23.020000457763672,23.09000015258789,476200,23.09000015258789
2018-05-21,24.450000762939453,22.579999923706055,23.270000457763672,22.729999542236328,184600,22.729999542236328
2018-05-22,22.989999771118164,21.81999969482422,22.65999984741211,21.8799991607666,114300,21.8799991607666
2018-05-23,23.030000686645508,21.68000030517578,21.68000030517578,22.56999969482422,270000,22.56999969482422
2018-05-24,24.097999572753906,22.30500030517578,22.68000030517578,23.600000381469727,266100,23.600000381469727
2018-05-25,23.81999969482422,22.589000701904297,23.479999542236328,23.290000915527344,203800,23.290000915527344
2018-05-29,25.329999923706055,22.450000762939453,23.049999237060547,24.850000381469727,336400,24.850000381469727
2018-05-30,25.299999237060547,23.979999542236328,24.90999984741211,24.420000076293945,239900,24.420000076293945
2018-05-31,24.719999313354492,23.454999923706055,24.450000762939453,24.239999771118164,252600,24.239999771118164
2018-06-01,24.82200050354004,23.399999618530273,24.799999237060547,23.420000076293945,252200,23.420000076293945
2018-06-04,23.809999465942383,22.3700008392334,23.360000610351562,23.489999771118164,208600,23.489999771118164
2018-06-05,24.229999542236328,22.791000366210938,23.360000610351562,23.040000915527344,172600,23.040000915527344
2018-06-06,23.540000915527344,22.850000381469727,23.149999618530273,23.309999465942383,288700,23.309999465942383
2018-06-07,23.420000076293945,21.579999923706055,23.420000076293945,22.059999465942383,272300,22.059999465942383
2018-06-08,22.420000076293945,21.65999984741211,22.1299991607666,21.8700008392334,181000,21.8700008392334
2018-06-11,22.415000915527344,21.440000534057617,21.8799991607666,22.030000686645508,170100,22.030000686645508
2018-06-12,23.90999984741211,22.15999984741211,22.290000915527344,22.700000762939453,192600,22.700000762939453
2018-06-13,23.639999389648438,22.40999984741211,22.889999389648438,23.3700008392334,174000,23.3700008392334
2018-06-14,24.489999771118164,23.139999389648438,23.389999389648438,24.360000610351562,151100,24.360000610351562
2018-06-15,25.239999771118164,23.775999069213867,24.260000228881836,24.950000762939453,526600,24.950000762939453
2018-06-18,24.739999771118164,23.344999313354492,24.739999771118164,23.729999542236328,151700,23.729999542236328
2018-06-19,26.909000396728516,23.530000686645508,23.84000015258789,25.93000030517578,423700,25.93000030517578
2018-06-20,26.611000061035156,25.010000228881836,26.030000686645508,25.59000015258789,179600,25.59000015258789
2018-06-21,26.270000457763672,25.459999084472656,25.65999984741211,25.920000076293945,184200,25.920000076293945
2018-06-22,27.799999237060547,25.06999969482422,25.969999313354492,26.219999313354492,606200,26.219999313354492
2018-06-25,26.768999099731445,25.170000076293945,26.010000228881836,26.3700008392334,146900,26.3700008392334
2018-06-26,26.889999389648438,25.459999084472656,26.350000381469727,25.59000015258789,93400,25.59000015258789
2018-06-27,25.81999969482422,24.086000442504883,25.600000381469727,24.350000381469727,197800,24.350000381469727
2018-06-28,24.920000076293945,23.760000228881836,24.450000762939453,24.280000686645508,143400,24.280000686645508
2018-06-29,24.610000610351562,23.614999771118164,24.510000228881836,23.709999084472656,164400,23.709999084472656
2018-07-02,25.389999389648438,23.606000900268555,23.809999465942383,25.309999465942383,126700,25.309999465942383
2018-07-03,25.71500015258789,25.149999618530273,25.440000534057617,25.18000030517578,52200,25.18000030517578
2018-07-05,25.84000015258789,24.329999923706055,25.3799991607666,24.700000762939453,122600,24.700000762939453
2018-07-06,25.899999618530273,24.450000762939453,24.799999237060547,25.520000457763672,190000,25.520000457763672
2018-07-09,25.90999984741211,23.700000762939453,25.610000610351562,24.760000228881836,334700,24.760000228881836
2018-07-10,25.3799991607666,23.709999084472656,24.760000228881836,24.139999389648438,336000,24.139999389648438
2018-07-11,26.0,23.983999252319336,24.25,25.329999923706055,233000,25.329999923706055
2018-07-12,28.493000030517578,25.549999237060547,25.549999237060547,27.600000381469727,383500,27.600000381469727
2018-07-13,28.260000228881836,27.06399917602539,27.59000015258789,27.799999237060547,161200,27.799999237060547
2018-07-16,29.420000076293945,27.7549991607666,28.350000381469727,28.469999313354492,241300,28.469999313354492
2018-07-17,29.0,27.93000030517578,28.020000457763672,27.950000762939453,219200,27.950000762939453
2018-07-18,30.290000915527344,27.889999389648438,28.15999984741211,29.15999984741211,175800,29.15999984741211
2018-07-19,30.450000762939453,28.3700008392334,28.979999542236328,30.25,136800,30.25
2018-07-20,31.875,30.18000030517578,30.229999542236328,30.729999542236328,189500,30.729999542236328
2018-07-23,33.2400016784668,30.489999771118164,30.489999771118164,32.459999084472656,291800,32.459999084472656
2018-07-24,33.0,31.3799991607666,32.45000076293945,32.22999954223633,213500,32.22999954223633
2018-07-25,33.97999954223633,31.540000915527344,32.22999954223633,32.9900016784668,236000,32.9900016784668
2018-07-26,35.0,30.84000015258789,32.97999954223633,30.899999618530273,340000,30.899999618530273
2018-07-27,32.15999984741211,30.0,31.110000610351562,30.559999465942383,171900,30.559999465942383
2018-07-30,31.795000076293945,30.329999923706055,30.459999084472656,31.399999618530273,140000,31.399999618530273
2018-07-31,32.20000076293945,30.780000686645508,31.899999618530273,31.6200008392334,185400,31.6200008392334
2018-08-01,31.895000457763672,30.889999389648438,31.440000534057617,31.860000610351562,108800,31.860000610351562
2018-08-02,35.97999954223633,31.6200008392334,31.760000228881836,35.18000030517578,404500,35.18000030517578
2018-08-03,38.060001373291016,33.52000045776367,34.75,33.869998931884766,323300,33.869998931884766
2018-08-06,34.7400016784668,33.08000183105469,33.90999984741211,34.189998626708984,207200,34.189998626708984
2018-08-07,40.75,33.4900016784668,35.189998626708984,38.9900016784668,1073400,38.9900016784668
2018-08-08,39.85499954223633,33.779998779296875,38.720001220703125,35.54999923706055,412100,35.54999923706055
2018-08-09,37.9119987487793,34.72999954223633,35.560001373291016,36.599998474121094,209800,36.599998474121094
2018-08-10,38.47999954223633,34.650001525878906,35.560001373291016,34.93000030517578,357000,34.93000030517578
2018-08-13,36.5,34.58000183105469,35.119998931884766,35.959999084472656,220500,35.959999084472656
2018-08-14,38.0,36.11000061035156,36.11000061035156,37.36000061035156,162500,37.36000061035156
2018-08-15,38.034000396728516,35.02000045776367,37.709999084472656,35.099998474121094,223400,35.099998474121094
2018-08-16,36.27000045776367,34.279998779296875,35.09000015258789,35.7400016784668,130400,35.7400016784668
2018-08-17,36.39699935913086,35.5,35.77000045776367,35.88999938964844,121900,35.88999938964844
2018-08-20,36.4900016784668,34.099998474121094,36.0,34.689998626708984,192200,34.689998626708984
2018-08-21,35.939998626708984,34.459999084472656,34.7599983215332,35.349998474121094,870200,35.349998474121094
2018-08-22,35.70500183105469,33.97999954223633,35.060001373291016,34.0,250600,34.0
2018-08-23,34.40999984741211,32.310001373291016,34.0,34.11000061035156,159200,34.11000061035156
2018-08-24,34.88999938964844,32.5,34.11000061035156,32.630001068115234,123300,32.630001068115234
2018-08-27,33.7599983215332,32.380001068115234,32.380001068115234,33.119998931884766,414100,33.119998931884766
2018-08-28,27.332000732421875,23.559999465942383,23.729999542236328,24.729999542236328,1927300,24.729999542236328
2018-08-29,26.479999542236328,24.799999237060547,25.0,25.229999542236328,952400,25.229999542236328
2018-08-30,25.989999771118164,24.75,25.06999969482422,25.59000015258789,401700,25.59000015258789
2018-08-31,26.844999313354492,25.3799991607666,25.84000015258789,26.40999984741211,349400,26.40999984741211
2018-09-04,26.739999771118164,25.219999313354492,26.5,26.440000534057617,368700,26.440000534057617
2018-09-05,27.56999969482422,25.65999984741211,26.360000610351562,27.149999618530273,257700,27.149999618530273
2018-09-06,27.799999237060547,26.93000030517578,27.43000030517578,27.229999542236328,356800,27.229999542236328
2018-09-07,26.8700008392334,24.51799964904785,25.479999542236328,26.170000076293945,368800,26.170000076293945
2018-09-10,26.739999771118164,24.520000457763672,26.40999984741211,24.920000076293945,337400,24.920000076293945
2018-09-11,25.42799949645996,24.479999542236328,24.6200008392334,25.0,198100,25.0
2018-09-12,25.06999969482422,24.079999923706055,24.530000686645508,24.8700008392334,184900,24.8700008392334
2018-09-13,25.329999923706055,24.110000610351562,25.0,24.3799991607666,167400,24.3799991607666
2018-09-14,24.65999984741211,23.719999313354492,24.65999984741211,24.15999984741211,216700,24.15999984741211
2018-09-17,25.600000381469727,24.149999618530273,24.15999984741211,24.850000381469727,220200,24.850000381469727
2018-09-18,27.23900032043457,25.836999893188477,26.0,26.5,257400,26.5
2018-09-19,27.780000686645508,26.1299991607666,26.40999984741211,27.049999237060547,257400,27.049999237060547
2018-09-20,29.25,27.270000457763672,27.270000457763672,28.920000076293945,270000,28.920000076293945
2018-09-21,29.06999969482422,27.3700008392334,29.06999969482422,27.979999542236328,447900,27.979999542236328
2018-09-24,33.41999816894531,28.079999923706055,28.079999923706055,33.08000183105469,719300,33.08000183105469
2018-09-25,37.72999954223633,31.77400016784668,33.47999954223633,37.18000030517578,590200,37.18000030517578
2018-09-26,37.29999923706055,33.31999969482422,37.0,33.9900016784668,274000,33.9900016784668
2018-09-27,36.4900016784668,33.75,33.86000061035156,35.290000915527344,158300,35.290000915527344
2018-09-28,35.529998779296875,33.880001068115234,35.47999954223633,35.02000045776367,150300,35.02000045776367
2018-10-01,35.290000915527344,33.04999923706055,35.02000045776367,33.68000030517578,181800,33.68000030517578
2018-10-02,33.72999954223633,30.22800064086914,33.540000915527344,31.15999984741211,264600,31.15999984741211
2018-10-03,32.58000183105469,31.165000915527344,31.260000228881836,31.8700008392334,113800,31.8700008392334
2018-10-04,31.884000778198242,29.469999313354492,31.81999969482422,30.510000228881836,217200,30.510000228881836
2018-10-05,33.79999923706055,30.700000762939453,31.5,31.850000381469727,211900,31.850000381469727
2018-10-08,33.7869987487793,26.674999237060547,32.119998931884766,28.5,928600,28.5
2018-10-09,31.329999923706055,28.770000457763672,29.479999542236328,29.90999984741211,553600,29.90999984741211
2018-10-10,30.34000015258789,26.770000457763672,29.8799991607666,27.030000686645508,290700,27.030000686645508
2018-10-11,27.3799991607666,25.6299991607666,27.06999969482422,25.760000228881836,293100,25.760000228881836
2018-10-12,26.75200080871582,22.829999923706055,26.149999618530273,23.309999465942383,433100,23.309999465942383
2018-10-15,23.715999603271484,22.56999969482422,23.40999984741211,22.850000381469727,318900,22.850000381469727
2018-10-16,25.579999923706055,22.600000381469727,22.809999465942383,24.84000015258789,320900,24.84000015258789
2018-10-17,24.780000686645508,22.950000762939453,24.719999313354492,23.770000457763672,585200,23.770000457763672
2018-10-18,23.75,22.260000228881836,23.600000381469727,22.809999465942383,235500,22.809999465942383
2018-10-19,24.75,22.131000518798828,22.81999969482422,23.549999237060547,266400,23.549999237060547
2018-10-22,23.649999618530273,21.520000457763672,23.6299991607666,22.09000015258789,172500,22.09000015258789
2018-10-23,23.31999969482422,21.049999237060547,21.600000381469727,21.920000076293945,250400,21.920000076293945
2018-10-24,22.469999313354492,21.170000076293945,21.940000534057617,21.450000762939453,282400,21.450000762939453
2018-10-25,22.65999984741211,20.885000228881836,21.65999984741211,22.260000228881836,522400,22.260000228881836
2018-10-26,22.860000610351562,20.799999237060547,21.989999771118164,22.75,345400,22.75
2018-10-29,24.93000030517578,22.030000686645508,23.030000686645508,23.8799991607666,487600,23.8799991607666
2018-10-30,25.014999389648438,23.459999084472656,23.860000610351562,24.1200008392334,309400,24.1200008392334
2018-10-31,24.5,22.100000381469727,24.5,22.31999969482422,393000,22.31999969482422
2018-11-01,23.774999618530273,21.270000457763672,22.399999618530273,23.549999237060547,683800,23.549999237060547
2018-11-02,26.239999771118164,23.229999542236328,23.530000686645508,25.3700008392334,1009600,25.3700008392334
2018-11-05,27.219999313354492,24.260000228881836,25.360000610351562,27.0,578800,27.0
2018-11-06,28.0,26.075000762939453,27.100000381469727,27.229999542236328,541500,27.229999542236328
2018-11-07,28.290000915527344,25.5,27.200000762939453,26.030000686645508,421900,26.030000686645508
2018-11-08,27.110000610351562,25.040000915527344,26.0,25.540000915527344,262800,25.540000915527344
2018-11-09,26.670000076293945,24.489999771118164,25.389999389648438,25.489999771118164,306300,25.489999771118164
2018-11-12,26.84000015258789,24.375,25.389999389648438,26.079999923706055,344300,26.079999923706055
2018-11-13,26.65999984741211,25.510000228881836,26.299999237060547,26.149999618530273,295500,26.149999618530273
2018-11-14,27.700000762939453,26.100000381469727,26.299999237060547,26.989999771118164,186900,26.989999771118164
2018-11-15,28.235000610351562,26.899999618530273,27.059999465942383,28.170000076293945,289400,28.170000076293945
2018-11-16,30.399999618530273,28.0,28.0,29.979999542236328,532300,29.979999542236328
2018-11-19,30.229999542236328,28.34000015258789,29.709999084472656,29.65999984741211,199500,29.65999984741211
2018-11-20,30.399999618530273,28.549999237060547,29.25,29.360000610351562,279700,29.360000610351562
2018-11-21,29.829999923706055,28.729999542236328,29.40999984741211,29.739999771118164,176000,29.739999771118164
2018-11-23,31.450000762939453,29.450000762939453,29.520000457763672,30.309999465942383,112700,30.309999465942383
2018-11-26,31.979999542236328,30.100000381469727,30.610000610351562,31.59000015258789,246000,31.59000015258789
2018-11-27,32.779998779296875,31.25,31.25,31.979999542236328,153400,31.979999542236328
2018-11-28,32.97999954223633,31.28499984741211,32.0099983215332,32.84000015258789,193500,32.84000015258789
2018-11-29,33.9900016784668,32.130001068115234,32.970001220703125,32.9900016784668,280600,32.9900016784668
2018-11-30,34.0,32.790000915527344,33.0,33.88999938964844,192200,33.88999938964844
2018-12-03,34.900001525878906,33.400001525878906,34.43000030517578,34.04999923706055,237500,34.04999923706055
2018-12-04,34.209999084472656,31.315000534057617,34.08000183105469,32.0,285500,32.0
2018-12-06,32.56999969482422,30.350000381469727,30.950000762939453,32.11000061035156,137100,32.11000061035156
2018-12-07,32.61000061035156,30.670000076293945,32.189998626708984,31.709999084472656,137000,31.709999084472656
2018-12-10,32.650001525878906,30.56999969482422,31.459999084472656,31.760000228881836,107900,31.760000228881836
2018-12-11,32.650001525878906,30.899999618530273,32.119998931884766,32.04999923706055,121200,32.04999923706055
2018-12-12,33.689998626708984,31.709999084472656,32.099998474121094,32.27000045776367,145600,32.27000045776367
2018-12-13,32.459999084472656,31.43000030517578,32.459999084472656,31.600000381469727,97300,31.600000381469727
2018-12-14,32.09600067138672,30.1200008392334,31.25,31.15999984741211,148100,31.15999984741211
2018-12-17,32.5099983215332,30.131000518798828,30.729999542236328,30.43000030517578,226300,30.43000030517578
2018-12-18,31.489999771118164,28.360000610351562,30.770000457763672,29.270000457763672,212400,29.270000457763672
2018-12-19,30.66699981689453,28.631000518798828,29.3700008392334,29.149999618530273,145500,29.149999618530273
2018-12-20,29.850000381469727,27.760000228881836,29.030000686645508,28.360000610351562,166600,28.360000610351562
2018-12-21,28.56999969482422,25.90999984741211,28.56999969482422,25.93000030517578,640900,25.93000030517578
2018-12-24,26.739999771118164,25.350000381469727,25.799999237060547,25.59000015258789,84900,25.59000015258789
2018-12-26,28.110000610351562,25.270000457763672,25.639999389648438,27.979999542236328,135100,27.979999542236328
2018-12-27,29.280000686645508,26.836000442504883,27.34000015258789,28.760000228881836,169100,28.760000228881836
2018-12-28,30.165000915527344,28.34000015258789,28.770000457763672,29.520000457763672,209600,29.520000457763672
2018-12-31,30.610000610351562,29.3799991607666,29.93000030517578,30.139999389648438,273500,30.139999389648438
2019-01-02,30.78499984741211,28.639999389648438,29.670000076293945,30.729999542236328,170200,30.729999542236328
2019-01-03,32.349998474121094,29.922000885009766,30.5,30.15999984741211,174000,30.15999984741211
2019-01-04,30.799999237060547,28.610000610351562,30.65999984741211,29.700000762939453,185800,29.700000762939453
2019-01-07,33.040000915527344,29.700000762939453,29.700000762939453,32.36000061035156,361700,32.36000061035156
2019-01-08,33.380001068115234,31.81999969482422,32.75,32.15999984741211,173600,32.15999984741211
2019-01-09,33.29499816894531,31.940000534057617,32.349998474121094,32.470001220703125,154100,32.470001220703125
2019-01-10,33.97999954223633,32.209999084472656,32.279998779296875,33.029998779296875,260900,33.029998779296875
2019-01-11,33.26300048828125,31.260000228881836,32.939998626708984,31.899999618530273,111100,31.899999618530273
2019-01-14,31.600000381469727,30.0,31.600000381469727,30.729999542236328,140300,30.729999542236328
2019-01-15,31.81800079345703,30.323999404907227,30.8799991607666,30.639999389648438,93300,30.639999389648438
2019-01-16,31.559999465942383,29.579999923706055,30.670000076293945,30.639999389648438,141400,30.639999389648438
2019-01-17,30.68000030517578,29.8799991607666,30.360000610351562,30.270000457763672,100300,30.270000457763672
2019-01-18,30.704999923706055,29.520000457763672,30.389999389648438,30.059999465942383,212200,30.059999465942383
2019-01-22,30.309999465942383,28.020000457763672,29.760000228881836,29.31999969482422,197100,29.31999969482422
2019-01-23,30.34000015258789,28.049999237060547,29.579999923706055,28.229999542236328,79800,28.229999542236328
2019-01-24,29.059999465942383,27.329999923706055,28.15999984741211,28.209999084472656,115400,28.209999084472656
2019-01-25,28.989999771118164,28.040000915527344,28.479999542236328,28.700000762939453,64000,28.700000762939453
2019-01-28,28.600000381469727,27.299999237060547,28.3799991607666,27.790000915527344,114100,27.790000915527344
2019-01-29,29.5,27.020000457763672,27.860000610351562,28.389999389648438,92900,28.389999389648438
2019-01-30,29.389999389648438,27.5,28.3700008392334,28.049999237060547,140500,28.049999237060547
2019-01-31,28.21500015258789,26.040000915527344,27.989999771118164,26.579999923706055,235200,26.579999923706055
2019-02-01,26.76099967956543,25.520000457763672,26.690000534057617,26.100000381469727,324300,26.100000381469727
2019-02-04,26.200000762939453,25.399999618530273,26.059999465942383,26.030000686645508,132900,26.030000686645508
2019-02-05,26.40999984741211,25.260000228881836,26.0,25.65999984741211,205300,25.65999984741211
2019-02-06,26.270000457763672,25.260000228881836,25.709999084472656,25.780000686645508,227200,25.780000686645508
2019-02-07,26.190000534057617,25.079999923706055,25.780000686645508,25.790000915527344,162600,25.790000915527344
2019-02-08,26.399999618530273,25.5,25.760000228881836,25.889999389648438,140700,25.889999389648438
2019-02-11,26.360000610351562,25.1200008392334,26.139999389648438,26.309999465942383,133000,26.309999465942383
2019-02-12,27.690000534057617,26.459999084472656,26.459999084472656,27.110000610351562,156600,27.110000610351562
2019-02-13,27.809999465942383,26.290000915527344,27.34000015258789,26.489999771118164,171500,26.489999771118164
2019-02-14,27.020000457763672,25.84000015258789,26.479999542236328,26.8799991607666,106900,26.8799991607666
2019-02-15,27.75,26.610000610351562,26.8799991607666,27.690000534057617,154300,27.690000534057617
2019-02-19,27.799999237060547,24.822999954223633,27.389999389648438,26.010000228881836,423200,26.010000228881836
2019-02-20,26.469999313354492,25.690000534057617,26.299999237060547,26.25,168400,26.25
2019-02-21,26.260000228881836,24.850000381469727,26.260000228881836,25.450000762939453,164000,25.450000762939453
2019-02-22,27.399999618530273,25.600000381469727,25.600000381469727,27.34000015258789,469600,27.34000015258789
2019-02-25,32.650001525878906,28.0,28.0,31.90999984741211,911500,31.90999984741211
2019-02-26,31.90999984741211,29.0,31.889999389648438,29.0,574000,29.0
2019-02-27,32.7400016784668,29.39900016784668,29.989999771118164,31.450000762939453,586900,31.450000762939453
2019-02-28,35.81999969482422,31.030000686645508,31.030000686645508,34.029998779296875,479800,34.029998779296875
2019-03-01,34.95500183105469,32.52000045776367,34.22999954223633,32.7599983215332,335100,32.7599983215332
2019-03-04,33.308998107910156,31.68000030517578,32.70000076293945,32.060001373291016,244800,32.060001373291016
2019-03-05,34.040000915527344,31.540000915527344,31.889999389648438,32.54999923706055,352200,32.54999923706055
2019-03-06,32.54600143432617,30.280000686645508,32.459999084472656,31.219999313354492,324500,31.219999313354492
2019-03-07,31.299999237060547,30.040000915527344,31.299999237060547,30.350000381469727,146100,30.350000381469727
2019-03-08,31.0,29.719999313354492,29.93000030517578,30.479999542236328,357000,30.479999542236328
2019-03-11,30.639999389648438,29.260000228881836,30.59000015258789,30.450000762939453,297800,30.450000762939453
2019-03-12,30.8700008392334,29.770000457763672,30.3799991607666,30.280000686645508,321800,30.280000686645508
2019-03-13,30.756000518798828,29.229999542236328,30.25,29.799999237060547,277800,29.799999237060547
2019-03-14,29.979999542236328,29.010000228881836,29.75,29.459999084472656,224800,29.459999084472656
2019-03-15,30.43000030517578,29.415000915527344,29.670000076293945,30.010000228881836,1257000,30.010000228881836
2019-03-18,30.780000686645508,28.711000442504883,30.25,30.1200008392334,427300,30.1200008392334
2019-03-19,30.559999465942383,29.1200008392334,30.239999771118164,29.450000762939453,154300,29.450000762939453
2019-03-20,29.719999313354492,28.559999465942383,29.389999389648438,28.93000030517578,172500,28.93000030517578
2019-03-21,29.600000381469727,28.670000076293945,28.729999542236328,29.440000534057617,155500,29.440000534057617
2019-03-22,29.899999618530273,27.700000762939453,29.309999465942383,27.850000381469727,212300,27.850000381469727
2019-03-25,28.920000076293945,26.719999313354492,28.639999389648438,27.34000015258789,198900,27.34000015258789
2019-03-26,28.58099937438965,27.450000762939453,27.549999237060547,28.31999969482422,123300,28.31999969482422
2019-03-27,28.420000076293945,27.149999618530273,28.389999389648438,27.829999923706055,162000,27.829999923706055
2019-03-28,28.674999237060547,27.360000610351562,27.8799991607666,28.360000610351562,132100,28.360000610351562
2019-03-29,28.6299991607666,27.979999542236328,28.6299991607666,28.329999923706055,84100,28.329999923706055
2019-04-01,28.690000534057617,27.8700008392334,28.690000534057617,28.3799991607666,127400,28.3799991607666
2019-04-02,29.190000534057617,28.209999084472656,28.40999984741211,28.860000610351562,149600,28.860000610351562
2019-04-03,30.09000015258789,28.959999084472656,28.959999084472656,29.8799991607666,151300,29.8799991607666
2019-04-04,31.079999923706055,29.31999969482422,29.969999313354492,30.989999771118164,227900,30.989999771118164
2019-04-05,32.56999969482422,31.010000228881836,31.190000534057617,32.31999969482422,369000,32.31999969482422
2019-04-08,32.349998474121094,30.899999618530273,32.20000076293945,31.549999237060547,290800,31.549999237060547
2019-04-09,31.575000762939453,30.479999542236328,31.420000076293945,30.59000015258789,171700,30.59000015258789
2019-04-10,31.139999389648438,30.0,30.610000610351562,31.030000686645508,260200,31.030000686645508
2019-04-11,31.149999618530273,29.760000228881836,31.030000686645508,29.780000686645508,171100,29.780000686645508
2019-04-12,30.010000228881836,29.100000381469727,30.0,29.3799991607666,176800,29.3799991607666
2019-04-15,29.524999618530273,27.799999237060547,29.479999542236328,28.469999313354492,178000,28.469999313354492
2019-04-16,29.15999984741211,28.05500030517578,28.600000381469727,28.989999771118164,146500,28.989999771118164
2019-04-17,29.170000076293945,26.889999389648438,29.0,27.469999313354492,324300,27.469999313354492
2019-04-18,28.05500030517578,26.139999389648438,27.3700008392334,27.0,192800,27.0
2019-04-22,27.469999313354492,26.75,26.920000076293945,26.969999313354492,222800,26.969999313354492
2019-04-23,28.329999923706055,26.6200008392334,26.809999465942383,28.15999984741211,132800,28.15999984741211
2019-04-24,28.3799991607666,27.459999084472656,28.280000686645508,27.850000381469727,205700,27.850000381469727
2019-04-25,28.04400062561035,27.020000457763672,27.719999313354492,27.3799991607666,115800,27.3799991607666
2019-04-26,27.59000015258789,26.989999771118164,27.3799991607666,27.43000030517578,134900,27.43000030517578
2019-04-29,27.344999313354492,25.780000686645508,26.260000228881836,26.020000457763672,291600,26.020000457763672
2019-04-30,26.200000762939453,24.440000534057617,25.729999542236328,25.09000015258789,231500,25.09000015258789
2019-05-01,25.850000381469727,24.850000381469727,24.969999313354492,25.059999465942383,217400,25.059999465942383
2019-05-02,25.65999984741211,25.09000015258789,25.25,25.40999984741211,102100,25.40999984741211
2019-05-03,26.059999465942383,25.09000015258789,25.6200008392334,26.010000228881836,131100,26.010000228881836
2019-05-06,26.440000534057617,25.420000076293945,25.530000686645508,26.139999389648438,95700,26.139999389648438
2019-05-07,26.139999389648438,24.760000228881836,26.110000610351562,24.81999969482422,214900,24.81999969482422
2019-05-08,25.600000381469727,24.149999618530273,24.780000686645508,25.06999969482422,195400,25.06999969482422
2019-05-09,25.0,22.420000076293945,24.770000457763672,23.0,615000,23.0
2019-05-10,23.209999084472656,22.200000762939453,23.049999237060547,22.6299991607666,274000,22.6299991607666
2019-05-13,23.420000076293945,21.520000457763672,22.09000015258789,21.670000076293945,238700,21.670000076293945
2019-05-14,21.90999984741211,21.18000030517578,21.799999237060547,21.489999771118164,201600,21.489999771118164
2019-05-15,21.860000610351562,21.104000091552734,21.200000762939453,21.729999542236328,265900,21.729999542236328
2019-05-16,22.68000030517578,21.520000457763672,21.790000915527344,21.729999542236328,182000,21.729999542236328
2019-05-17,21.450000762939453,20.6200008392334,21.31999969482422,20.68000030517578,242000,20.68000030517578
2019-05-20,20.52899932861328,19.670000076293945,20.40999984741211,19.920000076293945,425100,19.920000076293945
2019-05-21,22.440000534057617,20.040000915527344,20.049999237060547,22.170000076293945,289000,22.170000076293945
2019-05-22,22.378999710083008,20.809999465942383,21.950000762939453,21.0,176000,21.0
2019-05-23,21.40999984741211,20.579999923706055,20.809999465942383,21.3700008392334,176100,21.3700008392334
2019-05-24,22.34000015258789,21.1200008392334,21.479999542236328,21.200000762939453,107500,21.200000762939453
2019-05-28,21.84000015258789,20.829999923706055,21.190000534057617,21.600000381469727,128200,21.600000381469727
2019-05-29,21.65999984741211,20.889999389648438,21.25,21.440000534057617,107400,21.440000534057617
2019-05-30,22.6299991607666,21.549999237060547,21.549999237060547,21.719999313354492,124100,21.719999313354492
2019-05-31,21.836999893188477,20.885000228881836,21.639999389648438,21.040000915527344,157500,21.040000915527344
2019-06-03,22.5,21.010000228881836,21.010000228881836,21.889999389648438,136700,21.889999389648438
2019-06-04,22.280000686645508,21.479999542236328,22.149999618530273,22.190000534057617,126000,22.190000534057617
2019-06-05,23.136999130249023,22.280000686645508,22.299999237060547,22.940000534057617,155400,22.940000534057617
2019-06-06,23.0,21.5,22.709999084472656,21.520000457763672,111400,21.520000457763672
2019-06-07,21.87700080871582,21.049999237060547,21.530000686645508,21.639999389648438,102900,21.639999389648438
2019-06-10,22.920000076293945,21.739999771118164,21.739999771118164,21.989999771118164,129200,21.989999771118164
2019-06-11,22.610000610351562,21.15999984741211,22.190000534057617,21.25,105900,21.25
2019-06-12,22.316999435424805,21.049999237060547,21.200000762939453,22.020000457763672,148300,22.020000457763672
2019-06-13,22.920000076293945,21.860000610351562,22.149999618530273,22.8799991607666,117200,22.8799991607666
2019-06-14,23.799999237060547,22.700000762939453,22.81999969482422,22.739999771118164,127300,22.739999771118164
2019-06-17,24.75,22.950000762939453,23.049999237060547,24.389999389648438,250000,24.389999389648438
2019-06-18,25.31999969482422,23.760000228881836,24.559999465942383,23.979999542236328,121300,23.979999542236328
2019-06-19,24.5310001373291,22.799999237060547,24.049999237060547,22.799999237060547,186500,22.799999237060547
2019-06-20,23.809999465942383,22.854999542236328,23.0,22.899999618530273,284600,22.899999618530273
2019-06-21,24.700000762939453,22.790000915527344,22.790000915527344,24.260000228881836,756200,24.260000228881836
2019-06-24,24.1299991607666,23.030000686645508,24.049999237060547,23.06999969482422,298200,23.06999969482422
2019-06-25,24.06999969482422,22.920000076293945,23.270000457763672,23.200000762939453,213800,23.200000762939453
2019-06-26,23.729999542236328,22.0,23.299999237060547,23.469999313354492,276000,23.469999313354492
2019-06-27,24.0,22.760000228881836,23.450000762939453,23.1200008392334,229900,23.1200008392334
2019-06-28,23.514999389648438,22.440000534057617,23.110000610351562,23.450000762939453,328400,23.450000762939453
2019-07-01,24.309999465942383,23.450000762939453,23.729999542236328,23.579999923706055,197600,23.579999923706055
2019-07-02,23.739999771118164,22.200000762939453,23.530000686645508,22.43000030517578,216300,22.43000030517578
2019-07-03,22.920000076293945,22.229999542236328,22.75,22.860000610351562,98500,22.860000610351562
2019-07-05,22.969999313354492,21.979999542236328,22.8700008392334,22.229999542236328,188400,22.229999542236328
2019-07-08,22.959999084472656,21.790000915527344,22.040000915527344,22.600000381469727,258700,22.600000381469727
2019-07-09,23.5,22.170000076293945,22.459999084472656,23.459999084472656,125900,23.459999084472656
2019-07-10,24.350000381469727,23.459999084472656,23.59000015258789,24.31999969482422,248100,24.31999969482422
2019-07-11,24.8799991607666,24.1299991607666,24.350000381469727,24.559999465942383,162100,24.559999465942383
2019-07-12,25.65999984741211,24.329999923706055,24.709999084472656,25.34000015258789,204500,25.34000015258789
2019-07-15,25.577999114990234,23.3700008392334,25.3799991607666,23.479999542236328,235900,23.479999542236328
2019-07-16,23.780000686645508,22.309999465942383,23.520000457763672,22.34000015258789,252700,22.34000015258789
2019-07-17,22.43000030517578,21.625,22.43000030517578,22.239999771118164,277100,22.239999771118164
2019-07-18,22.34000015258789,21.309999465942383,22.270000457763672,22.06999969482422,223400,22.06999969482422
2019-07-19,22.3700008392334,21.93899917602539,21.950000762939453,22.0,181700,22.0
2019-07-22,22.860000610351562,21.59000015258789,21.920000076293945,22.43000030517578,150700,22.43000030517578
2019-07-23,22.489999771118164,21.43000030517578,22.489999771118164,21.520000457763672,135000,21.520000457763672
2019-07-24,22.489999771118164,20.520000457763672,20.639999389648438,22.110000610351562,351700,22.110000610351562
2019-07-25,22.43000030517578,21.510000228881836,22.110000610351562,21.56999969482422,135000,21.56999969482422
2019-07-26,22.145000457763672,21.719999313354492,21.90999984741211,22.049999237060547,115500,22.049999237060547
2019-07-29,22.229999542236328,21.530000686645508,22.059999465942383,21.780000686645508,99500,21.780000686645508
2019-07-30,22.510000228881836,21.559999465942383,21.559999465942383,22.299999237060547,142000,22.299999237060547
2019-07-31,22.69499969482422,21.600000381469727,22.34000015258789,21.6299991607666,180700,21.6299991607666
2019-08-01,22.139999389648438,21.53700065612793,21.6200008392334,21.639999389648438,141200,21.639999389648438
2019-08-02,22.020999908447266,20.65999984741211,21.6200008392334,20.809999465942383,208800,20.809999465942383
2019-08-05,20.950000762939453,19.079999923706055,20.5,19.610000610351562,363200,19.610000610351562
2019-08-06,20.809999465942383,19.350000381469727,19.899999618530273,20.459999084472656,318600,20.459999084472656
2019-08-07,23.979999542236328,20.540000915527344,20.540000915527344,21.59000015258789,553600,21.59000015258789
2019-08-08,22.489999771118164,21.15999984741211,21.790000915527344,21.969999313354492,195200,21.969999313354492
2019-08-09,22.75,21.6299991607666,22.3799991607666,22.290000915527344,214600,22.290000915527344
2019-08-12,22.700000762939453,21.454999923706055,22.06999969482422,21.850000381469727,234900,21.850000381469727
2019-08-13,22.389999389648438,20.90999984741211,21.790000915527344,21.450000762939453,202300,21.450000762939453
2019-08-14,22.290000915527344,20.8799991607666,21.0,21.479999542236328,268100,21.479999542236328
2019-08-15,21.860000610351562,20.290000915527344,21.489999771118164,20.56999969482422,131100,20.56999969482422
2019-08-16,21.540000915527344,20.600000381469727,20.8799991607666,21.280000686645508,136200,21.280000686645508
2019-08-19,22.0,20.799999237060547,21.440000534057617,21.950000762939453,102200,21.950000762939453
2019-08-20,22.6299991607666,21.600000381469727,21.8700008392334,22.280000686645508,100900,22.280000686645508
2019-08-21,22.700000762939453,21.665000915527344,22.440000534057617,22.059999465942383,123800,22.059999465942383
2019-08-22,22.200000762939453,21.399999618530273,22.09000015258789,21.709999084472656,97000,21.709999084472656
2019-08-23,22.5,21.1200008392334,21.6200008392334,21.25,135500,21.25
2019-08-26,21.719999313354492,20.579999923706055,21.530000686645508,20.809999465942383,111900,20.809999465942383
2019-08-27,21.010000228881836,19.6299991607666,20.950000762939453,19.850000381469727,137100,19.850000381469727
2019-08-28,20.719999313354492,19.600000381469727,19.760000228881836,20.420000076293945,74700,20.420000076293945
2019-08-29,21.350000381469727,20.479999542236328,20.709999084472656,21.270000457763672,85700,21.270000457763672
2019-08-30,21.809999465942383,21.010000228881836,21.450000762939453,21.059999465942383,102100,21.059999465942383
2019-09-03,21.239999771118164,19.93000030517578,21.06999969482422,20.040000915527344,109800,20.040000915527344
2019-09-04,20.520000457763672,19.020000457763672,20.15999984741211,19.850000381469727,125900,19.850000381469727
2019-09-05,20.469999313354492,19.56999969482422,20.110000610351562,20.239999771118164,99000,20.239999771118164
2019-09-06,20.719999313354492,19.309999465942383,20.280000686645508,19.389999389648438,156500,19.389999389648438
2019-09-09,20.309999465942383,18.68000030517578,19.420000076293945,19.989999771118164,160500,19.989999771118164
2019-09-10,21.700000762939453,19.850000381469727,19.920000076293945,21.579999923706055,271600,21.579999923706055
2019-09-11,22.31999969482422,21.299999237060547,21.600000381469727,22.170000076293945,174400,22.170000076293945
2019-09-12,22.200000762939453,20.75,22.200000762939453,21.040000915527344,164300,21.040000915527344
2019-09-13,21.649999618530273,20.3799991607666,21.040000915527344,20.950000762939453,136700,20.950000762939453
2019-09-16,22.260000228881836,20.6200008392334,21.5,22.219999313354492,185600,22.219999313354492
2019-09-17,22.6299991607666,21.690000534057617,22.100000381469727,22.1299991607666,125900,22.1299991607666
2019-09-18,22.139999389648438,21.28499984741211,22.030000686645508,21.940000534057617,132200,21.940000534057617
2019-09-19,22.530000686645508,21.229999542236328,21.969999313354492,22.469999313354492,121000,22.469999313354492
2019-09-20,22.790000915527344,21.739999771118164,22.3700008392334,22.459999084472656,413600,22.459999084472656
2019-09-23,20.940000534057617,16.540000915527344,20.100000381469727,18.03499984741211,1368400,18.03499984741211
2019-09-24,18.219999313354492,16.520000457763672,18.010000228881836,17.139999389648438,805100,17.139999389648438
2019-09-25,17.260000228881836,16.690000534057617,17.15999984741211,16.899999618530273,459400,16.899999618530273
2019-09-26,17.1299991607666,16.43000030517578,16.719999313354492,16.639999389648438,290000,16.639999389648438
2019-09-27,17.100000381469727,16.100000381469727,16.540000915527344,16.170000076293945,297100,16.170000076293945
2019-09-30,16.15999984741211,15.279999732971191,16.15999984741211,15.390000343322754,209100,15.390000343322754
2019-10-01,15.949999809265137,14.6899995803833,15.390000343322754,14.699999809265137,231900,14.699999809265137
2019-10-02,15.100000381469727,13.899999618530273,14.5600004196167,14.930000305175781,308400,14.930000305175781
2019-10-03,15.220000267028809,14.710000038146973,14.970000267028809,15.140000343322754,331100,15.140000343322754
2019-10-04,15.510000228881836,14.524999618530273,15.130000114440918,15.130000114440918,145600,15.130000114440918
2019-10-07,22.469999313354492,18.799999237060547,19.0,19.8700008392334,2220300,19.8700008392334
2019-10-08,19.68000030517578,18.34000015258789,19.309999465942383,18.860000610351562,552600,18.860000610351562
2019-10-09,19.850000381469727,18.799999237060547,18.799999237060547,19.739999771118164,294300,19.739999771118164
2019-10-10,20.059999465942383,19.350000381469727,19.770000457763672,19.65999984741211,288900,19.65999984741211
2019-10-11,20.190000534057617,19.15999984741211,19.84000015258789,19.75,199300,19.75
2019-10-14,20.190000534057617,19.459999084472656,19.709999084472656,19.549999237060547,116400,19.549999237060547
2019-10-15,20.229999542236328,19.360000610351562,19.6200008392334,20.139999389648438,171700,20.139999389648438
2019-10-16,20.350000381469727,19.549999237060547,19.959999084472656,19.56999969482422,367400,19.56999969482422
2019-10-17,19.899999618530273,17.920000076293945,19.690000534057617,18.93000030517578,529900,18.93000030517578
2019-10-18,19.170000076293945,17.860000610351562,18.770000457763672,18.079999923706055,343800,18.079999923706055
2019-10-21,19.06999969482422,18.06999969482422,18.34000015258789,18.940000534057617,300700,18.940000534057617
2019-10-22,19.329999923706055,18.06999969482422,19.059999465942383,18.1299991607666,129200,18.1299991607666
2019-10-23,18.200000762939453,17.559999465942383,18.020000457763672,18.110000610351562,147800,18.110000610351562
2019-10-24,18.389999389648438,17.809999465942383,18.170000076293945,18.06999969482422,115100,18.06999969482422
2019-10-25,18.90999984741211,18.010000228881836,18.010000228881836,18.6200008392334,112800,18.6200008392334
2019-10-28,18.93000030517578,18.260000228881836,18.700000762939453,18.489999771118164,136100,18.489999771118164
2019-10-29,18.8700008392334,18.2549991607666,18.489999771118164,18.600000381469727,126200,18.600000381469727
2019-10-30,18.969999313354492,18.329999923706055,18.68000030517578,18.799999237060547,128800,18.799999237060547
2019-10-31,18.75,18.170000076293945,18.709999084472656,18.329999923706055,137800,18.329999923706055
2019-11-01,18.920000076293945,18.200000762939453,18.459999084472656,18.34000015258789,150800,18.34000015258789
2019-11-04,18.6299991607666,18.170000076293945,18.549999237060547,18.290000915527344,108500,18.290000915527344
2019-11-05,18.874000549316406,18.209999084472656,18.290000915527344,18.229999542236328,130200,18.229999542236328
2019-11-06,20.5,17.700000762939453,18.479999542236328,19.809999465942383,371700,19.809999465942383
2019-11-07,20.559999465942383,19.0,19.84000015258789,19.170000076293945,285300,19.170000076293945
2019-11-08,19.614999771118164,19.079999923706055,19.149999618530273,19.309999465942383,165000,19.309999465942383
2019-11-11,19.56999969482422,19.045000076293945,19.190000534057617,19.3700008392334,113900,19.3700008392334
2019-11-12,19.540000915527344,19.049999237060547,19.290000915527344,19.229999542236328,83300,19.229999542236328
2019-11-13,19.6200008392334,18.6299991607666,19.049999237060547,19.260000228881836,163900,19.260000228881836
2019-11-14,19.3700008392334,18.950000762939453,19.209999084472656,19.110000610351562,133600,19.110000610351562
2019-11-15,19.520000457763672,19.0,19.229999542236328,19.309999465942383,169700,19.309999465942383
2019-11-18,19.489999771118164,18.610000610351562,19.209999084472656,18.760000228881836,196300,18.760000228881836
2019-11-19,19.344999313354492,18.65999984741211,18.700000762939453,19.079999923706055,149300,19.079999923706055
2019-11-20,21.0,19.25,19.329999923706055,20.639999389648438,560900,20.639999389648438
2019-11-21,20.649999618530273,19.31999969482422,20.600000381469727,19.329999923706055,252500,19.329999923706055
2019-11-22,19.459999084472656,18.649999618530273,19.459999084472656,18.825000762939453,295700,18.825000762939453
2019-11-25,19.520000457763672,18.889999389648438,19.25,19.020000457763672,312100,19.020000457763672
2019-11-26,19.06999969482422,18.68000030517578,19.059999465942383,18.729999542236328,259200,18.729999542236328
2019-11-27,18.940000534057617,18.3700008392334,18.790000915527344,18.489999771118164,289900,18.489999771118164
2019-11-29,19.92099952697754,18.420000076293945,18.440000534057617,19.469999313354492,320100,19.469999313354492
2019-12-02,19.639999389648438,17.920000076293945,19.549999237060547,17.940000534057617,318700,17.940000534057617
2019-12-03,18.010000228881836,17.239999771118164,17.700000762939453,17.280000686645508,179000,17.280000686645508
2019-12-04,18.530000686645508,16.93000030517578,17.350000381469727,18.43000030517578,527200,18.43000030517578
2019-12-05,18.520000457763672,17.59000015258789,18.520000457763672,17.610000610351562,183000,17.610000610351562
2019-12-06,18.05500030517578,17.510000228881836,18.049999237060547,17.639999389648438,182300,17.639999389648438
2019-12-09,18.260000228881836,17.59000015258789,17.850000381469727,17.690000534057617,146700,17.690000534057617
2019-12-10,18.040000915527344,17.290000915527344,17.68000030517578,18.020000457763672,236600,18.020000457763672
2019-12-11,19.170000076293945,17.90999984741211,18.030000686645508,18.770000457763672,304900,18.770000457763672
2019-12-12,19.59000015258789,18.5,18.579999923706055,19.489999771118164,228800,19.489999771118164
2019-12-13,19.850000381469727,18.850000381469727,19.450000762939453,19.299999237060547,231800,19.299999237060547
2019-12-16,21.704999923706055,19.559999465942383,19.559999465942383,20.610000610351562,891200,20.610000610351562
2019-12-17,20.940000534057617,19.280000686645508,20.81999969482422,19.614999771118164,500300,19.614999771118164
2019-12-18,19.790000915527344,19.299999237060547,19.56999969482422,19.479999542236328,324800,19.479999542236328
2019-12-19,19.81999969482422,18.959999084472656,19.59000015258789,19.56999969482422,375000,19.56999969482422
2019-12-20,19.510000228881836,18.219999313354492,19.510000228881836,18.579999923706055,693000,18.579999923706055
2019-12-23,18.8799991607666,17.639999389648438,18.719999313354492,18.450000762939453,268900,18.450000762939453
2019-12-24,19.59000015258789,18.309999465942383,18.40999984741211,19.579999923706055,187100,19.579999923706055
2019-12-26,19.8700008392334,18.540000915527344,19.780000686645508,18.559999465942383,173900,18.559999465942383
2019-12-27,18.739999771118164,17.799999237060547,18.549999237060547,17.920000076293945,281000,17.920000076293945
2019-12-30,18.100000381469727,17.290000915527344,18.030000686645508,17.510000228881836,195100,17.510000228881836
2019-12-31,17.934999465942383,16.799999237060547,17.559999465942383,16.940000534057617,295800,16.940000534057617
2020-01-02,17.357999801635742,16.469999313354492,17.299999237060547,16.989999771118164,338700,16.989999771118164
2020-01-03,17.049999237060547,16.159000396728516,16.770000457763672,16.81999969482422,219000,16.81999969482422
2020-01-06,17.139999389648438,16.149999618530273,16.5,16.700000762939453,264500,16.700000762939453
2020-01-07,17.280000686645508,16.354999542236328,16.579999923706055,17.059999465942383,219400,17.059999465942383
2020-01-08,17.850000381469727,17.09000015258789,17.09000015258789,17.610000610351562,218300,17.610000610351562
2020-01-09,18.280000686645508,17.68000030517578,17.799999237060547,18.049999237060547,222600,18.049999237060547
2020-01-10,19.489999771118164,18.15999984741211,18.15999984741211,18.579999923706055,375600,18.579999923706055
2020-01-13,18.5,17.704999923706055,18.5,18.06999969482422,504100,18.06999969482422
2020-01-14,19.219999313354492,17.84000015258789,17.84000015258789,18.829999923706055,360600,18.829999923706055
2020-01-15,19.15999984741211,18.06999969482422,18.889999389648438,18.290000915527344,353300,18.290000915527344
2020-01-16,18.75,17.559999465942383,18.540000915527344,17.780000686645508,262800,17.780000686645508
2020-01-17,17.780000686645508,17.0,17.780000686645508,17.049999237060547,218800,17.049999237060547
2020-01-21,17.6299991607666,16.889999389648438,17.040000915527344,17.34000015258789,145400,17.34000015258789
2020-01-22,19.770000457763672,18.229999542236328,19.239999771118164,19.270000457763672,864800,19.270000457763672
2020-01-23,20.100000381469727,18.649999618530273,19.25,19.149999618530273,409500,19.149999618530273
2020-01-24,19.540000915527344,17.80500030517578,19.1299991607666,18.100000381469727,396800,18.100000381469727
2020-01-27,18.610000610351562,17.510000228881836,17.549999237060547,18.299999237060547,150500,18.299999237060547
2020-01-28,18.920000076293945,18.309999465942383,18.5,18.850000381469727,178000,18.850000381469727
2020-01-29,18.93000030517578,18.43000030517578,18.68000030517578,18.760000228881836,432900,18.760000228881836
2020-01-30,19.15999984741211,18.540000915527344,18.56999969482422,18.68000030517578,176500,18.68000030517578
2020-01-31,18.84000015258789,17.239999771118164,18.579999923706055,17.270000457763672,238700,17.270000457763672
2020-02-03,17.790000915527344,17.250999450683594,17.56999969482422,17.59000015258789,171900,17.59000015258789
2020-02-04,18.1200008392334,17.270000457763672,17.850000381469727,17.34000015258789,165800,17.34000015258789
2020-02-05,17.829999923706055,17.3799991607666,17.549999237060547,17.479999542236328,134700,17.479999542236328
2020-02-06,17.90999984741211,17.360000610351562,17.639999389648438,17.829999923706055,187900,17.829999923706055
2020-02-07,17.81999969482422,17.3700008392334,17.81999969482422,17.56999969482422,126200,17.56999969482422
2020-02-10,17.68000030517578,17.329999923706055,17.530000686645508,17.6200008392334,111000,17.6200008392334
2020-02-11,17.989999771118164,17.520000457763672,17.780000686645508,17.530000686645508,137200,17.530000686645508
2020-02-12,17.989999771118164,17.450000762939453,17.690000534057617,17.940000534057617,168800,17.940000534057617
2020-02-13,17.969999313354492,17.31999969482422,17.90999984741211,17.420000076293945,119300,17.420000076293945
2020-02-14,17.989999771118164,17.079999923706055,17.530000686645508,17.959999084472656,151300,17.959999084472656
2020-02-18,18.0,17.399999618530273,17.8700008392334,17.459999084472656,153900,17.459999084472656
2020-02-19,18.5,17.329999923706055,17.479999542236328,18.440000534057617,195600,18.440000534057617
2020-02-20,18.579999923706055,17.760000228881836,18.40999984741211,18.450000762939453,143100,18.450000762939453
2020-02-21,18.56999969482422,17.940000534057617,18.450000762939453,18.18000030517578,149500,18.18000030517578
2020-02-24,17.809999465942383,16.329999923706055,17.6200008392334,16.795000076293945,253200,16.795000076293945
2020-02-25,17.420000076293945,16.6299991607666,16.969999313354492,17.100000381469727,218700,17.100000381469727
2020-02-26,18.489999771118164,17.0049991607666,17.59000015258789,17.920000076293945,573600,17.920000076293945
2020-02-27,17.639999389648438,16.3700008392334,17.489999771118164,16.3799991607666,381900,16.3799991607666
2020-02-28,17.049999237060547,16.020000457763672,16.549999237060547,16.979999542236328,285100,16.979999542236328
2020-03-02,17.1299991607666,16.440000534057617,16.854999542236328,16.940000534057617,207500,16.940000534057617
2020-03-03,17.479999542236328,16.31999969482422,16.959999084472656,16.5,237300,16.5
2020-03-04,17.489999771118164,16.790000915527344,16.950000762939453,17.43000030517578,326000,17.43000030517578
2020-03-05,17.799999237060547,16.844999313354492,16.940000534057617,17.350000381469727,175100,17.350000381469727
2020-03-06,17.559999465942383,16.450000762939453,16.93000030517578,16.719999313354492,195400,16.719999313354492
2020-03-09,15.90999984741211,13.9350004196167,15.90999984741211,14.130000114440918,378500,14.130000114440918
2020-03-10,14.739999771118164,13.579999923706055,14.739999771118164,14.609999656677246,318800,14.609999656677246
2020-03-11,14.640000343322754,13.114999771118164,14.0,13.4399995803833,326500,13.4399995803833
2020-03-12,13.09000015258789,11.510000228881836,12.239999771118164,11.930000305175781,387600,11.930000305175781
2020-03-13,12.720000267028809,10.729999542236328,12.449999809265137,12.670000076293945,391800,12.670000076293945
2020-03-16,13.239999771118164,8.0,8.0,11.149999618530273,488300,11.149999618530273
2020-03-17,12.380000114440918,10.704999923706055,11.5600004196167,11.380000114440918,396400,11.380000114440918
2020-03-18,12.5600004196167,10.75,10.75,11.5,396100,11.5
2020-03-19,13.25,11.529999732971191,11.529999732971191,12.760000228881836,373400,12.760000228881836
2020-03-20,13.489999771118164,11.760000228881836,13.039999961853027,12.34000015258789,400000,12.34000015258789
2020-03-23,12.479999542236328,11.380000114440918,11.729999542236328,12.050000190734863,273000,12.050000190734863
2020-03-24,13.470000267028809,12.5,12.699999809265137,13.420000076293945,246800,13.420000076293945
2020-03-25,14.170000076293945,12.609999656677246,13.380000114440918,13.050000190734863,233400,13.050000190734863
2020-03-26,14.4399995803833,12.770000457763672,13.140000343322754,14.4399995803833,320300,14.4399995803833
2020-03-27,14.399999618530273,13.3100004196167,14.100000381469727,13.3100004196167,280800,13.3100004196167
2020-03-30,14.75,13.220000267028809,13.279999732971191,14.699999809265137,245700,14.699999809265137
2020-03-31,14.970000267028809,14.0600004196167,14.670000076293945,14.300000190734863,195800,14.300000190734863
2020-04-01,14.0600004196167,13.289999961853027,13.779999732971191,13.619999885559082,228100,13.619999885559082
2020-04-02,14.739999771118164,13.109999656677246,13.539999961853027,14.470000267028809,229900,14.470000267028809
2020-04-03,14.930000305175781,14.210000038146973,14.430000305175781,14.550000190734863,186600,14.550000190734863
2020-04-06,15.90999984741211,14.75,15.0,15.75,286000,15.75
2020-04-07,16.469999313354492,14.765000343322754,16.25,14.869999885559082,269800,14.869999885559082
2020-04-08,16.0,14.880000114440918,15.0600004196167,15.710000038146973,178300,15.710000038146973
2020-04-09,16.799999237060547,15.75,16.149999618530273,16.239999771118164,171800,16.239999771118164
2020-04-13,16.229999542236328,15.539999961853027,16.200000762939453,16.139999389648438,161600,16.139999389648438
2020-04-14,16.73900032043457,16.280000686645508,16.299999237060547,16.540000915527344,175900,16.540000915527344
2020-04-15,16.34000015258789,15.520000457763672,16.09000015258789,15.65999984741211,122200,15.65999984741211
2020-04-16,16.059999465942383,15.399999618530273,15.8100004196167,15.8100004196167,111800,15.8100004196167
2020-04-17,16.559999465942383,15.960000038146973,16.350000381469727,16.540000915527344,185400,16.540000915527344
2020-04-20,17.43000030517578,16.229999542236328,16.229999542236328,16.950000762939453,167500,16.950000762939453
2020-04-21,17.1299991607666,16.260000228881836,17.1299991607666,16.719999313354492,126000,16.719999313354492
2020-04-22,17.31999969482422,16.773000717163086,17.100000381469727,17.0,236300,17.0
2020-04-23,18.489999771118164,17.1200008392334,17.1200008392334,17.850000381469727,256400,17.850000381469727
2020-04-24,18.219999313354492,17.540000915527344,17.93000030517578,18.0,163200,18.0
2020-04-27,18.56999969482422,17.674999237060547,18.40999984741211,17.950000762939453,132900,17.950000762939453
2020-04-28,18.219999313354492,17.399999618530273,18.110000610351562,17.420000076293945,148600,17.420000076293945
2020-04-29,18.139999389648438,17.350000381469727,17.84000015258789,17.850000381469727,198600,17.850000381469727
2020-04-30,18.0,17.0,17.649999618530273,17.059999465942383,141900,17.059999465942383
2020-05-01,16.836000442504883,14.380000114440918,16.649999618530273,15.130000114440918,355100,15.130000114440918
2020-05-04,16.15999984741211,14.779999732971191,14.9399995803833,16.1200008392334,224400,16.1200008392334
2020-05-05,17.020000457763672,16.1200008392334,16.489999771118164,16.56999969482422,175500,16.56999969482422
2020-05-06,16.809999465942383,15.170000076293945,16.6299991607666,15.239999771118164,279900,15.239999771118164
2020-05-07,16.299999237060547,15.220000267028809,15.550000190734863,15.9399995803833,216800,15.9399995803833
2020-05-08,16.15999984741211,15.350000381469727,16.0,15.479999542236328,150000,15.479999542236328
2020-05-11,16.579999923706055,15.399999618530273,15.40999984741211,16.479999542236328,216900,16.479999542236328
2020-05-12,17.829999923706055,16.280000686645508,16.479999542236328,16.649999618530273,244300,16.649999618530273
2020-05-13,16.860000610351562,15.210000038146973,16.6299991607666,15.449999809265137,197900,15.449999809265137
2020-05-14,15.5,14.5,15.270000457763672,14.520000457763672,177400,14.520000457763672
2020-05-15,14.880000114440918,14.300000190734863,14.5,14.850000381469727,241000,14.850000381469727
2020-05-18,15.5600004196167,14.720000267028809,15.380000114440918,14.779999732971191,221100,14.779999732971191
2020-05-19,15.170000076293945,14.119999885559082,14.65999984741211,14.149999618530273,206800,14.149999618530273
2020-05-20,14.989999771118164,14.154999732971191,14.350000381469727,14.850000381469727,217400,14.850000381469727
2020-05-21,14.899999618530273,14.470000267028809,14.84000015258789,14.680000305175781,100600,14.680000305175781
2020-05-22,14.90999984741211,14.390000343322754,14.90999984741211,14.65999984741211,144900,14.65999984741211
2020-05-26,16.1200008392334,14.609999656677246,14.800000190734863,14.9399995803833,260500,14.9399995803833
2020-05-27,15.420000076293945,14.59000015258789,15.09000015258789,15.079999923706055,211400,15.079999923706055
2020-05-28,15.654999732971191,15.0,15.300000190734863,15.100000381469727,139900,15.100000381469727
2020-05-29,15.140000343322754,14.449999809265137,15.029999732971191,14.899999618530273,310900,14.899999618530273
2020-06-01,15.420000076293945,14.60099983215332,14.949999809265137,15.170000076293945,186400,15.170000076293945
2020-06-02,15.279999732971191,14.739999771118164,15.270000457763672,15.09000015258789,159000,15.09000015258789
2020-06-03,15.369999885559082,14.770000457763672,15.220000267028809,14.869999885559082,195700,14.869999885559082
2020-06-04,15.140000343322754,14.699999809265137,14.8100004196167,14.800000190734863,153900,14.800000190734863
2020-06-05,15.470000267028809,14.880000114440918,15.010000228881836,15.239999771118164,210700,15.239999771118164
2020-06-08,16.65999984741211,15.364999771118164,15.4399995803833,16.649999618530273,217300,16.649999618530273
2020-06-09,17.09000015258789,16.030000686645508,16.520000457763672,16.780000686645508,153600,16.780000686645508
2020-06-10,16.860000610351562,15.050000190734863,16.860000610351562,15.050000190734863,805600,15.050000190734863
2020-06-11,14.489999771118164,13.619999885559082,14.380000114440918,13.710000038146973,691900,13.710000038146973
2020-06-12,14.140000343322754,12.920000076293945,14.100000381469727,13.34000015258789,538700,13.34000015258789
2020-06-15,14.600000381469727,12.630000114440918,13.0,14.010000228881836,496600,14.010000228881836
2020-06-16,14.420000076293945,13.529999732971191,14.369999885559082,13.779999732971191,248800,13.779999732971191
2020-06-17,13.789999961853027,13.270000457763672,13.779999732971191,13.550000190734863,304100,13.550000190734863
2020-06-18,14.319999694824219,13.100000381469727,13.420000076293945,14.0,315500,14.0
2020-06-19,15.460000038146973,13.960000038146973,14.15999984741211,15.460000038146973,1325300,15.460000038146973
2020-06-22,15.630000114440918,14.5,15.539999961853027,15.359999656677246,389800,15.359999656677246
2020-06-23,15.59000015258789,14.819999694824219,15.59000015258789,14.949999809265137,283400,14.949999809265137
2020-06-24,15.114999771118164,14.5,14.770000457763672,14.800000190734863,270200,14.800000190734863
2020-06-25,15.199999809265137,14.520000457763672,14.779999732971191,15.0600004196167,358200,15.0600004196167
2020-06-26,15.09000015258789,14.109999656677246,15.0,14.149999618530273,985400,14.149999618530273
2020-06-29,14.399999618530273,13.65999984741211,14.380000114440918,14.279999732971191,445000,14.279999732971191
2020-06-30,14.350000381469727,13.59000015258789,14.1899995803833,13.699999809265137,341200,13.699999809265137
2020-07-01,14.279999732971191,13.65999984741211,13.65999984741211,13.899999618530273,368700,13.899999618530273
2020-07-02,14.239999771118164,13.720000267028809,14.029999732971191,14.130000114440918,207200,14.130000114440918
2020-07-06,14.34000015258789,14.020000457763672,14.34000015258789,14.130000114440918,218900,14.130000114440918
2020-07-07,14.25,13.920000076293945,14.020000457763672,14.050000190734863,205700,14.050000190734863
2020-07-08,14.140000343322754,13.789999961853027,14.029999732971191,13.895000457763672,264700,13.895000457763672
2020-07-09,13.960000038146973,13.260000228881836,13.789999961853027,13.289999961853027,284500,13.289999961853027
2020-07-10,13.5600004196167,12.899999618530273,13.260000228881836,13.010000228881836,246600,13.010000228881836
2020-07-13,13.619999885559082,12.65999984741211,13.100000381469727,12.710000038146973,260500,12.710000038146973
2020-07-14,12.8100004196167,12.039999961853027,12.649999618530273,12.25,416100,12.25
2020-07-15,13.220000267028809,12.4399995803833,12.65999984741211,12.869999885559082,206100,12.869999885559082
2020-07-16,12.84000015258789,12.300000190734863,12.699999809265137,12.699999809265137,179800,12.699999809265137
2020-07-17,13.100000381469727,12.5,12.5,12.869999885559082,168800,12.869999885559082
2020-07-20,13.109999656677246,12.675000190734863,12.84000015258789,12.829999923706055,118100,12.829999923706055
2020-07-21,13.170000076293945,12.359999656677246,12.859999656677246,12.479999542236328,208300,12.479999542236328
2020-07-22,12.461999893188477,12.109999656677246,12.329999923706055,12.220000267028809,153900,12.220000267028809
2020-07-23,12.8100004196167,12.170000076293945,12.180000305175781,12.789999961853027,351300,12.789999961853027
2020-07-24,12.600000381469727,11.989999771118164,12.600000381469727,12.029999732971191,224400,12.029999732971191
2020-07-27,12.1899995803833,11.850000381469727,12.050000190734863,12.0600004196167,118000,12.0600004196167
2020-07-28,12.130000114440918,11.779999732971191,11.970000267028809,11.8100004196167,156400,11.8100004196167
2020-07-29,11.866000175476074,11.40999984741211,11.770000457763672,11.65999984741211,194500,11.65999984741211
2020-07-30,11.8100004196167,11.449999809265137,11.479999542236328,11.59000015258789,117000,11.59000015258789
2020-07-31,11.59000015258789,10.800000190734863,11.569999694824219,10.84000015258789,304200,10.84000015258789
2020-08-03,11.175000190734863,10.619999885559082,10.859999656677246,10.920000076293945,210500,10.920000076293945
2020-08-04,11.359999656677246,10.770000457763672,11.119999885559082,11.1899995803833,185000,11.1899995803833
2020-08-05,10.979999542236328,9.8100004196167,10.449999809265137,10.880000114440918,367800,10.880000114440918
2020-08-06,11.729999542236328,10.869999885559082,10.90999984741211,11.470000267028809,223600,11.470000267028809
2020-08-07,11.949999809265137,11.390000343322754,11.40999984741211,11.600000381469727,109400,11.600000381469727
2020-08-10,11.970000267028809,11.5600004196167,11.640000343322754,11.630000114440918,96100,11.630000114440918
2020-08-11,11.930000305175781,11.510000228881836,11.710000038146973,11.5600004196167,107500,11.5600004196167
2020-08-12,11.819999694824219,11.220000267028809,11.59000015258789,11.399999618530273,261500,11.399999618530273
2020-08-13,11.383000373840332,11.010000228881836,11.3100004196167,11.109999656677246,129200,11.109999656677246
2020-08-14,11.289999961853027,10.960000038146973,11.0,11.020000457763672,73400,11.020000457763672
2020-08-17,11.710000038146973,10.619999885559082,11.119999885559082,11.510000228881836,171100,11.510000228881836
2020-08-18,11.619999885559082,11.109999656677246,11.479999542236328,11.279999732971191,128600,11.279999732971191
2020-08-19,11.460000038146973,11.119999885559082,11.3100004196167,11.319999694824219,80700,11.319999694824219
2020-08-20,11.329999923706055,10.895000457763672,11.1899995803833,11.149999618530273,87200,11.149999618530273
2020-08-21,11.859999656677246,11.050000190734863,11.180000305175781,11.789999961853027,248400,11.789999961853027
2020-08-24,11.979999542236328,11.5600004196167,11.819999694824219,11.829999923706055,200700,11.829999923706055
2020-08-25,12.630000114440918,11.739999771118164,11.800000190734863,12.069999694824219,210700,12.069999694824219
2020-08-26,12.1899995803833,11.539999961853027,12.010000228881836,11.550000190734863,144700,11.550000190734863
2020-08-27,11.899999618530273,11.510000228881836,11.510000228881836,11.770000457763672,92600,11.770000457763672
2020-08-28,11.729999542236328,11.199999809265137,11.729999542236328,11.380000114440918,124000,11.380000114440918
2020-08-31,19.649999618530273,18.149999618530273,18.270000457763672,18.280000686645508,6751500,18.280000686645508
2020-09-01,18.389999389648438,18.1299991607666,18.149999618530273,18.239999771118164,1574100,18.239999771118164
2020-09-02,18.299999237060547,18.139999389648438,18.25,18.170000076293945,2074200,18.170000076293945
2020-09-03,18.239999771118164,18.1200008392334,18.18000030517578,18.139999389648438,1104700,18.139999389648438
2020-09-04,18.200000762939453,18.1299991607666,18.200000762939453,18.15999984741211,717600,18.15999984741211
2020-09-08,18.200000762939453,18.1299991607666,18.139999389648438,18.15999984741211,1025900,18.15999984741211
2020-09-09,18.15999984741211,18.1200008392334,18.149999618530273,18.139999389648438,722700,18.139999389648438
2020-09-10,18.149999618530273,18.1299991607666,18.1299991607666,18.139999389648438,564300,18.139999389648438
2020-09-11,18.15999984741211,18.110000610351562,18.149999618530273,18.139999389648438,507100,18.139999389648438
2020-09-14,18.15999984741211,18.06999969482422,18.139999389648438,18.1200008392334,828800,18.1200008392334
2020-09-15,18.174999237060547,18.1299991607666,18.1299991607666,18.1299991607666,777900,18.1299991607666
2020-09-16,18.15999984741211,18.139999389648438,18.149999618530273,18.139999389648438,419300,18.139999389648438
2020-09-17,18.15999984741211,18.1299991607666,18.139999389648438,18.139999389648438,904000,18.139999389648438
2020-09-18,18.209999084472656,18.1200008392334,18.1200008392334,18.149999618530273,957900,18.149999618530273
2020-09-21,18.149999618530273,18.049999237060547,18.100000381469727,18.139999389648438,551000,18.139999389648438
2020-09-22,18.200000762939453,18.1200008392334,18.1200008392334,18.139999389648438,1264600,18.139999389648438
2020-09-23,18.18000030517578,18.139999389648438,18.139999389648438,18.139999389648438,1489100,18.139999389648438
2020-09-24,18.209999084472656,18.1200008392334,18.139999389648438,18.139999389648438,378700,18.139999389648438
2020-09-25,18.170000076293945,18.125,18.139999389648438,18.139999389648438,657100,18.139999389648438
2020-09-28,18.219999313354492,18.114999771118164,18.170000076293945,18.1299991607666,235600,18.1299991607666
2020-09-29,18.149999618530273,18.1299991607666,18.139999389648438,18.139999389648438,250800,18.139999389648438
2020-09-30,18.155000686645508,18.1200008392334,18.1299991607666,18.139999389648438,720200,18.139999389648438
2020-10-01,18.149999618530273,18.110000610351562,18.1299991607666,18.139999389648438,448200,18.139999389648438
2020-10-02,18.170000076293945,18.079999923706055,18.079999923706055,18.1299991607666,285100,18.1299991607666
