Date,High,Low,Open,Close,Volume,Adj Close
2018-01-02,69.38999938964844,67.87000274658203,68.26000213623047,69.16000366210938,3693500.0,64.17064666748047
2018-01-03,69.38999938964844,68.13999938964844,69.18000030517578,68.4000015258789,3564300.0,63.46546936035156
2018-01-04,69.01000213623047,66.11000061035156,68.8499984741211,67.27999877929688,5193200.0,62.42626190185547
2018-01-05,68.97000122070312,67.45999908447266,67.9000015258789,68.87000274658203,4115000.0,63.90155029296875
2018-01-08,70.11000061035156,68.41999816894531,68.68000030517578,69.69000244140625,3617800.0,64.66239929199219
2018-01-09,70.22000122070312,69.1500015258789,69.93000030517578,69.77999877929688,3177200.0,64.74590301513672
2018-01-10,70.87000274658203,69.05000305175781,69.33999633789062,70.33999633789062,2740800.0,65.2655029296875
2018-01-11,72.0199966430664,69.93000030517578,70.2300033569336,71.70999908447266,2805900.0,66.53668975830078
2018-01-12,73.44999694824219,71.73999786376953,71.79000091552734,73.25,3439900.0,67.965576171875
2018-01-16,74.11000061035156,71.80999755859375,73.77999877929688,72.4000015258789,3748100.0,67.1769027709961
2018-01-17,74.62999725341797,72.26000213623047,72.26000213623047,74.26000213623047,3199300.0,68.90272521972656
2018-01-18,74.75,73.9000015258789,74.2699966430664,74.69000244140625,2737600.0,69.30170440673828
2018-01-19,77.06999969482422,74.77999877929688,75.0999984741211,76.86000061035156,3445700.0,71.31513214111328
2018-01-22,78.11000061035156,76.55000305175781,76.94999694824219,78.05999755859375,2271500.0,72.42855834960938
2018-01-23,78.58999633789062,77.19999694824219,78.02999877929688,77.5199966430664,2512800.0,71.92752075195312
2018-01-24,77.77999877929688,76.12999725341797,77.5199966430664,76.79000091552734,2543400.0,71.25019836425781
2018-01-25,76.30999755859375,75.18000030517578,76.06999969482422,76.2699966430664,3531900.0,70.76770782470703
2018-01-26,77.87999725341797,76.37000274658203,76.45999908447266,77.8499984741211,3133900.0,72.23371887207031
2018-01-29,77.87000274658203,76.48999786376953,77.43000030517578,76.58999633789062,2589800.0,71.06462097167969
2018-01-30,76.51000213623047,75.18000030517578,76.19999694824219,76.29000091552734,2962100.0,70.78626251220703
2018-01-31,75.43000030517578,72.47000122070312,75.36000061035156,73.05999755859375,5266800.0,67.7892837524414
2018-02-01,74.36000061035156,72.08000183105469,72.56999969482422,73.0999984741211,3190100.0,67.82640838623047
2018-02-02,72.9800033569336,71.0199966430664,72.55999755859375,71.23999786376953,5040400.0,66.10057830810547
2018-02-05,71.94999694824219,67.98999786376953,70.54000091552734,68.0199966430664,4096000.0,63.11286926269531
2018-02-06,70.69999694824219,65.05000305175781,66.58000183105469,70.30000305175781,4672900.0,65.22840118408203
2018-02-07,72.30999755859375,69.87000274658203,70.11000061035156,71.26000213623047,3468200.0,66.119140625
2018-02-08,72.06999969482422,68.7699966430664,71.38999938964844,68.79000091552734,3850500.0,63.82734680175781
2018-02-09,71.41000366210938,67.58000183105469,69.51000213623047,70.76000213623047,3394400.0,65.65522003173828
2018-02-12,71.2699966430664,68.94999694824219,71.11000061035156,70.3499984741211,3257700.0,65.27478790283203
2018-02-13,70.87999725341797,69.69999694824219,70.05999755859375,70.0999984741211,2881600.0,65.04283142089844
2018-02-14,72.80999755859375,69.41000366210938,69.73999786376953,72.5199966430664,3602700.0,67.28823852539062
2018-02-15,73.31999969482422,71.83999633789062,73.05999755859375,73.31999969482422,2283900.0,68.03052520751953
2018-02-16,74.25,72.7699966430664,73.2699966430664,73.18000030517578,2165700.0,67.900634765625
2018-02-20,73.44000244140625,71.72000122070312,72.62999725341797,71.91999816894531,2665200.0,66.73153686523438
2018-02-21,72.9000015258789,70.73999786376953,72.23999786376953,70.79000091552734,2871600.0,65.68304443359375
2018-02-22,71.94000244140625,71.12000274658203,71.4000015258789,71.29000091552734,2477300.0,66.14698028564453
2018-02-23,73.31999969482422,71.62999725341797,72.08999633789062,73.16999816894531,2320400.0,67.8913345336914
2018-02-26,74.25,72.51000213623047,73.66999816894531,72.56999969482422,3714900.0,67.33463287353516
2018-02-27,73.43000030517578,71.11000061035156,73.02999877929688,71.48999786376953,4393100.0,66.33255767822266
2018-02-28,73.93000030517578,71.63999938964844,72.0199966430664,72.44000244140625,5052500.0,67.2140121459961
2018-03-01,76.02999877929688,72.7300033569336,74.44999694824219,75.30000305175781,13379800.0,69.8676986694336
2018-03-02,75.18000030517578,72.2699966430664,74.8499984741211,73.04000091552734,6929000.0,67.77073669433594
2018-03-05,75.51000213623047,72.5,72.86000061035156,75.05999755859375,6127400.0,69.64498901367188
2018-03-06,77.31999969482422,75.37999725341797,75.37999725341797,76.7699966430664,4348200.0,71.23163604736328
2018-03-07,75.37999725341797,72.88999938964844,74.79000091552734,73.63999938964844,5496700.0,68.32743072509766
2018-03-08,74.26000213623047,72.6500015258789,74.08000183105469,73.25,3638900.0,67.965576171875
2018-03-09,73.95999908447266,72.19999694824219,73.87000274658203,73.81999969482422,3316000.0,68.49445343017578
2018-03-12,74.19999694824219,70.5999984741211,73.81999969482422,72.05000305175781,3142000.0,66.8521499633789
2018-03-13,73.3499984741211,71.18000030517578,72.62000274658203,71.5199966430664,3626700.0,66.36038208007812
2018-03-14,71.9800033569336,69.75,71.95999908447266,69.9000015258789,5157400.0,64.85726165771484
2018-03-15,70.33999633789062,68.94000244140625,69.80999755859375,68.98999786376953,3789300.0,64.01289367675781
2018-03-16,70.12999725341797,68.63999938964844,69.01000213623047,69.7300033569336,5474600.0,64.69951629638672
2018-03-19,69.76000213623047,68.30000305175781,69.56999969482422,68.52999877929688,3300500.0,63.58609390258789
2018-03-20,70.22000122070312,68.30999755859375,68.30999755859375,70.04000091552734,3979400.0,64.98716735839844
2018-03-21,69.80999755859375,68.41000366210938,69.5199966430664,68.44000244140625,3523100.0,63.91321563720703
2018-03-22,68.37000274658203,66.9800033569336,67.88999938964844,67.25,3187400.0,62.80192947387695
2018-03-23,68.55999755859375,66.6500015258789,67.43000030517578,66.68000030517578,3324800.0,62.269630432128906
2018-03-26,69.94999694824219,67.76000213623047,67.9000015258789,69.51000213623047,3501500.0,64.9124526977539
2018-03-27,69.66999816894531,67.38999938964844,69.66000366210938,67.73999786376953,3098500.0,63.2595100402832
2018-03-28,69.66000366210938,67.83999633789062,68.08999633789062,68.55999755859375,3794400.0,64.02528381347656
2018-03-29,70.6500015258789,68.98999786376953,68.98999786376953,69.98999786376953,3783800.0,65.3606948852539
2018-04-02,70.43000030517578,67.98999786376953,69.87000274658203,68.91999816894531,2978600.0,64.36145782470703
2018-04-03,70.68000030517578,69.2300033569336,69.25,70.33999633789062,2612800.0,65.68755340576172
2018-04-04,73.16999816894531,69.13999938964844,69.33999633789062,72.86000061035156,3825200.0,68.04086303710938
2018-04-05,73.1500015258789,71.93000030517578,73.05999755859375,72.12000274658203,2934800.0,67.34981536865234
2018-04-06,72.61000061035156,70.0999984741211,71.69999694824219,70.48999786376953,3203100.0,65.82764434814453
2018-04-09,71.5,69.80999755859375,70.94000244140625,69.81999969482422,3002300.0,65.20195007324219
2018-04-10,72.16000366210938,70.41999816894531,70.77999877929688,71.72000122070312,2166400.0,66.97625732421875
2018-04-11,72.0999984741211,70.76000213623047,71.16999816894531,70.91000366210938,1589300.0,66.21984100341797
2018-04-12,71.91999816894531,71.1500015258789,71.33000183105469,71.30000305175781,2537100.0,66.58406829833984
2018-04-13,73.30000305175781,70.83000183105469,71.98999786376953,71.12999725341797,2775000.0,66.42530059814453
2018-04-16,72.61000061035156,71.33000183105469,71.94000244140625,71.91000366210938,2514400.0,67.15370178222656
2018-04-17,73.33999633789062,72.02999877929688,72.8499984741211,72.75,2096500.0,67.93814086914062
2018-04-18,75.80000305175781,74.37000274658203,74.5,75.4000015258789,4496700.0,70.4128646850586
2018-04-19,75.33000183105469,72.91999816894531,74.83999633789062,73.33999633789062,3347900.0,68.48912048339844
2018-04-20,74.19999694824219,71.94999694824219,73.9000015258789,72.30000305175781,3407900.0,67.5179214477539
2018-04-23,73.72000122070312,72.4800033569336,72.48999786376953,73.5,1947200.0,68.63853454589844
2018-04-24,74.25,72.47000122070312,73.62999725341797,73.16999816894531,2897700.0,68.33036041259766
2018-04-25,74.62000274658203,72.83999633789062,72.88999938964844,74.37999725341797,2646900.0,69.4603271484375
2018-04-26,76.0199966430664,74.3499984741211,74.70999908447266,75.62000274658203,2615600.0,70.6183090209961
2018-04-27,77.25,75.73999786376953,75.91999816894531,77.04000091552734,2450800.0,71.94438934326172
2018-04-30,78.22000122070312,76.36000061035156,77.5,76.52999877929688,3078100.0,71.46813201904297
2018-05-01,76.41000366210938,74.19999694824219,76.20999908447266,75.37999725341797,3648200.0,70.3941879272461
2018-05-02,76.31999969482422,74.91000366210938,75.52999877929688,75.87000274658203,2247900.0,70.85177612304688
2018-05-03,75.55999755859375,73.94000244140625,75.55999755859375,75.01000213623047,2754300.0,70.04866790771484
2018-05-04,76.68000030517578,74.68000030517578,74.8499984741211,76.22000122070312,2176800.0,71.17863464355469
2018-05-07,76.69000244140625,74.87999725341797,76.37999725341797,75.5,1850100.0,70.5062484741211
2018-05-08,75.87999725341797,75.0,75.37000274658203,75.62999725341797,2094200.0,70.62764739990234
2018-05-09,76.5199966430664,75.06999969482422,75.72000122070312,76.22000122070312,2073400.0,71.17863464355469
2018-05-10,76.97000122070312,75.93000030517578,76.66999816894531,76.83000183105469,2558600.0,71.74827575683594
2018-05-11,78.29000091552734,76.20999908447266,76.5199966430664,77.77999877929688,2085900.0,72.63544464111328
2018-05-14,78.76000213623047,77.77999877929688,77.9000015258789,78.25,2363900.0,73.07435607910156
2018-05-15,79.08000183105469,77.41999816894531,77.9000015258789,78.5999984741211,2209300.0,73.40120697021484
2018-05-16,79.9000015258789,78.3499984741211,78.94999694824219,78.51000213623047,2976100.0,73.31716918945312
2018-05-17,79.58999633789062,78.62999725341797,78.87999725341797,78.77999877929688,2506500.0,73.56930541992188
2018-05-18,79.30999755859375,77.87000274658203,78.55000305175781,78.25,2755300.0,73.07435607910156
2018-05-21,79.38999938964844,78.13999938964844,78.88999938964844,78.30000305175781,3567200.0,73.12105560302734
2018-05-22,78.9800033569336,75.1500015258789,78.93000030517578,75.47000122070312,4844100.0,70.4782485961914
2018-05-23,76.55999755859375,74.6500015258789,75.08000183105469,75.94999694824219,4737500.0,70.9264907836914
2018-05-24,72.86000061035156,69.70999908447266,70.88999938964844,70.9000015258789,16433300.0,66.21051025390625
2018-05-25,71.04000091552734,68.31999969482422,71.0,68.44999694824219,8746200.0,63.92255401611328
2018-05-29,69.27999877929688,67.7699966430664,68.11000061035156,68.18000030517578,4732000.0,63.67041015625
2018-05-30,69.88999938964844,67.55000305175781,68.47000122070312,69.5999984741211,4777300.0,64.99649047851562
2018-05-31,69.52999877929688,68.19999694824219,69.44999694824219,68.25,5613400.0,63.73578643798828
2018-06-01,69.43000030517578,67.91000366210938,68.5,68.8499984741211,3602200.0,64.29609680175781
2018-06-04,70.05999755859375,68.63999938964844,68.94000244140625,69.86000061035156,3260900.0,65.23929595947266
2018-06-05,71.86000061035156,69.31999969482422,69.47000122070312,71.76000213623047,4834300.0,67.01362609863281
2018-06-06,72.08000183105469,70.75,71.75,71.55999755859375,3071500.0,66.82684326171875
2018-06-07,72.66999816894531,71.3499984741211,71.87000274658203,71.66000366210938,3425100.0,66.92022705078125
2018-06-08,72.54000091552734,70.91000366210938,71.26000213623047,72.30999755859375,2816400.0,67.52725219726562
2018-06-11,74.2300033569336,72.33999633789062,72.44999694824219,73.63999938964844,3999800.0,68.76927947998047
2018-06-12,74.25,72.91999816894531,74.05000305175781,74.05000305175781,3238900.0,69.15216064453125
2018-06-13,73.73999786376953,72.80000305175781,73.69999694824219,73.26000213623047,3644200.0,68.83271026611328
2018-06-14,74.02999877929688,73.04000091552734,73.20999908447266,73.31999969482422,3295300.0,68.88908386230469
2018-06-15,74.9800033569336,71.93000030517578,72.87999725341797,74.80999755859375,6386900.0,70.2890396118164
2018-06-18,77.12000274658203,73.97000122070312,74.0999984741211,77.05999755859375,4096200.0,72.4030532836914
2018-06-19,76.80000305175781,75.12000274658203,76.0,76.41000366210938,4189100.0,71.79234313964844
2018-06-20,76.62999725341797,75.18000030517578,76.37999725341797,75.86000061035156,3307100.0,71.27558135986328
2018-06-21,77.73999786376953,75.76000213623047,75.8499984741211,77.2300033569336,2931500.0,72.56278991699219
2018-06-22,77.97000122070312,76.05000305175781,77.69000244140625,76.26000213623047,3604000.0,71.65141296386719
2018-06-25,76.70999908447266,74.58000183105469,75.91999816894531,75.11000061035156,3348300.0,70.57091522216797
2018-06-26,77.2300033569336,75.2300033569336,75.47000122070312,76.5199966430664,2853900.0,71.89568328857422
2018-06-27,76.93000030517578,74.05000305175781,76.54000091552734,74.08000183105469,3002900.0,69.6031494140625
2018-06-28,75.27999877929688,73.16000366210938,73.93000030517578,74.98999786376953,3235700.0,70.45816040039062
2018-06-29,76.12000274658203,74.58000183105469,75.38999938964844,74.58000183105469,3004500.0,70.07292938232422
2018-07-02,74.44999694824219,72.83999633789062,74.33000183105469,74.3499984741211,2745600.0,69.8568344116211
2018-07-03,74.9000015258789,73.55000305175781,74.33000183105469,73.62999725341797,1185700.0,69.18035125732422
2018-07-05,74.30999755859375,73.26000213623047,73.9800033569336,73.73999786376953,2141200.0,69.28369903564453
2018-07-06,74.38999938964844,73.19999694824219,73.83000183105469,74.27999877929688,1442500.0,69.79104614257812
2018-07-09,75.41999816894531,74.4000015258789,74.56999969482422,75.20999908447266,2397500.0,70.66484832763672
2018-07-10,75.76000213623047,74.9000015258789,75.69000244140625,75.70999908447266,2094500.0,71.13463592529297
2018-07-11,74.75,73.02999877929688,74.54000091552734,74.27999877929688,3230700.0,69.79104614257812
2018-07-12,75.08000183105469,74.20999908447266,74.6500015258789,74.69000244140625,1257400.0,70.1762924194336
2018-07-13,76.77999877929688,74.77999877929688,74.77999877929688,75.87999725341797,3106100.0,71.29438018798828
2018-07-16,76.22000122070312,75.22000122070312,75.75,75.4800033569336,1586500.0,70.91854858398438
2018-07-17,76.83000183105469,75.48999786376953,75.77999877929688,76.55999755859375,1910100.0,71.93326568603516
2018-07-18,76.87999725341797,75.97000122070312,76.5999984741211,76.3499984741211,1910300.0,71.73596954345703
2018-07-19,78.79000091552734,76.19999694824219,76.3499984741211,77.9800033569336,3399600.0,73.2674789428711
2018-07-20,77.73999786376953,76.04000091552734,77.51000213623047,76.11000061035156,2779600.0,71.5104751586914
2018-07-23,76.91999816894531,75.75,75.97000122070312,76.4000015258789,1532400.0,71.78294372558594
2018-07-24,77.62000274658203,74.86000061035156,77.0999984741211,75.25,2418100.0,70.70244598388672
2018-07-25,75.44000244140625,74.4000015258789,75.19999694824219,75.31999969482422,2267600.0,70.76821899414062
2018-07-26,76.87999725341797,75.5,75.62000274658203,76.01000213623047,2129200.0,71.41651916503906
2018-07-27,76.5,74.36000061035156,75.9000015258789,74.68000030517578,2450100.0,70.1668930053711
2018-07-30,74.86000061035156,73.77999877929688,74.55999755859375,74.44000244140625,3126600.0,69.94139862060547
2018-07-31,75.48999786376953,74.4000015258789,74.56999969482422,75.02999877929688,2195200.0,70.49573516845703
2018-08-01,76.45999908447266,74.72000122070312,75.19000244140625,74.87999725341797,2306900.0,70.35480499267578
2018-08-02,76.05999755859375,74.30999755859375,74.37999725341797,75.91999816894531,1523900.0,71.33196258544922
2018-08-03,77.22000122070312,75.69000244140625,76.11000061035156,76.08000183105469,1426100.0,71.48229217529297
2018-08-06,76.62999725341797,75.87999725341797,76.02999877929688,76.41999816894531,1385800.0,71.8017349243164
2018-08-07,77.63999938964844,76.52999877929688,76.62000274658203,77.29000091552734,1660700.0,72.61917114257812
2018-08-08,77.5199966430664,76.62999725341797,76.87999725341797,77.29000091552734,1529200.0,72.61917114257812
2018-08-09,79.05000305175781,77.77999877929688,78.05999755859375,78.68000030517578,2240300.0,73.92517852783203
2018-08-10,79.25,78.0,78.23999786376953,78.70999908447266,1740000.0,73.95333862304688
2018-08-13,79.2300033569336,77.0199966430664,78.94999694824219,77.06999969482422,2098600.0,72.41246795654297
2018-08-14,79.01000213623047,77.30000305175781,77.44999694824219,78.52999877929688,2982000.0,73.78421783447266
2018-08-15,78.26000213623047,75.73999786376953,78.26000213623047,76.37999725341797,3631800.0,71.76416015625
2018-08-16,78.37000274658203,76.4800033569336,78.12999725341797,76.91000366210938,3702800.0,72.26212310791016
2018-08-17,78.69999694824219,76.69000244140625,76.91999816894531,78.4800033569336,1824200.0,73.73725891113281
2018-08-20,79.72000122070312,78.27999877929688,78.54000091552734,79.37999725341797,2472800.0,74.58284759521484
2018-08-21,81.81999969482422,79.16999816894531,79.4000015258789,81.43000030517578,4696300.0,76.50897216796875
2018-08-22,84.37000274658203,80.62999725341797,81.9000015258789,80.94999694824219,4080500.0,76.05797576904297
2018-08-23,82.7300033569336,80.98999786376953,80.98999786376953,82.5999984741211,3394500.0,77.60826873779297
2018-08-24,83.0999984741211,80.91999816894531,83.05000305175781,82.08000183105469,4144800.0,77.11969757080078
2018-08-27,83.19999694824219,81.41999816894531,83.04000091552734,81.66000366210938,5293300.0,76.72508239746094
2018-08-28,79.25,74.76000213623047,77.5,77.56999969482422,18462100.0,72.88225555419922
2018-08-29,77.98999786376953,76.62000274658203,77.79000091552734,77.62999725341797,5435900.0,72.93861389160156
2018-08-30,78.5,77.19000244140625,77.5999984741211,78.01000213623047,3228200.0,73.295654296875
2018-08-31,79.63999938964844,77.62000274658203,77.94999694824219,79.55999755859375,5222200.0,74.75196838378906
2018-09-04,80.9800033569336,79.16000366210938,79.51000213623047,80.68000030517578,3640300.0,75.80430603027344
2018-09-05,81.23999786376953,78.7300033569336,80.44000244140625,79.06999969482422,3617800.0,74.2916030883789
2018-09-06,79.97000122070312,78.97000122070312,79.5,79.2300033569336,3218800.0,74.44192504882812
2018-09-07,79.56999969482422,77.86000061035156,78.94999694824219,78.19000244140625,3026100.0,73.46477508544922
2018-09-10,78.73999786376953,76.91999816894531,78.63999938964844,77.30999755859375,3211300.0,72.63794708251953
2018-09-11,77.94999694824219,76.68000030517578,77.16999816894531,77.56999969482422,2582900.0,72.88225555419922
2018-09-12,78.31999969482422,77.05000305175781,77.55999755859375,78.25,2847500.0,73.5211410522461
2018-09-13,79.19000244140625,77.87000274658203,78.26000213623047,78.55999755859375,2702200.0,73.81240844726562
2018-09-14,79.05999755859375,77.62999725341797,78.61000061035156,78.38999938964844,3041700.0,73.65267944335938
2018-09-17,78.9000015258789,76.91000366210938,78.25,77.04000091552734,2830500.0,72.80219268798828
2018-09-18,77.91000366210938,76.44000244140625,76.52999877929688,77.69999694824219,3301700.0,73.4258804321289
2018-09-19,78.18000030517578,77.12000274658203,77.79000091552734,77.73999786376953,2311900.0,73.46369171142578
2018-09-20,79.69999694824219,77.69999694824219,77.88999938964844,79.55999755859375,3429200.0,75.18356323242188
2018-09-21,81.52999877929688,79.79000091552734,79.80000305175781,80.63999938964844,5208100.0,76.20417022705078
2018-09-24,81.66000366210938,79.27999877929688,80.97000122070312,79.41999816894531,3651800.0,75.05127716064453
2018-09-25,79.98999786376953,77.23999786376953,79.31999969482422,77.86000061035156,2633400.0,73.57709503173828
2018-09-26,80.41999816894531,78.19999694824219,78.41000366210938,79.62999725341797,2497500.0,75.24971008300781
2018-09-27,79.80999755859375,78.06999969482422,79.52999877929688,78.26000213623047,2726500.0,73.95508575439453
2018-09-28,80.13999938964844,77.95999908447266,77.95999908447266,79.36000061035156,3341600.0,74.99457550048828
2018-10-01,79.81999969482422,78.27999877929688,79.56999969482422,79.01000213623047,2130400.0,74.66382598876953
2018-10-02,79.06999969482422,75.08000183105469,79.0,75.19999694824219,3946200.0,71.06340026855469
2018-10-03,75.7300033569336,74.37000274658203,75.38999938964844,75.01000213623047,3263800.0,70.88385772705078
2018-10-04,75.20999908447266,73.01000213623047,75.01000213623047,73.1500015258789,3675400.0,69.12616729736328
2018-10-05,74.5999984741211,71.66999816894531,72.58000183105469,72.55000305175781,3022400.0,68.55917358398438
2018-10-08,72.6500015258789,70.16999816894531,72.19000244140625,71.37999725341797,3795700.0,67.45353698730469
2018-10-09,72.94000244140625,70.7699966430664,70.9000015258789,71.33999633789062,4040600.0,67.41572570800781
2018-10-10,72.27999877929688,70.62000274658203,71.79000091552734,70.77999877929688,3459700.0,66.88654327392578
2018-10-11,72.5199966430664,70.19000244140625,70.75,70.75,3611200.0,66.85819244384766
2018-10-12,72.95999908447266,71.26000213623047,71.94999694824219,72.44999694824219,3576800.0,68.46467590332031
2018-10-15,73.7699966430664,72.54000091552734,72.7300033569336,72.98999786376953,3213900.0,68.97496795654297
2018-10-16,74.9800033569336,72.80999755859375,73.2300033569336,74.80999755859375,2301100.0,70.69486236572266
2018-10-17,75.06999969482422,72.55000305175781,74.69000244140625,73.83000183105469,2565600.0,69.7687759399414
2018-10-18,73.8499984741211,71.86000061035156,73.47000122070312,72.6500015258789,2451000.0,68.65367126464844
2018-10-19,72.93000030517578,70.47000122070312,72.87999725341797,70.79000091552734,2934000.0,66.89599609375
2018-10-22,72.5199966430664,70.5999984741211,71.19999694824219,72.19000244140625,2149700.0,68.21898651123047
2018-10-23,71.98999786376953,69.56999969482422,70.91000366210938,71.66999816894531,2838800.0,67.72759246826172
2018-10-24,72.87000274658203,68.7699966430664,71.66000366210938,68.94999694824219,3973100.0,65.1572036743164
2018-10-25,70.44999694824219,68.87999725341797,69.26000213623047,69.16999816894531,2665000.0,65.36509704589844
2018-10-26,69.33000183105469,66.08000183105469,68.44000244140625,68.44999694824219,3884700.0,64.6847152709961
2018-10-29,70.02999877929688,67.0,68.97000122070312,67.9800033569336,3286700.0,64.24057006835938
2018-10-30,70.88999938964844,67.68000030517578,68.05999755859375,70.51000213623047,3156800.0,66.63140106201172
2018-10-31,71.70999908447266,70.12999725341797,71.26000213623047,70.16000366210938,2509400.0,66.30065155029297
2018-11-01,73.13999938964844,69.19999694824219,70.06999969482422,73.08000183105469,2977900.0,69.06002807617188
2018-11-02,75.11000061035156,70.45999908447266,73.88999938964844,71.88999938964844,4078300.0,67.93549346923828
2018-11-05,72.05999755859375,69.5199966430664,71.83999633789062,71.0999984741211,3085200.0,67.18892669677734
2018-11-06,71.91000366210938,70.08999633789062,71.04000091552734,71.68000030517578,2393400.0,67.7370376586914
2018-11-07,72.86000061035156,70.55999755859375,71.94000244140625,72.80999755859375,2308900.0,68.80488586425781
2018-11-08,73.58999633789062,72.01000213623047,72.44999694824219,73.2300033569336,2946900.0,69.20178985595703
2018-11-09,73.29000091552734,67.70999908447266,73.1500015258789,67.79000091552734,6359000.0,64.06101989746094
2018-11-12,68.37999725341797,66.55000305175781,67.5999984741211,67.1500015258789,4200700.0,63.45622634887695
2018-11-13,67.69999694824219,64.8499984741211,64.94999694824219,67.05000305175781,5587900.0,63.36172866821289
2018-11-14,69.0999984741211,66.08999633789062,67.62999725341797,66.55000305175781,4390100.0,62.889225006103516
2018-11-15,68.27999877929688,64.80999755859375,65.93000030517578,67.77999877929688,5487000.0,64.05155944824219
2018-11-16,67.55999755859375,65.5199966430664,67.44000244140625,66.43000030517578,5276100.0,62.77582931518555
2018-11-19,67.29000091552734,62.18000030517578,66.0999984741211,62.20000076293945,7457300.0,58.77851486206055
2018-11-20,65.54000091552734,60.06999969482422,61.0,63.529998779296875,11885200.0,60.03535079956055
2018-11-21,65.0,60.84000015258789,64.41999816894531,62.09000015258789,9104500.0,58.674560546875
2018-11-23,62.970001220703125,61.880001068115234,61.9900016784668,62.54999923706055,3849900.0,59.10926055908203
2018-11-26,64.8499984741211,63.459999084472656,63.619998931884766,64.33999633789062,5711700.0,60.80078887939453
2018-11-27,64.9800033569336,63.31999969482422,64.0,64.68000030517578,4055000.0,61.12208938598633
2018-11-28,65.80999755859375,64.04000091552734,64.9800033569336,65.58999633789062,3956600.0,61.982032775878906
2018-11-29,65.08999633789062,63.900001525878906,65.0199966430664,64.06999969482422,4235200.0,60.5456428527832
2018-11-30,65.0,63.34000015258789,63.869998931884766,64.58999633789062,3992300.0,61.03704071044922
2018-12-03,67.55999755859375,65.7699966430664,66.08999633789062,66.98999786376953,6536200.0,63.305023193359375
2018-12-04,67.05999755859375,62.029998779296875,66.70999908447266,62.2599983215332,7036000.0,58.835205078125
2018-12-06,62.36000061035156,60.34000015258789,61.2599983215332,62.279998779296875,5245100.0,58.85410690307617
2018-12-07,63.63999938964844,60.36000061035156,62.220001220703125,60.58000183105469,3641200.0,57.24762725830078
2018-12-10,60.369998931884766,58.06999969482422,60.369998931884766,58.65999984741211,3777300.0,55.84809112548828
2018-12-11,59.9900016784668,57.56999969482422,59.43000030517578,58.09000015258789,3557900.0,55.3054084777832
2018-12-12,59.849998474121094,58.40999984741211,58.7400016784668,58.97999954223633,4712700.0,56.15274429321289
2018-12-13,58.81999969482422,55.560001373291016,58.72999954223633,55.93000030517578,5613700.0,53.24895477294922
2018-12-14,57.400001525878906,55.060001373291016,55.25,55.369998931884766,5234700.0,52.71579360961914
2018-12-17,54.369998931884766,51.560001373291016,52.36000061035156,52.22999954223633,10194200.0,49.72631072998047
2018-12-18,53.5,51.560001373291016,52.790000915527344,51.970001220703125,5956400.0,49.47877883911133
2018-12-19,53.529998779296875,50.7400016784668,52.9900016784668,50.959999084472656,4896600.0,48.51719284057617
2018-12-20,51.970001220703125,49.650001525878906,50.810001373291016,50.40999984741211,6123000.0,47.99355697631836
2018-12-21,51.599998474121094,48.61000061035156,50.77000045776367,48.86000061035156,6188500.0,46.517860412597656
2018-12-24,51.0099983215332,47.720001220703125,48.529998779296875,48.2400016784668,1778000.0,45.92757797241211
2018-12-26,51.619998931884766,48.459999084472656,48.599998474121094,51.56999969482422,4419300.0,49.09794616699219
2018-12-27,51.97999954223633,50.0,50.720001220703125,51.959999084472656,3494800.0,49.46925735473633
2018-12-28,52.470001220703125,50.810001373291016,52.20000076293945,51.34000015258789,2823700.0,48.87897491455078
2018-12-31,52.959999084472656,51.720001220703125,51.720001220703125,52.959999084472656,3330900.0,50.421321868896484
2019-01-02,54.040000915527344,52.0,52.189998626708984,53.599998474121094,3335700.0,51.03064727783203
2019-01-03,53.9900016784668,50.939998626708984,52.70000076293945,52.5,6208400.0,49.983367919921875
2019-01-04,53.68000030517578,52.54999923706055,53.11000061035156,52.75,4910700.0,50.22138595581055
2019-01-07,56.220001220703125,52.939998626708984,52.939998626708984,55.7599983215332,4251000.0,53.08710479736328
2019-01-08,57.52000045776367,55.150001525878906,56.36000061035156,57.400001525878906,4039800.0,54.64849090576172
2019-01-09,58.279998779296875,56.130001068115234,57.18000030517578,57.83000183105469,5282600.0,55.05788040161133
2019-01-10,56.93000030517578,55.119998931884766,56.38999938964844,56.869998931884766,3645900.0,54.14389419555664
2019-01-11,57.54999923706055,56.0,56.41999816894531,56.5099983215332,3413400.0,53.801151275634766
2019-01-14,57.97999954223633,55.84000015258789,56.11000061035156,57.279998779296875,2627300.0,54.534236907958984
2019-01-15,57.41999816894531,56.09000015258789,57.25,56.66999816894531,3795600.0,53.9534797668457
2019-01-16,56.86000061035156,55.970001220703125,56.619998931884766,56.33000183105469,2652200.0,53.629783630371094
2019-01-17,58.099998474121094,56.029998779296875,56.380001068115234,57.81999969482422,3293600.0,55.0483512878418
2019-01-18,59.47999954223633,58.22999954223633,58.25,58.709999084472656,2807000.0,55.89569091796875
2019-01-22,58.68000030517578,57.209999084472656,58.279998779296875,57.77000045776367,2520300.0,55.000755310058594
2019-01-23,58.08000183105469,56.38999938964844,57.97999954223633,57.310001373291016,2346300.0,54.56280517578125
2019-01-24,57.70000076293945,56.720001220703125,57.459999084472656,57.599998474121094,1757800.0,54.838897705078125
2019-01-25,59.45000076293945,58.13999938964844,58.13999938964844,59.34000015258789,2821400.0,56.4954948425293
2019-01-28,59.540000915527344,58.06999969482422,58.7400016784668,59.5,2746700.0,56.647823333740234
2019-01-29,59.45000076293945,58.33000183105469,59.439998626708984,58.779998779296875,2094500.0,55.962337493896484
2019-01-30,59.27000045776367,58.36000061035156,58.869998931884766,58.97999954223633,2477200.0,56.15274429321289
2019-01-31,59.470001220703125,58.81999969482422,58.97999954223633,59.2400016784668,3653300.0,56.4002799987793
2019-02-01,59.2400016784668,57.779998779296875,59.2400016784668,58.470001220703125,3784800.0,55.667198181152344
2019-02-04,59.38999938964844,58.22999954223633,58.599998474121094,59.209999084472656,1859500.0,56.37172317504883
2019-02-05,59.599998474121094,58.900001525878906,59.29999923706055,59.52000045776367,3132200.0,56.66686248779297
2019-02-06,59.880001068115234,58.810001373291016,59.599998474121094,59.459999084472656,1900600.0,56.60973358154297
2019-02-07,59.36000061035156,58.06999969482422,59.16999816894531,58.86000061035156,1845900.0,56.03850555419922
2019-02-08,59.02000045776367,58.150001525878906,58.209999084472656,58.95000076293945,1701500.0,56.12418746948242
2019-02-11,59.09000015258789,58.220001220703125,59.0099983215332,58.45000076293945,2227100.0,55.648155212402344
2019-02-12,60.52000045776367,58.75,58.75,59.86000061035156,2970300.0,56.990570068359375
2019-02-13,60.369998931884766,59.22999954223633,60.11000061035156,59.4900016784668,3001600.0,56.63829803466797
2019-02-14,60.099998474121094,58.65999984741211,59.04999923706055,59.56999969482422,2908400.0,56.71446228027344
2019-02-15,60.43000030517578,59.630001068115234,60.060001373291016,60.18000030517578,1951200.0,57.295223236083984
2019-02-19,60.52000045776367,59.5099983215332,60.25,60.34000015258789,2869700.0,57.44755935668945
2019-02-20,60.77000045776367,60.13999938964844,60.5,60.31999969482422,2878600.0,57.42851257324219
2019-02-21,60.779998779296875,59.439998626708984,60.45000076293945,59.77000045776367,2442200.0,56.904884338378906
2019-02-22,60.61000061035156,59.349998474121094,59.849998474121094,60.439998626708984,2307400.0,57.542762756347656
2019-02-25,61.400001525878906,60.38999938964844,61.150001525878906,60.54999923706055,3805200.0,57.647491455078125
2019-02-26,60.689998626708984,59.59000015258789,60.5,60.310001373291016,4177900.0,57.41899871826172
2019-02-27,70.7300033569336,67.98999786376953,68.2699966430664,68.81999969482422,17901700.0,65.52106475830078
2019-02-28,70.12999725341797,68.13999938964844,69.48999786376953,68.83999633789062,6834800.0,65.54010772705078
2019-03-01,69.8499984741211,67.62000274658203,69.63999938964844,67.80999755859375,5413400.0,64.55946350097656
2019-03-04,68.58999633789062,66.63999938964844,68.0,67.05999755859375,4253700.0,63.84542465209961
2019-03-05,67.80999755859375,66.43000030517578,67.55000305175781,66.80999755859375,3314500.0,63.60740661621094
2019-03-06,67.98999786376953,66.61000061035156,67.29000091552734,67.29000091552734,3855900.0,64.06440734863281
2019-03-07,67.81999969482422,66.5999984741211,66.83000183105469,67.63999938964844,3694300.0,64.39763641357422
2019-03-08,67.43000030517578,66.36000061035156,66.87999725341797,67.37000274658203,3123600.0,64.14056396484375
2019-03-11,69.19999694824219,67.5999984741211,67.5999984741211,68.72000122070312,3978400.0,65.42585754394531
2019-03-12,69.18000030517578,67.95999908447266,68.98999786376953,68.83000183105469,2622100.0,65.53057861328125
2019-03-13,69.16000366210938,68.3499984741211,69.0,68.3499984741211,3510400.0,65.0735855102539
2019-03-14,69.33000183105469,68.0,68.23999786376953,68.8499984741211,4257300.0,65.54962158203125
2019-03-15,69.66999816894531,68.30999755859375,68.87999725341797,69.62999725341797,6814000.0,66.29222869873047
2019-03-18,70.27999877929688,69.37999725341797,69.66000366210938,70.23999786376953,3534800.0,66.87298583984375
2019-03-19,70.62000274658203,69.72000122070312,70.26000213623047,69.88999938964844,3504100.0,67.0168228149414
2019-03-20,69.91999816894531,68.16999816894531,69.6500015258789,69.11000061035156,3377000.0,66.2688980102539
2019-03-21,70.72000122070312,68.81999969482422,69.06999969482422,70.55999755859375,2693200.0,67.6592788696289
2019-03-22,73.33999633789062,70.0999984741211,72.12999725341797,70.11000061035156,4006500.0,67.22779083251953
2019-03-25,71.31999969482422,69.7699966430664,69.81999969482422,70.88999938964844,2242000.0,67.97572326660156
2019-03-26,71.86000061035156,70.26000213623047,71.44000244140625,70.5,2804200.0,67.60174560546875
2019-03-27,71.19000244140625,70.0199966430664,70.37999725341797,70.5,4090300.0,67.60174560546875
2019-03-28,71.68000030517578,70.38999938964844,70.8499984741211,71.0999984741211,3805100.0,68.17707824707031
2019-03-29,71.52999877929688,70.80999755859375,71.27999877929688,71.05999755859375,2788300.0,68.13871765136719
2019-04-01,72.26000213623047,71.08999633789062,71.36000061035156,72.08999633789062,2787100.0,69.12638092041016
2019-04-02,72.02999877929688,71.12000274658203,72.02999877929688,71.44999694824219,1997700.0,68.51268768310547
2019-04-03,72.77999877929688,71.75,71.83999633789062,72.54000091552734,2347700.0,69.5578842163086
2019-04-04,74.58999633789062,72.29000091552734,72.4800033569336,74.56999969482422,2465500.0,71.50443267822266
2019-04-05,75.1500015258789,74.33000183105469,74.94999694824219,74.7699966430664,3171600.0,71.69621276855469
2019-04-08,75.29000091552734,74.37999725341797,74.62000274658203,74.81999969482422,2236000.0,71.74414825439453
2019-04-09,75.20999908447266,74.38999938964844,74.5,74.75,1772400.0,71.67703247070312
2019-04-10,75.52999877929688,74.20999908447266,74.77999877929688,74.48999786376953,2360600.0,71.42771911621094
2019-04-11,74.54000091552734,73.5999984741211,74.52999877929688,73.9800033569336,1771100.0,70.93869018554688
2019-04-12,74.31999969482422,73.44000244140625,74.12000274658203,73.56999969482422,1711800.0,70.54553985595703
2019-04-15,73.5199966430664,72.69999694824219,72.94000244140625,73.23999786376953,2295800.0,70.22911071777344
2019-04-16,73.75,72.98999786376953,73.38999938964844,73.16000366210938,2111000.0,70.15240478515625
2019-04-17,74.41000366210938,73.16999816894531,73.62999725341797,73.4000015258789,1702000.0,70.38253784179688
2019-04-18,74.08000183105469,72.9800033569336,73.37000274658203,73.63999938964844,2377400.0,70.61266326904297
2019-04-22,73.62999725341797,72.56999969482422,73.20999908447266,72.5999984741211,2439500.0,69.61541748046875
2019-04-23,73.9000015258789,72.20999908447266,72.91000366210938,73.62000274658203,2075500.0,70.59349060058594
2019-04-24,75.91000366210938,74.47000122070312,75.48999786376953,74.69000244140625,2126400.0,71.61949920654297
2019-04-25,74.4800033569336,73.08000183105469,74.4800033569336,73.79000091552734,2083800.0,70.7564926147461
2019-04-26,73.33000183105469,71.4000015258789,72.41000366210938,72.80000305175781,3032900.0,69.80719757080078
2019-04-29,74.0199966430664,72.80000305175781,72.87999725341797,73.38999938964844,2231800.0,70.3729476928711
2019-04-30,74.54000091552734,73.13999938964844,73.13999938964844,74.41000366210938,2552800.0,71.35100555419922
2019-05-01,74.9800033569336,73.76000213623047,74.41000366210938,73.83000183105469,1752600.0,70.79484558105469
2019-05-02,75.18000030517578,73.8499984741211,74.0,75.18000030517578,2288200.0,72.08935546875
2019-05-03,75.52999877929688,74.58000183105469,75.27999877929688,75.02999877929688,2031100.0,71.94552612304688
2019-05-06,75.06999969482422,72.88999938964844,73.75,74.95999908447266,2804300.0,71.8783950805664
2019-05-07,75.16999816894531,72.75,74.27999877929688,73.29000091552734,3156900.0,70.27704620361328
2019-05-08,74.69000244140625,72.45999908447266,73.12999725341797,73.4800033569336,2746600.0,70.4592514038086
2019-05-09,72.94999694824219,70.75,72.80999755859375,72.29000091552734,3433300.0,69.31816864013672
2019-05-10,72.19999694824219,68.54000091552734,72.06999969482422,71.31999969482422,3965800.0,68.38803100585938
2019-05-13,70.33000183105469,66.0,70.30000305175781,67.0999984741211,5408500.0,64.34152221679688
2019-05-14,68.52999877929688,66.52999877929688,67.25,67.62000274658203,3780600.0,64.84014892578125
2019-05-15,68.1500015258789,67.0199966430664,67.1500015258789,67.86000061035156,2370000.0,65.07028198242188
2019-05-16,69.63999938964844,68.05999755859375,68.44000244140625,68.73999786376953,3272400.0,65.91409301757812
2019-05-17,69.81999969482422,68.0,68.01000213623047,68.93000030517578,2439200.0,66.0962905883789
2019-05-20,69.29000091552734,68.30000305175781,68.4800033569336,68.83999633789062,2794500.0,66.00999450683594
2019-05-21,70.23999786376953,68.5,68.93000030517578,69.94999694824219,2616200.0,67.07435607910156
2019-05-22,70.75,69.16999816894531,69.73999786376953,69.16999816894531,4517400.0,66.326416015625
2019-05-23,70.0,64.41000366210938,69.05999755859375,65.81999969482422,7999700.0,63.11414337158203
2019-05-24,66.20999908447266,63.34000015258789,65.43000030517578,65.94000244140625,6090000.0,63.229217529296875
2019-05-28,66.70999908447266,65.37000274658203,65.68000030517578,65.4000015258789,3484000.0,62.71141052246094
2019-05-29,65.63999938964844,63.400001525878906,64.66000366210938,64.54000091552734,3671100.0,61.88676834106445
2019-05-30,65.48999786376953,64.41000366210938,65.23999786376953,65.01000213623047,3604900.0,62.33744812011719
2019-05-31,64.01000213623047,62.369998931884766,63.810001373291016,62.66999816894531,3542900.0,60.09363555908203
2019-06-03,63.7599983215332,62.220001220703125,62.38999938964844,63.220001220703125,3851500.0,60.621028900146484
2019-06-04,64.80000305175781,63.83000183105469,64.01000213623047,63.939998626708984,2819800.0,61.31142807006836
2019-06-05,64.86000061035156,62.91999816894531,64.16000366210938,63.220001220703125,2481100.0,60.621028900146484
2019-06-06,63.40999984741211,61.58000183105469,63.040000915527344,62.29999923706055,2605500.0,59.738853454589844
2019-06-07,64.12999725341797,62.540000915527344,62.630001068115234,63.720001220703125,2655100.0,61.1004753112793
2019-06-10,66.05000305175781,63.939998626708984,64.58000183105469,65.19000244140625,3210400.0,62.51003646850586
2019-06-11,66.04000091552734,64.81999969482422,65.48999786376953,65.5199966430664,2212100.0,62.826473236083984
2019-06-12,65.37999725341797,64.36000061035156,65.06999969482422,64.44999694824219,1555000.0,62.275699615478516
2019-06-13,65.86000061035156,64.80999755859375,64.80999755859375,65.83999633789062,1619700.0,63.618812561035156
2019-06-14,66.29000091552734,64.94999694824219,65.9800033569336,66.02999877929688,2148000.0,63.802398681640625
2019-06-17,66.91000366210938,65.62999725341797,65.80000305175781,66.62999725341797,1968600.0,64.38214874267578
2019-06-18,69.70999908447266,66.72000122070312,66.94000244140625,68.6500015258789,3482500.0,66.33402252197266
2019-06-19,69.0,67.30999755859375,68.69000244140625,67.62000274658203,2750100.0,65.33876037597656
2019-06-20,68.51000213623047,67.33000183105469,68.26000213623047,68.38999938964844,1741300.0,66.08279418945312
2019-06-21,68.5,67.20999908447266,68.36000061035156,67.54000091552734,2868300.0,65.26146697998047
2019-06-24,67.70999908447266,66.81999969482422,67.51000213623047,67.47000122070312,1472400.0,65.1938247680664
2019-06-25,68.0,66.26000213623047,67.52999877929688,66.38999938964844,1963700.0,64.15026092529297
2019-06-26,68.69999694824219,66.7300033569336,67.13999938964844,68.13999938964844,2453200.0,65.84121704101562
2019-06-27,68.58999633789062,68.01000213623047,68.4000015258789,68.47000122070312,1679900.0,66.16008758544922
2019-06-28,69.81999969482422,68.16000366210938,68.16000366210938,69.7300033569336,3051900.0,67.37757873535156
2019-07-01,73.6500015258789,70.91000366210938,71.23999786376953,72.43000030517578,3998800.0,69.98649597167969
2019-07-02,72.51000213623047,70.9800033569336,72.43000030517578,71.63999938964844,2116900.0,69.22313690185547
2019-07-03,72.27999877929688,71.77999877929688,71.9000015258789,71.97000122070312,1338800.0,69.54200744628906
2019-07-05,72.13999938964844,71.2699966430664,71.7300033569336,71.88999938964844,1422900.0,69.46471405029297
2019-07-08,73.1500015258789,71.51000213623047,72.12999725341797,72.0,2527500.0,69.57100677490234
2019-07-09,72.31999969482422,71.5,71.66999816894531,71.86000061035156,3624500.0,69.43572235107422
2019-07-10,72.2300033569336,71.30999755859375,72.05000305175781,71.93000030517578,2687600.0,69.50336456298828
2019-07-11,73.76000213623047,71.70999908447266,71.97000122070312,73.75,2415700.0,71.261962890625
2019-07-12,75.22000122070312,73.94999694824219,73.94999694824219,74.7699966430664,2262600.0,72.24755096435547
2019-07-15,75.63999938964844,74.43000030517578,74.75,75.5,2030900.0,72.95292663574219
2019-07-16,75.47000122070312,74.19999694824219,75.29000091552734,74.77999877929688,2301900.0,72.25720977783203
2019-07-17,75.01000213623047,74.05000305175781,74.72000122070312,74.2300033569336,1671900.0,71.72577667236328
2019-07-18,74.41999816894531,73.41999816894531,73.94000244140625,73.83999633789062,1665800.0,71.34892272949219
2019-07-19,75.06999969482422,73.9800033569336,74.05000305175781,74.70999908447266,1787800.0,72.1895751953125
2019-07-22,75.91999816894531,74.7300033569336,74.98999786376953,75.69999694824219,2947800.0,73.14617156982422
2019-07-23,76.80000305175781,75.51000213623047,75.83999633789062,76.51000213623047,1954400.0,73.92884826660156
2019-07-24,78.12999725341797,76.41000366210938,76.4800033569336,77.86000061035156,1772300.0,75.2332992553711
2019-07-25,78.52999877929688,76.80000305175781,76.80000305175781,77.06999969482422,1873300.0,74.46995544433594
2019-07-26,78.08000183105469,76.20999908447266,77.66999816894531,77.75,1662500.0,75.12700653076172
2019-07-29,77.87000274658203,77.05000305175781,77.7300033569336,77.5999984741211,1199600.0,74.98207092285156
2019-07-30,77.86000061035156,76.7300033569336,77.33999633789062,77.0,2016400.0,74.4023208618164
2019-07-31,77.62000274658203,75.55999755859375,76.83000183105469,76.52999877929688,1848100.0,73.94816589355469
2019-08-01,77.2300033569336,67.87000274658203,76.70999908447266,68.2699966430664,7551400.0,65.96682739257812
2019-08-02,68.97000122070312,67.0199966430664,68.26000213623047,68.52999877929688,3954400.0,66.21806335449219
2019-08-05,66.80000305175781,64.86000061035156,66.80000305175781,66.13999938964844,3758600.0,63.908687591552734
2019-08-06,67.87000274658203,65.87999725341797,66.55000305175781,67.69999694824219,2590600.0,65.41606140136719
2019-08-07,67.97000122070312,65.76000213623047,67.0199966430664,67.70999908447266,2670600.0,65.42572784423828
2019-08-08,69.1500015258789,68.05999755859375,68.48999786376953,68.91000366210938,1819600.0,66.58524322509766
2019-08-09,69.12999725341797,67.08000183105469,68.8499984741211,67.36000061035156,1628500.0,65.08753204345703
2019-08-12,67.11000061035156,66.4000015258789,66.7300033569336,66.95999908447266,1116500.0,64.7010269165039
2019-08-13,74.48999786376953,65.8499984741211,66.73999786376953,71.29000091552734,5658400.0,68.88494873046875
2019-08-14,68.6500015258789,66.38999938964844,68.5,66.97000122070312,3271700.0,64.71068572998047
2019-08-15,67.66000366210938,62.959999084472656,67.66000366210938,63.93000030517578,3727400.0,61.773250579833984
2019-08-16,65.91000366210938,64.5199966430664,64.58000183105469,65.4800033569336,1897300.0,63.27096176147461
2019-08-19,67.22000122070312,65.91999816894531,66.55999755859375,66.26000213623047,1431000.0,64.0246353149414
2019-08-20,67.25,65.72000122070312,66.0,66.04000091552734,1299100.0,63.81206130981445
2019-08-21,68.61000061035156,67.45999908447266,67.70999908447266,67.86000061035156,1793100.0,65.57067108154297
2019-08-22,69.5,67.52999877929688,68.0,68.80000305175781,2433100.0,66.47895050048828
2019-08-23,68.20999908447266,65.23999786376953,68.01000213623047,66.20999908447266,4726800.0,63.97632598876953
2019-08-26,67.75,65.93000030517578,67.19000244140625,67.6500015258789,2685500.0,65.36775207519531
2019-08-27,69.12999725341797,67.63999938964844,68.6500015258789,67.81999969482422,3432200.0,65.5320053100586
2019-08-28,69.4800033569336,67.54000091552734,67.62000274658203,69.0,3405100.0,66.67220306396484
2019-08-29,65.88999938964844,62.040000915527344,65.27999877929688,63.4900016784668,13762500.0,61.34809112548828
2019-08-30,64.38999938964844,62.880001068115234,62.88999938964844,63.650001525878906,4712800.0,61.50269317626953
2019-09-03,64.83999633789062,62.47999954223633,63.029998779296875,63.209999084472656,4072500.0,61.07753372192383
2019-09-04,64.47000122070312,63.5099983215332,63.70000076293945,63.93000030517578,2731900.0,61.773250579833984
2019-09-05,66.19999694824219,64.63999938964844,65.05000305175781,65.76000213623047,2745100.0,63.541507720947266
2019-09-06,67.0,66.04000091552734,66.05000305175781,66.3499984741211,2626200.0,64.11161041259766
2019-09-09,69.30000305175781,67.01000213623047,67.0199966430664,69.22000122070312,2620400.0,66.88478088378906
2019-09-10,69.9000015258789,68.26000213623047,68.83999633789062,69.0199966430664,3092600.0,66.6915283203125
2019-09-11,69.48999786376953,67.44999694824219,68.75,67.83999633789062,2451600.0,65.55133819580078
2019-09-12,69.27999877929688,66.80999755859375,67.87999725341797,67.86000061035156,2720100.0,65.57067108154297
2019-09-13,68.8499984741211,67.18000030517578,68.3499984741211,67.54000091552734,2579700.0,65.26146697998047
2019-09-16,69.0199966430664,66.91999816894531,67.27999877929688,68.91000366210938,2335900.0,66.58524322509766
2019-09-17,68.87000274658203,67.56999969482422,68.68000030517578,68.41999816894531,2514800.0,66.11177825927734
2019-09-18,68.58000183105469,66.47000122070312,67.86000061035156,67.1500015258789,1710100.0,65.3622817993164
2019-09-19,68.0,67.43000030517578,67.5999984741211,67.58999633789062,1377800.0,65.7905502319336
2019-09-20,68.37000274658203,66.51000213623047,68.0,66.7699966430664,2265800.0,64.99238586425781
2019-09-23,67.80999755859375,66.3499984741211,66.5999984741211,67.41000366210938,1550500.0,65.61534881591797
2019-09-24,68.61000061035156,66.80000305175781,67.66999816894531,67.70999908447266,2175900.0,65.90736389160156
2019-09-25,68.22000122070312,66.66999816894531,68.18000030517578,67.43000030517578,2206500.0,65.63482666015625
2019-09-26,67.68000030517578,66.25,67.45999908447266,66.95999908447266,1806800.0,65.17733001708984
2019-09-27,68.52999877929688,67.22000122070312,67.22000122070312,68.2699966430664,1789200.0,66.45245361328125
2019-09-30,69.30999755859375,68.3499984741211,68.4800033569336,68.98999786376953,1849100.0,67.15328216552734
2019-10-01,69.93000030517578,67.80000305175781,69.19999694824219,68.01000213623047,2319500.0,66.19937896728516
2019-10-02,67.45999908447266,64.37999725341797,67.19000244140625,65.0199966430664,2439400.0,63.288978576660156
2019-10-03,65.69000244140625,63.52000045776367,64.69999694824219,65.66000366210938,2098200.0,63.911949157714844
2019-10-04,66.93000030517578,65.81999969482422,65.81999969482422,66.88999938964844,1630000.0,65.10919189453125
2019-10-07,67.58999633789062,66.56999969482422,66.6500015258789,66.81999969482422,1718600.0,65.04105377197266
2019-10-08,66.33999633789062,64.88999938964844,66.02999877929688,65.27999877929688,1659400.0,63.54205322265625
2019-10-09,66.27999877929688,65.48999786376953,65.88999938964844,65.69999694824219,1693500.0,63.95087432861328
2019-10-10,67.16000366210938,65.83999633789062,65.83999633789062,66.7300033569336,1830600.0,64.95346069335938
2019-10-11,70.18000030517578,67.83999633789062,67.83999633789062,69.52999877929688,2683200.0,67.67890930175781
2019-10-14,68.95999908447266,68.05000305175781,68.95999908447266,68.72000122070312,1322900.0,66.89047241210938
2019-10-15,69.05000305175781,67.94000244140625,68.77999877929688,67.94000244140625,1998700.0,66.1312484741211
2019-10-16,69.04000091552734,67.5,67.7300033569336,68.41000366210938,2191100.0,66.5887222290039
2019-10-17,70.08999633789062,68.66999816894531,68.9000015258789,69.87999725341797,1801800.0,68.01959228515625
2019-10-18,70.95999908447266,69.23999786376953,69.4800033569336,70.5199966430664,2305800.0,68.6425552368164
2019-10-21,72.08000183105469,71.05999755859375,71.12999725341797,71.47000122070312,1529700.0,69.5672607421875
2019-10-22,72.76000213623047,71.29000091552734,71.69999694824219,72.4000015258789,1506600.0,70.47250366210938
2019-10-23,72.75,71.8499984741211,72.4000015258789,72.06999969482422,1702400.0,70.15129852294922
2019-10-24,72.95999908447266,70.80000305175781,72.61000061035156,72.12000274658203,1578400.0,70.19996643066406
2019-10-25,73.94000244140625,71.4800033569336,71.8499984741211,73.1500015258789,1440700.0,71.2025375366211
2019-10-28,75.4000015258789,74.04000091552734,74.29000091552734,74.37000274658203,1980900.0,72.39006042480469
2019-10-29,74.76000213623047,73.80999755859375,74.12999725341797,73.9000015258789,2100300.0,71.93257141113281
2019-10-30,73.91999816894531,71.19999694824219,73.83000183105469,72.69999694824219,1834900.0,70.76451873779297
2019-10-31,72.69999694824219,71.12000274658203,72.31999969482422,71.83000183105469,1949300.0,69.91767883300781
2019-11-01,73.5,72.12000274658203,72.4000015258789,72.91999816894531,2353600.0,70.9786605834961
2019-11-04,74.94999694824219,73.5999984741211,73.6500015258789,74.80999755859375,1484500.0,72.81834411621094
2019-11-05,76.0,74.55000305175781,75.0,74.83999633789062,2867600.0,72.84754943847656
2019-11-06,75.27999877929688,73.61000061035156,74.97000122070312,75.05000305175781,2501300.0,73.05195617675781
2019-11-07,76.88999938964844,75.80000305175781,75.97000122070312,76.01000213623047,1818500.0,73.98639678955078
2019-11-08,76.86000061035156,75.41000366210938,75.68000030517578,76.8499984741211,1984200.0,74.80403137207031
2019-11-11,76.94999694824219,75.6500015258789,76.5,76.25,2602300.0,74.22000885009766
2019-11-12,76.19000244140625,74.9800033569336,76.19000244140625,75.19000244140625,2184200.0,73.188232421875
2019-11-13,75.41999816894531,74.19000244140625,74.7300033569336,75.0199966430664,1591200.0,73.02274322509766
2019-11-14,75.98999786376953,74.87000274658203,74.91999816894531,75.5999984741211,1803100.0,73.5873031616211
2019-11-15,77.11000061035156,75.91000366210938,75.93000030517578,77.08999633789062,2206700.0,75.03763580322266
2019-11-18,77.69000244140625,76.30000305175781,76.66000366210938,77.29000091552734,2561900.0,75.23231506347656
2019-11-19,76.61000061035156,74.80000305175781,76.41999816894531,75.36000061035156,2322800.0,73.35370635986328
2019-11-20,75.33999633789062,73.80000305175781,74.91999816894531,74.1500015258789,2188500.0,72.17591857910156
2019-11-21,74.5,72.02999877929688,74.31999969482422,72.20999908447266,3390300.0,70.28755950927734
2019-11-22,72.80000305175781,71.88999938964844,72.29000091552734,72.63999938964844,2405200.0,70.70610809326172
2019-11-25,74.48999786376953,72.13999938964844,73.25,74.25,4212800.0,72.27325439453125
2019-11-26,83.62999725341797,77.04000091552734,77.19999694824219,81.56999969482422,13915500.0,79.39836883544922
2019-11-27,82.4800033569336,80.11000061035156,82.29000091552734,80.73999786376953,6039500.0,78.59046173095703
2019-11-29,81.44000244140625,79.51000213623047,80.2699966430664,80.63999938964844,2962500.0,78.49313354492188
2019-12-02,81.0,78.36000061035156,81.0,79.19999694824219,4329800.0,77.09146881103516
2019-12-03,78.18000030517578,77.05000305175781,77.5,78.11000061035156,4215500.0,76.03048706054688
2019-12-04,79.5999984741211,78.30000305175781,78.6500015258789,79.18000030517578,3112700.0,77.0719985961914
2019-12-05,80.37000274658203,78.88999938964844,78.91000366210938,80.31999969482422,3006400.0,78.18164825439453
2019-12-06,82.48999786376953,81.22000122070312,81.2300033569336,82.05000305175781,3699000.0,79.8656005859375
2019-12-09,83.6500015258789,81.47000122070312,81.7300033569336,82.56999969482422,2790500.0,80.37174224853516
2019-12-10,83.37000274658203,82.29000091552734,82.55000305175781,82.87999725341797,2102500.0,80.67349243164062
2019-12-11,84.05999755859375,82.0199966430664,82.58000183105469,83.83000183105469,2319700.0,81.59820556640625
2019-12-12,85.55000305175781,83.5,83.91000366210938,85.3499984741211,2904900.0,83.0777359008789
2019-12-13,85.61000061035156,83.95999908447266,85.5,84.79000091552734,2645500.0,82.53264617919922
2019-12-16,86.86000061035156,85.01000213623047,85.08000183105469,85.79000091552734,3643200.0,84.00137329101562
2019-12-17,86.4800033569336,84.55000305175781,85.75,86.36000061035156,1967000.0,84.55949401855469
2019-12-18,87.76000213623047,86.51000213623047,86.68000030517578,87.01000213623047,3172700.0,85.19593811035156
2019-12-19,88.83999633789062,87.05000305175781,87.62000274658203,88.63999938964844,3244900.0,86.79195404052734
2019-12-20,89.5,87.55000305175781,89.20999908447266,87.7300033569336,3650200.0,85.90093231201172
2019-12-23,88.31999969482422,87.25,88.16999816894531,87.63999938964844,1822200.0,85.81279754638672
2019-12-24,88.51000213623047,87.43000030517578,88.01000213623047,87.93000030517578,741800.0,86.09674835205078
2019-12-26,88.19999694824219,87.31999969482422,87.98999786376953,87.8499984741211,1342700.0,86.01842498779297
2019-12-27,88.12999725341797,86.94999694824219,88.0,87.01000213623047,1309600.0,85.19593811035156
2019-12-30,87.95999908447266,86.51000213623047,87.08999633789062,87.56999969482422,1520500.0,85.7442626953125
2019-12-31,88.18000030517578,86.94999694824219,87.25,87.80000305175781,1735200.0,85.96946716308594
2020-01-02,88.44000244140625,86.95999908447266,88.38999938964844,87.30999755859375,2447500.0,85.48968505859375
2020-01-03,87.63999938964844,85.91000366210938,86.06999969482422,87.18000030517578,1713600.0,85.36239624023438
2020-01-06,87.91999816894531,86.25,86.47000122070312,87.91000366210938,2270100.0,86.07717895507812
2020-01-07,89.20999908447266,87.45999908447266,87.79000091552734,88.41000366210938,2040900.0,86.56675720214844
2020-01-08,89.37000274658203,87.86000061035156,88.20999908447266,88.6500015258789,2047000.0,86.80174255371094
2020-01-09,89.48999786376953,88.43000030517578,89.43000030517578,89.37000274658203,2225700.0,87.5067367553711
2020-01-10,90.73999786376953,89.33999633789062,89.58000183105469,90.6500015258789,2452200.0,88.76004791259766
2020-01-13,91.27999877929688,90.36000061035156,90.63999938964844,91.26000213623047,2138000.0,89.35733032226562
2020-01-14,91.83000183105469,90.26000213623047,90.9800033569336,90.47000122070312,1994300.0,88.58380126953125
2020-01-15,89.87000274658203,87.29000091552734,87.5999984741211,88.91999816894531,3783400.0,87.06611633300781
2020-01-16,89.80999755859375,88.55000305175781,89.52999877929688,88.94999694824219,2007000.0,87.09548950195312
2020-01-17,90.33000183105469,88.3499984741211,89.44999694824219,89.94000244140625,3406600.0,88.06485748291016
2020-01-21,91.69999694824219,89.41000366210938,89.44999694824219,90.23999786376953,3611200.0,88.35858917236328
2020-01-22,91.16999816894531,88.95999908447266,90.93000030517578,89.2699966430664,2003300.0,87.40882110595703
2020-01-23,90.30999755859375,88.36000061035156,88.86000061035156,89.81999969482422,1620000.0,87.94734954833984
2020-01-24,90.2699966430664,88.7699966430664,90.2699966430664,89.44000244140625,1209600.0,87.57527923583984
2020-01-27,88.83000183105469,87.3499984741211,87.79000091552734,87.80000305175781,1718300.0,85.96946716308594
2020-01-28,89.30000305175781,87.81999969482422,88.4000015258789,88.88999938964844,1458100.0,87.0367431640625
2020-01-29,90.0999984741211,88.0999984741211,89.37999725341797,88.12000274658203,2623500.0,86.28279113769531
2020-01-30,87.58999633789062,85.91000366210938,87.05000305175781,87.0999984741211,2048900.0,85.2840576171875
2020-01-31,86.95999908447266,84.52999877929688,86.69000244140625,84.69000244140625,2841700.0,82.92430877685547
2020-02-03,86.37000274658203,84.91000366210938,85.38999938964844,85.26000213623047,2170400.0,83.482421875
2020-02-04,87.23999786376953,86.44000244140625,86.52999877929688,86.69000244140625,1795600.0,84.88260650634766
2020-02-05,89.87999725341797,87.36000061035156,87.68000030517578,89.5,2315800.0,87.63402557373047
2020-02-06,90.58000183105469,88.54000091552734,90.02999877929688,88.63999938964844,2018200.0,86.79195404052734
2020-02-07,88.7699966430664,86.4800033569336,88.25,87.0199966430664,1987100.0,85.20572662353516
2020-02-10,88.7300033569336,86.87000274658203,86.88999938964844,88.69999694824219,2311500.0,86.85070037841797
2020-02-11,90.06999969482422,88.72000122070312,89.37999725341797,89.88999938964844,1799500.0,88.0158920288086
2020-02-12,91.19999694824219,90.01000213623047,90.27999877929688,90.93000030517578,1578000.0,89.03421020507812
2020-02-13,91.30999755859375,90.19999694824219,90.4800033569336,90.4000015258789,1725400.0,88.5152587890625
2020-02-14,91.1500015258789,89.86000061035156,91.0,90.20999908447266,1221200.0,88.32921600341797
2020-02-18,90.76000213623047,89.19999694824219,89.51000213623047,90.16000366210938,1544500.0,88.2802734375
2020-02-19,91.2300033569336,90.19999694824219,90.52999877929688,90.94000244140625,1422900.0,89.04400634765625
2020-02-20,91.98999786376953,90.56999969482422,91.08000183105469,91.93000030517578,2212200.0,90.01335906982422
2020-02-21,91.62000274658203,89.62000274658203,91.33999633789062,90.26000213623047,1877800.0,88.37818145751953
2020-02-24,88.0,85.05000305175781,86.16999816894531,85.5,2880900.0,83.71741485595703
2020-02-25,86.76000213623047,81.66999816894531,86.6500015258789,81.88999938964844,2900900.0,80.18267822265625
2020-02-26,84.83000183105469,82.1500015258789,82.83000183105469,82.18000030517578,3465900.0,80.46663665771484
2020-02-27,82.47000122070312,78.0,79.5,78.30999755859375,5770800.0,76.67731475830078
2020-02-28,77.9800033569336,73.33999633789062,76.05999755859375,75.6500015258789,4757200.0,74.07278442382812
2020-03-02,79.62000274658203,74.30999755859375,76.25,79.61000061035156,3898300.0,77.9502182006836
2020-03-03,81.43000030517578,75.81999969482422,79.19999694824219,76.55000305175781,2731400.0,74.95401763916016
2020-03-04,80.4800033569336,77.08999633789062,78.5,80.41000366210938,3110300.0,78.7335433959961
2020-03-05,79.37000274658203,77.01000213623047,77.83000183105469,77.87000274658203,2771400.0,76.24650573730469
2020-03-06,76.69000244140625,72.05999755859375,75.3499984741211,73.81999969482422,3047400.0,72.28093719482422
2020-03-09,69.7300033569336,66.05999755859375,67.73999786376953,66.87000274658203,3959200.0,65.47583770751953
2020-03-10,70.61000061035156,66.41999816894531,69.38999938964844,70.12000274658203,2767700.0,68.6580810546875
2020-03-11,68.04000091552734,63.84000015258789,67.83999633789062,65.37000274658203,3652400.0,64.00711059570312
2020-03-12,60.2400016784668,55.20000076293945,59.9900016784668,55.400001525878906,3948400.0,54.24497604370117
2020-03-13,61.47999954223633,54.38999938964844,59.0,61.060001373291016,4209700.0,59.786964416503906
2020-03-16,57.38999938964844,49.0099983215332,54.0,57.29999923706055,5346600.0,56.10535430908203
2020-03-17,61.22999954223633,55.31999969482422,58.31999969482422,60.31999969482422,7026600.0,59.06239700317383
2020-03-18,57.95000076293945,49.900001525878906,55.20000076293945,54.0,5066800.0,53.3607063293457
2020-03-19,59.209999084472656,48.11000061035156,52.5099983215332,54.75,4186700.0,54.10182571411133
2020-03-20,58.0,51.59000015258789,55.61000061035156,51.650001525878906,3851900.0,51.03852844238281
2020-03-23,53.0,49.0099983215332,50.47999954223633,50.689998626708984,4753100.0,50.08988952636719
2020-03-24,60.86000061035156,53.27000045776367,54.15999984741211,59.20000076293945,3909400.0,58.499141693115234
2020-03-25,64.9800033569336,56.529998779296875,59.7599983215332,60.560001373291016,3706300.0,59.84304428100586
2020-03-26,64.36000061035156,60.5099983215332,61.75,62.880001068115234,2567500.0,62.13557434082031
2020-03-27,64.77999877929688,59.650001525878906,60.4900016784668,62.470001220703125,2589100.0,61.730430603027344
2020-03-30,62.22999954223633,58.40999984741211,61.779998779296875,59.75,4584200.0,59.04262924194336
2020-03-31,60.72999954223633,56.400001525878906,59.72999954223633,57.0,4804200.0,56.32518768310547
2020-04-01,56.2400016784668,53.02000045776367,54.70000076293945,53.900001525878906,3620800.0,53.26188659667969
2020-04-02,55.060001373291016,51.709999084472656,53.130001068115234,52.7599983215332,3455400.0,52.135379791259766
2020-04-03,54.18000030517578,51.810001373291016,52.349998474121094,53.47999954223633,2390200.0,52.846858978271484
2020-04-06,60.689998626708984,55.900001525878906,56.95000076293945,60.150001525878906,2634200.0,59.437896728515625
2020-04-07,65.30999755859375,61.61000061035156,64.69999694824219,61.75,2623600.0,61.01895523071289
2020-04-08,65.33999633789062,62.540000915527344,63.130001068115234,64.44999694824219,3348600.0,63.686988830566406
2020-04-09,68.08999633789062,64.75,65.94000244140625,65.98999786376953,2729200.0,65.20874786376953
2020-04-13,68.7300033569336,64.72000122070312,65.5999984741211,68.33999633789062,3104900.0,67.53092956542969
2020-04-14,70.0,68.02999877929688,69.48999786376953,69.8499984741211,2723000.0,69.02305603027344
2020-04-15,67.91999816894531,64.30000305175781,66.72000122070312,64.76000213623047,2800300.0,63.99332046508789
2020-04-16,65.7300033569336,63.59000015258789,64.58000183105469,64.9800033569336,1697500.0,64.2107162475586
2020-04-17,70.98999786376953,67.25,67.3499984741211,70.4000015258789,3422100.0,69.56654357910156
2020-04-20,71.61000061035156,68.66000366210938,69.36000061035156,69.79000091552734,2290000.0,68.9637680053711
2020-04-21,69.05999755859375,67.05000305175781,68.05000305175781,67.80000305175781,1913400.0,66.99732971191406
2020-04-22,69.9000015258789,67.93000030517578,69.4000015258789,68.9800033569336,1255300.0,68.16336059570312
2020-04-23,70.58000183105469,68.08999633789062,68.73999786376953,69.5999984741211,1679000.0,68.77601623535156
2020-04-24,72.30000305175781,69.7300033569336,70.38999938964844,71.87999725341797,1589600.0,71.02902221679688
2020-04-27,75.18000030517578,72.20999908447266,72.2300033569336,74.56999969482422,2434400.0,73.68717956542969
2020-04-28,79.18000030517578,76.69999694824219,76.94999694824219,77.58999633789062,3080800.0,76.67142486572266
2020-04-29,80.88999938964844,78.79000091552734,79.2300033569336,80.05000305175781,2673500.0,79.10230255126953
2020-04-30,78.98999786376953,75.80000305175781,78.94000244140625,76.7300033569336,3896700.0,75.82160949707031
2020-05-01,75.62999725341797,71.83999633789062,74.83999633789062,72.26000213623047,2507300.0,71.40452575683594
2020-05-04,74.58000183105469,70.70999908447266,71.0999984741211,74.36000061035156,2615100.0,73.47966766357422
2020-05-05,77.04000091552734,74.63999938964844,76.18000030517578,74.75,2021900.0,73.86504364013672
2020-05-06,76.20999908447266,73.73999786376953,75.23999786376953,73.98999786376953,1914800.0,73.1140365600586
2020-05-07,77.08999633789062,75.19999694824219,75.33999633789062,76.25,1732100.0,75.3472900390625
2020-05-08,78.87000274658203,76.7300033569336,76.75,78.62999725341797,1440000.0,77.69911193847656
2020-05-11,79.30999755859375,77.05000305175781,77.77999877929688,78.0199966430664,1666700.0,77.09632873535156
2020-05-12,79.58999633789062,76.97000122070312,78.9000015258789,77.05000305175781,1526900.0,76.13782501220703
2020-05-13,77.38999938964844,74.18000030517578,76.37000274658203,75.02999877929688,1767400.0,74.14173126220703
2020-05-14,77.72000122070312,73.58999633789062,74.2699966430664,77.19000244140625,2504500.0,76.27616119384766
2020-05-15,79.81999969482422,75.8499984741211,76.12999725341797,78.61000061035156,5137000.0,77.67935180664062
2020-05-18,87.69000244140625,82.31999969482422,82.37999725341797,87.16000366210938,4952100.0,86.12812805175781
2020-05-19,86.56999969482422,83.3499984741211,86.27999877929688,83.4800033569336,3190900.0,82.49169921875
2020-05-20,85.83000183105469,80.75,85.7300033569336,81.54000091552734,4161800.0,80.57466125488281
2020-05-21,81.91000366210938,76.87999725341797,79.5,77.9800033569336,6370300.0,77.05680847167969
2020-05-22,78.98999786376953,75.81999969482422,78.98999786376953,76.91999816894531,4687600.0,76.00936126708984
2020-05-26,81.16000366210938,79.30000305175781,79.76000213623047,79.47000122070312,2953200.0,78.52916717529297
2020-05-27,81.33999633789062,78.33999633789062,81.33999633789062,79.08000183105469,2894300.0,78.14379119873047
2020-05-28,80.19000244140625,76.19000244140625,80.19000244140625,76.43000030517578,3152400.0,75.52515411376953
2020-05-29,78.70999908447266,75.52999877929688,76.30999755859375,78.08999633789062,4220800.0,77.1655044555664
2020-06-01,77.98999786376953,76.06999969482422,77.0199966430664,77.5,2250300.0,76.58248901367188
2020-06-02,80.55000305175781,77.37999725341797,77.47000122070312,80.52999877929688,2777700.0,79.57661437988281
2020-06-03,82.44000244140625,81.0199966430664,81.5999984741211,82.22000122070312,2300200.0,81.24661254882812
2020-06-04,82.30999755859375,79.18000030517578,81.66000366210938,79.91999816894531,2566100.0,78.97383880615234
2020-06-05,83.5999984741211,81.9000015258789,82.81999969482422,82.52999877929688,2906300.0,81.55294036865234
2020-06-08,84.86000061035156,82.98999786376953,83.80000305175781,83.68000030517578,1944600.0,82.6893310546875
2020-06-09,82.52999877929688,80.91999816894531,82.2699966430664,81.62000274658203,2054700.0,80.65371704101562
2020-06-10,82.31999969482422,80.05000305175781,82.18000030517578,81.69999694824219,2862800.0,81.28047943115234
2020-06-11,79.44999694824219,76.56999969482422,79.44999694824219,77.25,2583200.0,76.85333251953125
2020-06-12,79.68000030517578,75.66999816894531,79.4000015258789,77.76000213623047,2538100.0,77.36071014404297
2020-06-15,80.9800033569336,75.2699966430664,75.52999877929688,80.01000213623047,2430700.0,79.59915924072266
2020-06-16,84.12999725341797,80.41999816894531,82.55999755859375,83.47000122070312,3789700.0,83.04138946533203
2020-06-17,84.33000183105469,82.16000366210938,83.47000122070312,83.23999786376953,2275300.0,82.81256866455078
2020-06-18,83.8499984741211,81.44999694824219,82.47000122070312,82.30000305175781,2285600.0,81.87740325927734
2020-06-19,83.86000061035156,80.52999877929688,83.83999633789062,81.19999694824219,4938800.0,80.78304290771484
2020-06-22,84.9800033569336,80.37000274658203,80.77999877929688,84.77999877929688,3111400.0,84.34466552734375
2020-06-23,86.61000061035156,84.58000183105469,85.87999725341797,85.83999633789062,2661800.0,85.39921569824219
2020-06-24,86.5999984741211,83.38999938964844,85.0,83.81999969482422,4005700.0,83.38959503173828
2020-06-25,84.8499984741211,82.83999633789062,83.3499984741211,84.70999908447266,2157300.0,84.2750244140625
2020-06-26,87.02999877929688,84.68000030517578,84.86000061035156,84.80000305175781,5378100.0,84.36456298828125
2020-06-29,86.77999877929688,84.77999877929688,85.58999633789062,86.33000183105469,2961600.0,85.88671112060547
2020-06-30,88.22000122070312,85.62999725341797,86.0,87.2699966430664,3124000.0,86.8218765258789
2020-07-01,88.12000274658203,86.33999633789062,87.41999816894531,87.3499984741211,2278900.0,86.9014663696289
2020-07-02,89.26000213623047,87.23999786376953,88.94999694824219,87.44999694824219,2489900.0,87.0009536743164
2020-07-06,89.7300033569336,87.06999969482422,89.0,87.69999694824219,2050000.0,87.24966430664062
2020-07-07,87.52999877929688,85.38999938964844,86.97000122070312,85.58999633789062,2253100.0,85.15050506591797
2020-07-08,87.22000122070312,85.4800033569336,85.56999969482422,87.18000030517578,2058400.0,86.73233795166016
2020-07-09,87.1500015258789,84.06999969482422,87.1500015258789,84.94999694824219,2034200.0,84.51378631591797
2020-07-10,85.72000122070312,84.4800033569336,85.04000091552734,84.9000015258789,1688400.0,84.46405029296875
2020-07-13,88.33000183105469,85.4000015258789,85.70999908447266,85.5999984741211,1873400.0,85.16045379638672
2020-07-14,87.08000183105469,84.41999816894531,85.5999984741211,86.88999938964844,1869400.0,86.44383239746094
2020-07-15,88.9800033569336,87.02999877929688,88.94999694824219,88.41999816894531,2010100.0,87.96597290039062
2020-07-16,89.70999908447266,87.8499984741211,88.2300033569336,88.3499984741211,1464900.0,87.89633178710938
2020-07-17,88.83000183105469,87.43000030517578,88.83000183105469,87.95999908447266,1290300.0,87.50833129882812
2020-07-20,88.9800033569336,86.4800033569336,87.69000244140625,88.37999725341797,2200900.0,87.92617797851562
2020-07-21,91.12999725341797,88.61000061035156,88.83999633789062,90.27999877929688,2181600.0,89.81642150878906
2020-07-22,99.41999816894531,95.33000183105469,95.47000122070312,97.36000061035156,7995600.0,96.86006927490234
2020-07-23,98.52999877929688,95.9800033569336,97.12000274658203,96.08000183105469,2862400.0,95.58663940429688
2020-07-24,97.75,95.55000305175781,95.81999969482422,96.98999786376953,2134200.0,96.4919662475586
2020-07-27,98.30999755859375,96.33999633789062,96.87000274658203,97.91999816894531,2280300.0,97.41719055175781
2020-07-28,98.79000091552734,97.05999755859375,97.83999633789062,97.19000244140625,1475000.0,96.6909408569336
2020-07-29,98.87999725341797,97.26000213623047,97.61000061035156,98.0999984741211,1395600.0,97.59626770019531
2020-07-30,100.68000030517578,96.80000305175781,97.13999938964844,100.02999877929688,2231800.0,99.516357421875
2020-07-31,100.47000122070312,98.29000091552734,100.25,99.58999633789062,1888000.0,99.07861328125
2020-08-03,101.98999786376953,99.75,100.06999969482422,100.88999938964844,1596900.0,100.37194061279297
2020-08-04,101.58000183105469,99.8499984741211,100.58999633789062,100.51000213623047,1267700.0,99.993896484375
2020-08-05,102.04000091552734,99.93000030517578,101.41999816894531,101.91000366210938,1869700.0,101.38671112060547
2020-08-06,102.79000091552734,100.62000274658203,101.88999938964844,102.75,2479600.0,102.2223892211914
2020-08-07,103.72000122070312,101.91000366210938,102.87999725341797,102.9000015258789,1781000.0,102.37162017822266
2020-08-10,105.43000030517578,102.9000015258789,103.76000213623047,104.22000122070312,1981700.0,103.68484497070312
2020-08-11,105.58999633789062,103.72000122070312,105.0,104.12000274658203,1489500.0,103.58535766601562
2020-08-12,105.54000091552734,104.0999984741211,104.55999755859375,104.9800033569336,1217300.0,104.4409408569336
2020-08-13,108.44000244140625,105.5,105.58000183105469,107.9000015258789,2281100.0,107.345947265625
2020-08-14,110.31999969482422,108.0,108.33999633789062,109.48999786376953,2552100.0,108.92778015136719
2020-08-17,111.38999938964844,109.87999725341797,110.98999786376953,110.79000091552734,2260900.0,110.22110748291016
2020-08-18,112.1500015258789,110.33000183105469,111.88999938964844,110.5199966430664,2216000.0,109.9524917602539
2020-08-19,113.66999816894531,110.66000366210938,110.66000366210938,111.95999908447266,3060500.0,111.38510131835938
2020-08-20,112.06999969482422,110.44000244140625,111.41999816894531,111.69999694824219,2109600.0,111.12643432617188
2020-08-21,114.44999694824219,111.94999694824219,112.0,114.0,3811400.0,113.41462707519531
2020-08-24,119.4800033569336,114.80000305175781,118.30000305175781,117.37000274658203,5434600.0,116.76731872558594
2020-08-25,113.86000061035156,108.5999984741211,113.5,112.63999938964844,10462400.0,112.06160736083984
2020-08-26,114.19000244140625,111.58000183105469,113.41000366210938,112.30999755859375,4124400.0,111.7332992553711
2020-08-27,112.55000305175781,110.2300033569336,112.55000305175781,111.22000122070312,2760500.0,110.6489028930664
2020-08-28,111.69999694824219,110.11000061035156,111.68000030517578,111.2300033569336,2366200.0,110.65885162353516
2020-08-31,112.16999816894531,109.8499984741211,111.48999786376953,110.91000366210938,2509200.0,110.34049224853516
2020-09-01,114.43000030517578,110.7300033569336,110.98999786376953,113.5,2364900.0,112.91719055175781
2020-09-02,114.19999694824219,111.68000030517578,113.94000244140625,114.0199966430664,2508300.0,113.43451690673828
2020-09-03,114.0,107.8499984741211,114.0,108.69999694824219,2452000.0,108.14183807373047
2020-09-04,110.44000244140625,104.31999969482422,109.48999786376953,106.30999755859375,2543700.0,105.76410675048828
2020-09-08,106.81999969482422,102.83000183105469,104.30000305175781,105.26000213623047,2911300.0,104.7195053100586
2020-09-09,109.2699966430664,105.18000030517578,106.27999877929688,108.8499984741211,2245400.0,108.29106903076172
2020-09-10,110.0,107.0999984741211,109.11000061035156,107.37999725341797,2177600.0,106.82861328125
2020-09-11,109.06999969482422,106.16999816894531,108.56999969482422,107.11000061035156,1353800.0,106.56000518798828
2020-09-14,109.12999725341797,106.69999694824219,108.3499984741211,107.69999694824219,2573200.0,107.69999694824219
2020-09-15,109.38999938964844,107.41999816894531,108.54000091552734,107.95999908447266,1550900.0,107.95999908447266
2020-09-16,109.12999725341797,106.80000305175781,108.98999786376953,107.08000183105469,1727900.0,107.08000183105469
2020-09-17,107.0199966430664,104.55999755859375,106.0,105.62999725341797,1729700.0,105.62999725341797
2020-09-18,107.37999725341797,104.63999938964844,105.41999816894531,105.58000183105469,2262700.0,105.58000183105469
2020-09-21,105.97000122070312,103.48999786376953,104.04000091552734,105.97000122070312,2130900.0,105.97000122070312
2020-09-22,108.25,105.91000366210938,106.41000366210938,107.62999725341797,1678300.0,107.62999725341797
2020-09-23,109.77999877929688,106.38999938964844,108.06999969482422,106.48999786376953,1920300.0,106.48999786376953
2020-09-24,106.86000061035156,104.11000061035156,106.12000274658203,104.7699966430664,2526700.0,104.7699966430664
2020-09-25,106.63999938964844,104.25,105.0999984741211,105.97000122070312,1917000.0,105.97000122070312
2020-09-28,108.56999969482422,106.6500015258789,107.25,108.44000244140625,1508200.0,108.44000244140625
2020-09-29,111.22000122070312,108.83999633789062,109.94000244140625,110.08000183105469,2377900.0,110.08000183105469
2020-09-30,112.41000366210938,109.5,109.5,111.29000091552734,2187000.0,111.29000091552734
2020-10-01,114.72000122070312,111.86000061035156,112.69000244140625,114.08999633789062,3631200.0,114.08999633789062
2020-10-02,113.45999908447266,111.01000213623047,111.04000091552734,112.41999816894531,1930300.0,112.41999816894531
