Date,High,Low,Open,Close,Volume,Adj Close
2018-01-02,11.300000190734863,11.199999809265137,11.25,11.229999542236328,100700.0,8.917920112609863
2018-01-03,11.260000228881836,11.149999618530273,11.220000267028809,11.1899995803833,57200.0,8.886155128479004
2018-01-04,11.210000038146973,11.079999923706055,11.1899995803833,11.100000381469727,85100.0,8.814685821533203
2018-01-05,11.130000114440918,10.890000343322754,11.109999656677246,10.949999809265137,124700.0,8.695569038391113
2018-01-08,11.050000190734863,10.949999809265137,10.949999809265137,11.029999732971191,74600.0,8.7590970993042
2018-01-09,11.0600004196167,10.9399995803833,11.050000190734863,10.9399995803833,64500.0,8.687627792358398
2018-01-10,10.989999771118164,10.850000381469727,10.9399995803833,10.859999656677246,104000.0,8.624098777770996
2018-01-11,10.880000114440918,10.800000190734863,10.869999885559082,10.8100004196167,89200.0,8.584392547607422
2018-01-12,10.829999923706055,10.649999618530273,10.8100004196167,10.699999809265137,158900.0,8.497040748596191
2018-01-16,10.819999694824219,10.680000305175781,10.680000305175781,10.720000267028809,101400.0,8.512923240661621
2018-01-17,10.800000190734863,10.710000038146973,10.729999542236328,10.760000228881836,71100.0,8.544686317443848
2018-01-18,10.739999771118164,10.640000343322754,10.729999542236328,10.649999618530273,127100.0,8.4573335647583
2018-01-19,10.720000267028809,10.600000381469727,10.649999618530273,10.720000267028809,90800.0,8.512923240661621
2018-01-22,10.779999732971191,10.670000076293945,10.670000076293945,10.760000228881836,54600.0,8.544686317443848
2018-01-23,10.899999618530273,10.760000228881836,10.779999732971191,10.899999618530273,79600.0,8.655862808227539
2018-01-24,10.899999618530273,10.819999694824219,10.869999885559082,10.869999885559082,75600.0,8.632040023803711
2018-01-25,10.899999618530273,10.800000190734863,10.899999618530273,10.850000381469727,54200.0,8.616157531738281
2018-01-26,10.859999656677246,10.789999961853027,10.829999923706055,10.859999656677246,49400.0,8.624098777770996
2018-01-29,10.829999923706055,10.65999984741211,10.829999923706055,10.6899995803833,102300.0,8.489099502563477
2018-01-30,10.720000267028809,10.430000305175781,10.670000076293945,10.489999771118164,159900.0,8.330275535583496
2018-01-31,10.569999694824219,10.470000267028809,10.479999542236328,10.520000457763672,163700.0,8.354098320007324
2018-02-01,10.520000457763672,10.239999771118164,10.510000228881836,10.25,189500.0,8.139688491821289
2018-02-02,10.220000267028809,10.039999961853027,10.180000305175781,10.0600004196167,265800.0,7.98880672454834
2018-02-05,10.0600004196167,9.699999809265137,10.0600004196167,9.699999809265137,405900.0,7.7029242515563965
2018-02-06,9.800000190734863,9.5,9.550000190734863,9.739999771118164,322900.0,7.734689235687256
2018-02-07,9.960000038146973,9.739999771118164,9.739999771118164,9.789999961853027,180300.0,7.77439546585083
2018-02-08,9.869999885559082,9.619999885559082,9.8100004196167,9.619999885559082,166700.0,7.6393938064575195
2018-02-09,9.779999732971191,9.550000190734863,9.680000305175781,9.720000267028809,142300.0,7.718806266784668
2018-02-12,9.84000015258789,9.619999885559082,9.789999961853027,9.819999694824219,138300.0,7.798217296600342
2018-02-13,9.829999923706055,9.649999618530273,9.819999694824219,9.829999923706055,144100.0,7.8061604499816895
2018-02-14,9.770000457763672,9.630000114440918,9.75,9.729999542236328,104200.0,7.726746559143066
2018-02-15,9.819999694824219,9.6899995803833,9.6899995803833,9.779999732971191,85600.0,7.766451835632324
2018-02-16,9.899999618530273,9.760000228881836,9.760000228881836,9.859999656677246,88900.0,7.829982757568359
2018-02-20,9.899999618530273,9.800000190734863,9.899999618530273,9.8100004196167,121800.0,7.79027795791626
2018-02-21,9.859999656677246,9.680000305175781,9.859999656677246,9.6899995803833,93100.0,7.694982051849365
2018-02-22,9.8100004196167,9.699999809265137,9.699999809265137,9.75,66600.0,7.742629528045654
2018-02-23,9.899999618530273,9.760000228881836,9.800000190734863,9.899999618530273,80900.0,7.861747741699219
2018-02-26,10.0,9.90999984741211,9.90999984741211,9.970000267028809,91200.0,7.917335510253906
2018-02-27,9.970000267028809,9.8100004196167,9.960000038146973,9.819999694824219,116600.0,7.798217296600342
2018-02-28,9.920000076293945,9.850000381469727,9.869999885559082,9.880000114440918,53700.0,7.845865249633789
2018-03-01,9.9399995803833,9.859999656677246,9.920000076293945,9.899999618530273,109200.0,7.861747741699219
2018-03-02,9.899999618530273,9.779999732971191,9.890000343322754,9.850000381469727,67400.0,7.822042465209961
2018-03-05,9.850000381469727,9.770000457763672,9.770000457763672,9.819999694824219,76400.0,7.798217296600342
2018-03-06,9.899999618530273,9.800000190734863,9.859999656677246,9.859999656677246,66700.0,7.829982757568359
2018-03-07,9.9399995803833,9.8100004196167,9.819999694824219,9.9399995803833,46600.0,7.893510341644287
2018-03-08,10.0,9.9399995803833,9.9399995803833,9.949999809265137,36900.0,7.901453018188477
2018-03-09,10.029999732971191,9.930000305175781,9.930000305175781,10.010000228881836,37300.0,7.949099540710449
2018-03-12,10.069999694824219,9.979999542236328,10.0,10.010000228881836,92900.0,7.949099540710449
2018-03-13,10.069999694824219,10.0,10.020000457763672,10.020000457763672,103200.0,7.957041263580322
2018-03-14,9.859999656677246,9.760000228881836,9.829999923706055,9.760000228881836,106800.0,7.9326581954956055
2018-03-15,9.800000190734863,9.75,9.800000190734863,9.770000457763672,75000.0,7.940786838531494
2018-03-16,9.779999732971191,9.720000267028809,9.75,9.739999771118164,184600.0,7.9164018630981445
2018-03-19,9.729999542236328,9.619999885559082,9.720000267028809,9.649999618530273,152100.0,7.843252658843994
2018-03-20,9.65999984741211,9.619999885559082,9.640000343322754,9.630000114440918,56100.0,7.826997756958008
2018-03-21,9.630000114440918,9.569999694824219,9.630000114440918,9.59000015258789,116400.0,7.794487476348877
2018-03-22,9.680000305175781,9.550000190734863,9.550000190734863,9.619999885559082,174400.0,7.818869590759277
2018-03-23,9.649999618530273,9.470000267028809,9.579999923706055,9.489999771118164,157700.0,7.7132086753845215
2018-03-26,9.579999923706055,9.479999542236328,9.529999732971191,9.479999542236328,74800.0,7.705082893371582
2018-03-27,9.579999923706055,9.390000343322754,9.479999542236328,9.489999771118164,114500.0,7.7132086753845215
2018-03-28,9.720000267028809,9.539999961853027,9.539999961853027,9.699999809265137,74600.0,7.8838911056518555
2018-03-29,9.789999961853027,9.699999809265137,9.729999542236328,9.739999771118164,72200.0,7.9164018630981445
2018-04-02,9.779999732971191,9.539999961853027,9.770000457763672,9.59000015258789,188300.0,7.794487476348877
2018-04-03,9.710000038146973,9.600000381469727,9.640000343322754,9.699999809265137,118100.0,7.8838911056518555
2018-04-04,9.829999923706055,9.680000305175781,9.699999809265137,9.829999923706055,74900.0,7.989552021026611
2018-04-05,9.829999923706055,9.739999771118164,9.829999923706055,9.819999694824219,39300.0,7.981424331665039
2018-04-06,9.869999885559082,9.710000038146973,9.779999732971191,9.760000228881836,76200.0,7.9326581954956055
2018-04-09,9.75,9.600000381469727,9.710000038146973,9.640000343322754,246900.0,7.835125923156738
2018-04-10,9.710000038146973,9.619999885559082,9.630000114440918,9.680000305175781,74800.0,7.867637634277344
2018-04-11,9.729999542236328,9.649999618530273,9.680000305175781,9.729999542236328,79000.0,7.908272743225098
2018-04-12,9.6899995803833,9.529999732971191,9.680000305175781,9.59000015258789,93300.0,7.794487476348877
2018-04-13,9.619999885559082,9.550000190734863,9.550000190734863,9.619999885559082,95100.0,7.818869590759277
2018-04-16,9.680000305175781,9.569999694824219,9.579999923706055,9.630000114440918,96900.0,7.826997756958008
2018-04-17,9.739999771118164,9.630000114440918,9.630000114440918,9.720000267028809,77500.0,7.900147914886475
2018-04-18,9.729999542236328,9.670000076293945,9.729999542236328,9.710000038146973,86400.0,7.892017841339111
2018-04-19,9.649999618530273,9.520000457763672,9.630000114440918,9.569999694824219,70000.0,7.778230667114258
2018-04-20,9.569999694824219,9.460000038146973,9.539999961853027,9.470000267028809,47100.0,7.696954727172852
2018-04-23,9.5600004196167,9.470000267028809,9.470000267028809,9.489999771118164,104100.0,7.7132086753845215
2018-04-24,9.550000190734863,9.489999771118164,9.489999771118164,9.520000457763672,57000.0,7.737592697143555
2018-04-25,9.539999961853027,9.430000305175781,9.479999542236328,9.4399995803833,51900.0,7.672570705413818
2018-04-26,9.609999656677246,9.470000267028809,9.489999771118164,9.550000190734863,93200.0,7.76197624206543
2018-04-27,9.710000038146973,9.510000228881836,9.59000015258789,9.699999809265137,63600.0,7.8838911056518555
2018-04-30,9.819999694824219,9.729999542236328,9.770000457763672,9.75,57300.0,7.924530029296875
2018-05-01,9.800000190734863,9.720000267028809,9.75,9.800000190734863,28900.0,7.965169906616211
2018-05-02,9.8100004196167,9.699999809265137,9.760000228881836,9.729999542236328,70300.0,7.908272743225098
2018-05-03,9.779999732971191,9.720000267028809,9.75,9.770000457763672,46200.0,7.940786838531494
2018-05-04,9.829999923706055,9.729999542236328,9.729999542236328,9.829999923706055,83900.0,7.989552021026611
2018-05-07,9.850000381469727,9.760000228881836,9.800000190734863,9.819999694824219,84700.0,7.981424331665039
2018-05-08,9.829999923706055,9.760000228881836,9.800000190734863,9.800000190734863,46400.0,7.965169906616211
2018-05-09,9.850000381469727,9.770000457763672,9.770000457763672,9.850000381469727,37800.0,8.005807876586914
2018-05-10,9.9399995803833,9.850000381469727,9.850000381469727,9.930000305175781,60000.0,8.070831298828125
2018-05-11,9.960000038146973,9.899999618530273,9.930000305175781,9.90999984741211,58600.0,8.054574012756348
2018-05-14,9.960000038146973,9.819999694824219,9.930000305175781,9.819999694824219,65300.0,7.981424331665039
2018-05-15,9.800000190734863,9.65999984741211,9.800000190734863,9.670000076293945,95000.0,7.859508037567139
2018-05-16,9.739999771118164,9.619999885559082,9.6899995803833,9.630000114440918,66000.0,7.826997756958008
2018-05-17,9.65999984741211,9.569999694824219,9.609999656677246,9.59000015258789,66800.0,7.794487476348877
2018-05-18,9.640000343322754,9.569999694824219,9.579999923706055,9.579999923706055,64200.0,7.7863593101501465
2018-05-21,9.729999542236328,9.579999923706055,9.579999923706055,9.729999542236328,94500.0,7.908272743225098
2018-05-22,9.739999771118164,9.670000076293945,9.729999542236328,9.739999771118164,55200.0,7.9164018630981445
2018-05-23,9.829999923706055,9.710000038146973,9.729999542236328,9.8100004196167,71400.0,7.973297119140625
2018-05-24,9.850000381469727,9.75,9.850000381469727,9.770000457763672,79900.0,7.940786838531494
2018-05-25,9.859999656677246,9.779999732971191,9.779999732971191,9.829999923706055,67100.0,7.989552021026611
2018-05-29,9.869999885559082,9.779999732971191,9.84000015258789,9.869999885559082,110700.0,8.022063255310059
2018-05-30,9.949999809265137,9.8100004196167,9.8100004196167,9.930000305175781,99800.0,8.070831298828125
2018-05-31,9.949999809265137,9.899999618530273,9.930000305175781,9.90999984741211,56100.0,8.054574012756348
2018-06-01,9.989999771118164,9.890000343322754,9.899999618530273,9.949999809265137,68100.0,8.087085723876953
2018-06-04,9.970000267028809,9.880000114440918,9.9399995803833,9.949999809265137,202600.0,8.087085723876953
2018-06-05,9.989999771118164,9.899999618530273,9.960000038146973,9.899999618530273,107800.0,8.046445846557617
2018-06-06,9.930000305175781,9.859999656677246,9.880000114440918,9.899999618530273,123900.0,8.046445846557617
2018-06-07,9.960000038146973,9.890000343322754,9.920000076293945,9.930000305175781,103000.0,8.070831298828125
2018-06-08,10.0,9.899999618530273,9.899999618530273,9.989999771118164,86900.0,8.119595527648926
2018-06-11,10.010000228881836,9.960000038146973,9.979999542236328,10.0,81300.0,8.12772274017334
2018-06-12,10.0600004196167,9.970000267028809,9.989999771118164,9.989999771118164,105400.0,8.119595527648926
2018-06-13,10.020000457763672,9.800000190734863,10.0,9.8100004196167,317300.0,7.973297119140625
2018-06-14,9.75,9.670000076293945,9.670000076293945,9.739999771118164,125500.0,8.085362434387207
2018-06-15,9.789999961853027,9.699999809265137,9.699999809265137,9.739999771118164,97900.0,8.085362434387207
2018-06-18,9.760000228881836,9.699999809265137,9.75,9.720000267028809,78600.0,8.068760871887207
2018-06-19,9.75,9.6899995803833,9.6899995803833,9.699999809265137,57900.0,8.052157402038574
2018-06-20,9.779999732971191,9.699999809265137,9.720000267028809,9.710000038146973,89900.0,8.060457229614258
2018-06-21,9.8100004196167,9.710000038146973,9.760000228881836,9.779999732971191,57600.0,8.11856746673584
2018-06-22,9.859999656677246,9.770000457763672,9.800000190734863,9.819999694824219,51000.0,8.151771545410156
2018-06-25,9.850000381469727,9.779999732971191,9.829999923706055,9.850000381469727,55000.0,8.176675796508789
2018-06-26,9.880000114440918,9.8100004196167,9.84000015258789,9.869999885559082,65000.0,8.193278312683105
2018-06-27,9.90999984741211,9.859999656677246,9.859999656677246,9.869999885559082,75900.0,8.193278312683105
2018-06-28,9.979999542236328,9.890000343322754,9.920000076293945,9.9399995803833,149700.0,8.251386642456055
2018-06-29,10.0,9.90999984741211,9.949999809265137,9.989999771118164,58700.0,8.292892456054688
2018-07-02,10.0,9.890000343322754,9.979999542236328,9.930000305175781,74000.0,8.243086814880371
2018-07-03,10.039999961853027,9.90999984741211,9.90999984741211,9.989999771118164,56900.0,8.292892456054688
2018-07-05,10.050000190734863,9.989999771118164,10.010000228881836,10.039999961853027,72500.0,8.33439826965332
2018-07-06,10.140000343322754,10.069999694824219,10.069999694824219,10.079999923706055,60500.0,8.367603302001953
2018-07-09,10.140000343322754,10.0600004196167,10.109999656677246,10.0600004196167,87100.0,8.351000785827637
2018-07-10,10.130000114440918,10.09000015258789,10.100000381469727,10.100000381469727,30100.0,8.38420581817627
2018-07-11,10.109999656677246,10.039999961853027,10.09000015258789,10.039999961853027,45800.0,8.33439826965332
2018-07-12,10.09000015258789,10.029999732971191,10.050000190734863,10.050000190734863,40200.0,8.342700004577637
2018-07-13,10.109999656677246,10.039999961853027,10.039999961853027,10.050000190734863,51200.0,8.342700004577637
2018-07-16,10.039999961853027,9.960000038146973,10.039999961853027,9.960000038146973,51600.0,8.267988204956055
2018-07-17,9.989999771118164,9.899999618530273,9.960000038146973,9.90999984741211,86800.0,8.226482391357422
2018-07-18,9.90999984741211,9.869999885559082,9.880000114440918,9.880000114440918,91000.0,8.201579093933105
2018-07-19,10.020000457763672,9.880000114440918,9.890000343322754,9.899999618530273,79200.0,8.218181610107422
2018-07-20,9.960000038146973,9.869999885559082,9.920000076293945,9.899999618530273,53400.0,8.218181610107422
2018-07-23,9.899999618530273,9.829999923706055,9.899999618530273,9.84000015258789,100200.0,8.168375968933105
2018-07-24,9.859999656677246,9.8100004196167,9.850000381469727,9.84000015258789,70800.0,8.168375968933105
2018-07-25,9.930000305175781,9.829999923706055,9.829999923706055,9.90999984741211,83400.0,8.226482391357422
2018-07-26,9.989999771118164,9.890000343322754,9.890000343322754,9.970000267028809,151100.0,8.276290893554688
2018-07-27,9.989999771118164,9.859999656677246,9.989999771118164,9.890000343322754,38400.0,8.209879875183105
2018-07-30,9.920000076293945,9.8100004196167,9.850000381469727,9.899999618530273,105800.0,8.218181610107422
2018-07-31,10.029999732971191,9.890000343322754,9.890000343322754,10.0,61900.0,8.301193237304688
2018-08-01,10.029999732971191,9.9399995803833,9.949999809265137,10.020000457763672,47900.0,8.31779670715332
2018-08-02,10.020000457763672,9.949999809265137,9.989999771118164,9.949999809265137,40300.0,8.259689331054688
2018-08-03,10.079999923706055,9.970000267028809,10.010000228881836,9.989999771118164,68600.0,8.292892456054688
2018-08-06,10.180000305175781,10.020000457763672,10.039999961853027,10.180000305175781,217500.0,8.450616836547852
2018-08-07,10.199999809265137,10.039999961853027,10.039999961853027,10.149999618530273,67700.0,8.425710678100586
2018-08-08,10.149999618530273,10.079999923706055,10.130000114440918,10.100000381469727,73600.0,8.38420581817627
2018-08-09,10.15999984741211,10.109999656677246,10.119999885559082,10.140000343322754,79100.0,8.417410850524902
2018-08-10,10.149999618530273,10.069999694824219,10.140000343322754,10.069999694824219,59800.0,8.359302520751953
2018-08-13,10.0600004196167,10.029999732971191,10.050000190734863,10.029999732971191,42800.0,8.326098442077637
2018-08-14,10.109999656677246,10.029999732971191,10.039999961853027,10.100000381469727,83800.0,8.38420581817627
2018-08-15,10.210000038146973,10.0600004196167,10.0600004196167,10.210000038146973,57600.0,8.475518226623535
2018-08-16,10.270000457763672,10.210000038146973,10.220000267028809,10.260000228881836,38600.0,8.517024040222168
2018-08-17,10.350000381469727,10.260000228881836,10.260000228881836,10.350000381469727,47500.0,8.59173583984375
2018-08-20,10.430000305175781,10.350000381469727,10.380000114440918,10.380000114440918,43200.0,8.61663818359375
2018-08-21,10.399999618530273,10.300000190734863,10.350000381469727,10.300000190734863,46800.0,8.5502290725708
2018-08-22,10.329999923706055,10.279999732971191,10.300000190734863,10.289999961853027,69600.0,8.541929244995117
2018-08-23,10.34000015258789,10.279999732971191,10.289999961853027,10.289999961853027,44500.0,8.541929244995117
2018-08-24,10.34000015258789,10.279999732971191,10.279999732971191,10.34000015258789,64400.0,8.583434104919434
2018-08-27,10.369999885559082,10.300000190734863,10.319999694824219,10.329999923706055,22600.0,8.57513427734375
2018-08-28,10.390000343322754,10.300000190734863,10.300000190734863,10.369999885559082,52500.0,8.60833740234375
2018-08-29,10.399999618530273,10.350000381469727,10.380000114440918,10.359999656677246,90000.0,8.600035667419434
2018-08-30,10.380000114440918,10.279999732971191,10.350000381469727,10.289999961853027,147000.0,8.541929244995117
2018-08-31,10.34000015258789,10.260000228881836,10.279999732971191,10.270000457763672,105400.0,8.5253267288208
2018-09-04,10.300000190734863,10.170000076293945,10.260000228881836,10.180000305175781,79300.0,8.450616836547852
2018-09-05,10.25,10.119999885559082,10.130000114440918,10.239999771118164,76200.0,8.500420570373535
2018-09-06,10.289999961853027,10.210000038146973,10.270000457763672,10.239999771118164,98700.0,8.500420570373535
2018-09-07,10.220000267028809,10.140000343322754,10.170000076293945,10.149999618530273,99600.0,8.425710678100586
2018-09-10,10.289999961853027,10.1899995803833,10.239999771118164,10.25,101900.0,8.508723258972168
2018-09-11,10.300000190734863,10.210000038146973,10.25,10.260000228881836,84100.0,8.517024040222168
2018-09-12,10.329999923706055,10.279999732971191,10.3100004196167,10.300000190734863,52500.0,8.5502290725708
2018-09-13,10.210000038146973,10.170000076293945,10.170000076293945,10.180000305175781,77400.0,8.622222900390625
2018-09-14,10.180000305175781,10.100000381469727,10.149999618530273,10.100000381469727,109900.0,8.554464340209961
2018-09-17,10.149999618530273,10.069999694824219,10.069999694824219,10.069999694824219,41900.0,8.529054641723633
2018-09-18,10.130000114440918,10.0,10.130000114440918,10.010000228881836,92400.0,8.47823715209961
2018-09-19,10.050000190734863,9.9399995803833,10.0,9.949999809265137,40100.0,8.42741870880127
2018-09-20,9.960000038146973,9.930000305175781,9.9399995803833,9.949999809265137,39800.0,8.42741870880127
2018-09-21,9.989999771118164,9.930000305175781,9.949999809265137,9.970000267028809,53600.0,8.444357872009277
2018-09-24,9.949999809265137,9.779999732971191,9.949999809265137,9.800000190734863,89500.0,8.300371170043945
2018-09-25,9.829999923706055,9.779999732971191,9.800000190734863,9.789999961853027,43900.0,8.291901588439941
2018-09-26,9.8100004196167,9.670000076293945,9.8100004196167,9.670000076293945,83500.0,8.190264701843262
2018-09-27,9.75,9.680000305175781,9.680000305175781,9.680000305175781,69200.0,8.198735237121582
2018-09-28,9.800000190734863,9.699999809265137,9.699999809265137,9.800000190734863,61900.0,8.300371170043945
2018-10-01,9.819999694824219,9.739999771118164,9.819999694824219,9.75,106600.0,8.25802230834961
2018-10-02,9.800000190734863,9.729999542236328,9.770000457763672,9.729999542236328,81100.0,8.241080284118652
2018-10-03,9.770000457763672,9.600000381469727,9.699999809265137,9.609999656677246,90300.0,8.139445304870605
2018-10-04,9.59000015258789,9.40999984741211,9.59000015258789,9.430000305175781,107200.0,7.986989498138428
2018-10-05,9.4399995803833,9.34000015258789,9.40999984741211,9.350000381469727,117000.0,7.919230937957764
2018-10-08,9.600000381469727,9.380000114440918,9.380000114440918,9.529999732971191,128100.0,8.071687698364258
2018-10-09,9.569999694824219,9.4399995803833,9.529999732971191,9.489999771118164,95100.0,8.03780746459961
2018-10-10,9.529999732971191,9.350000381469727,9.489999771118164,9.350000381469727,95900.0,7.919230937957764
2018-10-11,9.329999923706055,9.09000015258789,9.329999923706055,9.100000381469727,202400.0,7.7074875831604
2018-10-12,9.270000457763672,9.0600004196167,9.220000267028809,9.100000381469727,88900.0,7.7074875831604
2018-10-15,9.199999809265137,9.039999961853027,9.100000381469727,9.039999961853027,232500.0,7.6566691398620605
2018-10-16,9.300000190734863,9.050000190734863,9.100000381469727,9.279999732971191,107900.0,7.85994291305542
2018-10-17,9.289999961853027,9.170000076293945,9.25,9.210000038146973,50100.0,7.800655364990234
2018-10-18,9.270000457763672,9.149999618530273,9.149999618530273,9.1899995803833,64000.0,7.783715724945068
2018-10-19,9.289999961853027,9.119999885559082,9.1899995803833,9.229999542236328,58400.0,7.8175950050354
2018-10-22,9.25,9.149999618530273,9.239999771118164,9.15999984741211,89100.0,7.75830602645874
2018-10-23,9.180000305175781,9.0600004196167,9.0600004196167,9.149999618530273,92100.0,7.749835968017578
2018-10-24,9.260000228881836,9.140000343322754,9.149999618530273,9.199999809265137,54700.0,7.792184829711914
2018-10-25,9.350000381469727,9.199999809265137,9.229999542236328,9.270000457763672,63600.0,7.851474285125732
2018-10-26,9.319999694824219,9.100000381469727,9.319999694824219,9.119999885559082,132100.0,7.724427223205566
2018-10-29,9.279999732971191,9.130000114440918,9.130000114440918,9.149999618530273,81100.0,7.749835968017578
2018-10-30,9.3100004196167,9.140000343322754,9.15999984741211,9.270000457763672,88800.0,7.851474285125732
2018-10-31,9.279999732971191,9.15999984741211,9.229999542236328,9.199999809265137,118800.0,7.792184829711914
2018-11-01,9.260000228881836,9.180000305175781,9.1899995803833,9.229999542236328,61200.0,7.8175950050354
2018-11-02,9.229999542236328,9.079999923706055,9.229999542236328,9.130000114440918,101500.0,7.7328972816467285
2018-11-05,9.279999732971191,9.119999885559082,9.119999885559082,9.270000457763672,75800.0,7.851474285125732
2018-11-06,9.300000190734863,9.220000267028809,9.220000267028809,9.25,82000.0,7.834534645080566
2018-11-07,9.5,9.300000190734863,9.3100004196167,9.5,72100.0,8.04627799987793
2018-11-08,9.5,9.430000305175781,9.430000305175781,9.449999809265137,85300.0,8.003929138183594
2018-11-09,9.529999732971191,9.399999618530273,9.399999618530273,9.470000267028809,66600.0,8.020869255065918
2018-11-12,9.59000015258789,9.479999542236328,9.489999771118164,9.520000457763672,40800.0,8.063218116760254
2018-11-13,9.550000190734863,9.460000038146973,9.539999961853027,9.539999961853027,39700.0,8.080157279968262
2018-11-14,9.529999732971191,9.420000076293945,9.489999771118164,9.470000267028809,72100.0,8.020869255065918
2018-11-15,9.449999809265137,9.350000381469727,9.420000076293945,9.350000381469727,65900.0,7.919230937957764
2018-11-16,9.399999618530273,9.220000267028809,9.289999961853027,9.369999885559082,56700.0,7.936171054840088
2018-11-19,9.449999809265137,9.300000190734863,9.350000381469727,9.300000190734863,63900.0,7.876883506774902
2018-11-20,9.319999694824219,9.199999809265137,9.25,9.220000267028809,70500.0,7.80912446975708
2018-11-21,9.3100004196167,9.199999809265137,9.229999542236328,9.199999809265137,57000.0,7.792184829711914
2018-11-23,9.279999732971191,9.1899995803833,9.25,9.279999732971191,13700.0,7.85994291305542
2018-11-26,9.319999694824219,9.270000457763672,9.300000190734863,9.279999732971191,37200.0,7.85994291305542
2018-11-27,9.319999694824219,9.239999771118164,9.279999732971191,9.3100004196167,31100.0,7.885353088378906
2018-11-28,9.420000076293945,9.270000457763672,9.3100004196167,9.399999618530273,62000.0,7.961580276489258
2018-11-29,9.430000305175781,9.369999885559082,9.420000076293945,9.399999618530273,42400.0,7.961580276489258
2018-11-30,9.520000457763672,9.430000305175781,9.4399995803833,9.489999771118164,163200.0,8.03780746459961
2018-12-03,9.5600004196167,9.460000038146973,9.5600004196167,9.460000038146973,85200.0,8.01240062713623
2018-12-04,9.529999732971191,9.359999656677246,9.489999771118164,9.4399995803833,84300.0,7.995459079742432
2018-12-06,9.520000457763672,9.25,9.34000015258789,9.460000038146973,138800.0,8.01240062713623
2018-12-07,9.529999732971191,9.4399995803833,9.489999771118164,9.510000228881836,105800.0,8.05474853515625
2018-12-10,9.550000190734863,9.270000457763672,9.489999771118164,9.420000076293945,123800.0,7.978519916534424
2018-12-11,9.539999961853027,9.449999809265137,9.449999809265137,9.5,101300.0,8.04627799987793
2018-12-12,9.510000228881836,9.300000190734863,9.510000228881836,9.359999656677246,178400.0,7.927700519561768
2018-12-13,9.1899995803833,9.0600004196167,9.140000343322754,9.119999885559082,147500.0,7.897393703460693
2018-12-14,9.15999984741211,8.9399995803833,8.949999809265137,9.010000228881836,146400.0,7.802141189575195
2018-12-17,9.020000457763672,8.65999984741211,9.010000228881836,8.680000305175781,220700.0,7.516378879547119
2018-12-18,8.8100004196167,8.680000305175781,8.720000267028809,8.739999771118164,137700.0,7.568336009979248
2018-12-19,8.729999542236328,8.569999694824219,8.729999542236328,8.579999923706055,150500.0,7.429784297943115
2018-12-20,8.59000015258789,8.109999656677246,8.579999923706055,8.279999732971191,307600.0,7.170001983642578
2018-12-21,8.430000305175781,8.15999984741211,8.289999961853027,8.170000076293945,144000.0,7.0747480392456055
2018-12-24,8.289999961853027,8.020000457763672,8.170000076293945,8.0600004196167,147300.0,6.979495525360107
2018-12-26,8.319999694824219,8.020000457763672,8.130000114440918,8.319999694824219,193100.0,7.2046403884887695
2018-12-27,8.319999694824219,8.170000076293945,8.229999542236328,8.260000228881836,200300.0,7.152682781219482
2018-12-28,8.489999771118164,8.319999694824219,8.380000114440918,8.380000114440918,187400.0,7.256596565246582
2018-12-31,8.5,8.380000114440918,8.479999542236328,8.460000038146973,158700.0,7.325871467590332
2019-01-02,8.449999809265137,8.270000457763672,8.430000305175781,8.34000015258789,114800.0,7.221959114074707
2019-01-03,8.4399995803833,8.300000190734863,8.300000190734863,8.359999656677246,73100.0,7.239278316497803
2019-01-04,8.520000457763672,8.399999618530273,8.420000076293945,8.420000076293945,193700.0,7.291234016418457
2019-01-07,8.819999694824219,8.529999732971191,8.529999732971191,8.729999542236328,366600.0,7.559675693511963
2019-01-08,9.010000228881836,8.819999694824219,8.859999656677246,9.0,275000.0,7.79348087310791
2019-01-09,9.199999809265137,9.010000228881836,9.069999694824219,9.15999984741211,160700.0,7.932031154632568
2019-01-10,9.40999984741211,9.130000114440918,9.15999984741211,9.34000015258789,159400.0,8.087900161743164
2019-01-11,9.470000267028809,9.369999885559082,9.40999984741211,9.390000343322754,142500.0,8.13119888305664
2019-01-14,9.5,9.380000114440918,9.40999984741211,9.460000038146973,134000.0,8.191815376281738
2019-01-15,9.5,9.40999984741211,9.479999542236328,9.40999984741211,102700.0,8.148516654968262
2019-01-16,9.5,9.380000114440918,9.4399995803833,9.420000076293945,86900.0,8.15717601776123
2019-01-17,9.5,9.369999885559082,9.390000343322754,9.380000114440918,142700.0,8.122539520263672
2019-01-18,9.470000267028809,9.380000114440918,9.380000114440918,9.460000038146973,69300.0,8.191815376281738
2019-01-22,9.699999809265137,9.4399995803833,9.460000038146973,9.649999618530273,158200.0,8.356342315673828
2019-01-23,9.699999809265137,9.510000228881836,9.680000305175781,9.520000457763672,114000.0,8.243770599365234
2019-01-24,9.609999656677246,9.489999771118164,9.539999961853027,9.600000381469727,44000.0,8.313045501708984
2019-01-25,9.649999618530273,9.460000038146973,9.640000343322754,9.460000038146973,127100.0,8.191815376281738
2019-01-28,9.609999656677246,9.470000267028809,9.470000267028809,9.600000381469727,75600.0,8.313045501708984
2019-01-29,9.779999732971191,9.59000015258789,9.619999885559082,9.699999809265137,64100.0,8.399640083312988
2019-01-30,9.899999618530273,9.75,9.75,9.880000114440918,56300.0,8.555509567260742
2019-01-31,10.100000381469727,9.920000076293945,9.960000038146973,10.079999923706055,126400.0,8.728697776794434
2019-02-01,10.119999885559082,9.970000267028809,10.119999885559082,10.020000457763672,70300.0,8.676742553710938
2019-02-04,10.09000015258789,10.020000457763672,10.020000457763672,10.09000015258789,88200.0,8.737357139587402
2019-02-05,10.109999656677246,10.029999732971191,10.109999656677246,10.079999923706055,77400.0,8.728697776794434
2019-02-06,10.260000228881836,9.989999771118164,9.989999771118164,10.229999542236328,165800.0,8.858589172363281
2019-02-07,10.220000267028809,10.069999694824219,10.210000038146973,10.079999923706055,95100.0,8.728697776794434
2019-02-08,10.149999618530273,10.010000228881836,10.020000457763672,10.09000015258789,39600.0,8.737357139587402
2019-02-11,10.15999984741211,10.050000190734863,10.079999923706055,10.119999885559082,42900.0,8.763335227966309
2019-02-12,10.180000305175781,10.09000015258789,10.149999618530273,10.119999885559082,75400.0,8.763335227966309
2019-02-13,10.149999618530273,10.100000381469727,10.109999656677246,10.130000114440918,35000.0,8.771995544433594
2019-02-14,10.170000076293945,10.09000015258789,10.170000076293945,10.149999618530273,42800.0,8.789313316345215
2019-02-15,10.199999809265137,10.119999885559082,10.119999885559082,10.170000076293945,38600.0,8.806632995605469
2019-02-19,10.270000457763672,10.140000343322754,10.140000343322754,10.260000228881836,79300.0,8.884567260742188
2019-02-20,10.279999732971191,10.180000305175781,10.279999732971191,10.220000267028809,50500.0,8.849930763244629
2019-02-21,10.229999542236328,10.180000305175781,10.1899995803833,10.210000038146973,39900.0,8.841270446777344
2019-02-22,10.399999618530273,10.229999542236328,10.229999542236328,10.380000114440918,234100.0,8.988480567932129
2019-02-25,10.420000076293945,10.350000381469727,10.369999885559082,10.399999618530273,164200.0,9.0058012008667
2019-02-26,10.420000076293945,10.350000381469727,10.420000076293945,10.350000381469727,37200.0,8.962503433227539
2019-02-27,10.359999656677246,10.270000457763672,10.359999656677246,10.350000381469727,39400.0,8.962503433227539
2019-02-28,10.449999809265137,10.380000114440918,10.399999618530273,10.390000343322754,68400.0,8.997140884399414
2019-03-01,10.399999618530273,10.3100004196167,10.359999656677246,10.350000381469727,63400.0,8.962503433227539
2019-03-04,10.489999771118164,10.289999961853027,10.350000381469727,10.289999961853027,104300.0,8.91054630279541
2019-03-05,10.399999618530273,10.279999732971191,10.279999732971191,10.399999618530273,66500.0,9.0058012008667
2019-03-06,10.380000114440918,10.270000457763672,10.380000114440918,10.289999961853027,84200.0,8.91054630279541
2019-03-07,10.3100004196167,10.270000457763672,10.289999961853027,10.279999732971191,71800.0,8.901885032653809
2019-03-08,10.289999961853027,10.25,10.270000457763672,10.260000228881836,28000.0,8.884567260742188
2019-03-11,10.350000381469727,10.270000457763672,10.300000190734863,10.34000015258789,49000.0,8.953843116760254
2019-03-12,10.399999618530273,10.3100004196167,10.3100004196167,10.369999885559082,35100.0,8.97982120513916
2019-03-13,10.470000267028809,10.350000381469727,10.350000381469727,10.460000038146973,62500.0,9.057757377624512
2019-03-14,10.380000114440918,10.260000228881836,10.380000114440918,10.300000190734863,81400.0,9.08421516418457
2019-03-15,10.3100004196167,10.229999542236328,10.3100004196167,10.279999732971191,53600.0,9.066575050354004
2019-03-18,10.25,10.109999656677246,10.220000267028809,10.140000343322754,113100.0,8.94310188293457
2019-03-19,10.210000038146973,10.039999961853027,10.210000038146973,10.079999923706055,82800.0,8.89018440246582
2019-03-20,10.180000305175781,10.020000457763672,10.079999923706055,10.170000076293945,40000.0,8.969560623168945
2019-03-21,10.300000190734863,10.130000114440918,10.130000114440918,10.239999771118164,48200.0,9.03129768371582
2019-03-22,10.390000343322754,10.25,10.260000228881836,10.3100004196167,66000.0,9.093035697937012
2019-03-25,10.359999656677246,10.180000305175781,10.359999656677246,10.180000305175781,63600.0,8.97838020324707
2019-03-26,10.229999542236328,10.130000114440918,10.180000305175781,10.149999618530273,45000.0,8.951920509338379
2019-03-27,10.289999961853027,10.15999984741211,10.199999809265137,10.25,68600.0,9.040117263793945
2019-03-28,10.350000381469727,10.260000228881836,10.300000190734863,10.350000381469727,50500.0,9.128314971923828
2019-03-29,10.390000343322754,10.319999694824219,10.390000343322754,10.359999656677246,50700.0,9.137131690979004
2019-04-01,10.4399995803833,10.289999961853027,10.430000305175781,10.380000114440918,108300.0,9.15477180480957
2019-04-02,10.4399995803833,10.34000015258789,10.380000114440918,10.430000305175781,63700.0,9.198870658874512
2019-04-03,10.460000038146973,10.380000114440918,10.4399995803833,10.420000076293945,62500.0,9.190052032470703
2019-04-04,10.4399995803833,10.380000114440918,10.380000114440918,10.399999618530273,59700.0,9.172412872314453
2019-04-05,10.460000038146973,10.390000343322754,10.40999984741211,10.449999809265137,22400.0,9.216507911682129
2019-04-08,10.470000267028809,10.319999694824219,10.390000343322754,10.40999984741211,43900.0,9.181231498718262
2019-04-09,10.460000038146973,10.329999923706055,10.460000038146973,10.350000381469727,50600.0,9.128314971923828
2019-04-10,10.390000343322754,10.319999694824219,10.359999656677246,10.329999923706055,59400.0,9.110674858093262
2019-04-11,10.369999885559082,10.279999732971191,10.350000381469727,10.289999961853027,77200.0,9.075395584106445
2019-04-12,10.289999961853027,10.239999771118164,10.289999961853027,10.260000228881836,47300.0,9.04893684387207
2019-04-15,10.369999885559082,10.279999732971191,10.289999961853027,10.34000015258789,52000.0,9.11949348449707
2019-04-16,10.34000015258789,10.149999618530273,10.34000015258789,10.170000076293945,69600.0,8.969560623168945
2019-04-17,10.15999984741211,9.970000267028809,10.15999984741211,10.020000457763672,66500.0,8.83726692199707
2019-04-18,10.069999694824219,9.949999809265137,9.960000038146973,10.039999961853027,50500.0,8.854905128479004
2019-04-22,10.020000457763672,9.890000343322754,10.0,9.949999809265137,74200.0,8.775528907775879
2019-04-23,10.079999923706055,9.949999809265137,9.979999542236328,10.020000457763672,38700.0,8.83726692199707
2019-04-24,10.140000343322754,10.039999961853027,10.09000015258789,10.119999885559082,48500.0,8.925461769104004
2019-04-25,10.109999656677246,10.050000190734863,10.069999694824219,10.09000015258789,27300.0,8.899003028869629
2019-04-26,10.199999809265137,10.100000381469727,10.130000114440918,10.130000114440918,59500.0,8.934281349182129
2019-04-29,10.199999809265137,10.050000190734863,10.149999618530273,10.050000190734863,43000.0,8.863723754882812
2019-04-30,10.180000305175781,10.020000457763672,10.09000015258789,10.170000076293945,79700.0,8.969560623168945
2019-05-01,10.220000267028809,10.119999885559082,10.119999885559082,10.149999618530273,57600.0,8.951920509338379
2019-05-02,10.229999542236328,10.149999618530273,10.170000076293945,10.15999984741211,69300.0,8.96074104309082
2019-05-03,10.25,10.1899995803833,10.210000038146973,10.25,61600.0,9.040117263793945
2019-05-06,10.25,10.210000038146973,10.229999542236328,10.239999771118164,36700.0,9.03129768371582
2019-05-07,10.210000038146973,10.050000190734863,10.1899995803833,10.069999694824219,43100.0,8.881362915039062
2019-05-08,10.140000343322754,10.050000190734863,10.09000015258789,10.069999694824219,38700.0,8.881362915039062
2019-05-09,10.09000015258789,9.989999771118164,10.010000228881836,10.069999694824219,29800.0,8.881362915039062
2019-05-10,10.180000305175781,10.050000190734863,10.050000190734863,10.140000343322754,43900.0,8.94310188293457
2019-05-13,10.1899995803833,10.079999923706055,10.079999923706055,10.119999885559082,58500.0,8.925461769104004
2019-05-14,10.229999542236328,10.130000114440918,10.149999618530273,10.149999618530273,46300.0,8.951920509338379
2019-05-15,10.270000457763672,10.119999885559082,10.119999885559082,10.239999771118164,35600.0,9.03129768371582
2019-05-16,10.329999923706055,10.25,10.25,10.300000190734863,47400.0,9.08421516418457
2019-05-17,10.390000343322754,10.279999732971191,10.329999923706055,10.289999961853027,116200.0,9.075395584106445
2019-05-20,10.449999809265137,10.270000457763672,10.350000381469727,10.380000114440918,152200.0,9.15477180480957
2019-05-21,10.470000267028809,10.359999656677246,10.420000076293945,10.390000343322754,54700.0,9.163592338562012
2019-05-22,10.449999809265137,10.350000381469727,10.430000305175781,10.399999618530273,43300.0,9.172412872314453
2019-05-23,10.449999809265137,10.329999923706055,10.329999923706055,10.420000076293945,49200.0,9.190052032470703
2019-05-24,10.479999542236328,10.430000305175781,10.470000267028809,10.4399995803833,30000.0,9.207690238952637
2019-05-28,10.550000190734863,10.420000076293945,10.4399995803833,10.460000038146973,39500.0,9.225330352783203
2019-05-29,10.449999809265137,10.15999984741211,10.449999809265137,10.199999809265137,29600.0,8.996018409729004
2019-05-30,10.319999694824219,10.119999885559082,10.25,10.15999984741211,61700.0,8.96074104309082
2019-05-31,10.180000305175781,10.069999694824219,10.130000114440918,10.15999984741211,57900.0,8.96074104309082
2019-06-03,10.170000076293945,10.079999923706055,10.140000343322754,10.119999885559082,62300.0,8.925461769104004
2019-06-04,10.170000076293945,10.09000015258789,10.149999618530273,10.170000076293945,25000.0,8.969560623168945
2019-06-05,10.279999732971191,10.1899995803833,10.210000038146973,10.25,37400.0,9.040117263793945
2019-06-06,10.350000381469727,10.25,10.3100004196167,10.319999694824219,38100.0,9.10185432434082
2019-06-07,10.460000038146973,10.329999923706055,10.350000381469727,10.460000038146973,42300.0,9.225330352783203
2019-06-10,10.470000267028809,10.430000305175781,10.470000267028809,10.470000267028809,55300.0,9.234148025512695
2019-06-11,10.5,10.430000305175781,10.470000267028809,10.5,39900.0,9.260608673095703
2019-06-12,10.550000190734863,10.5,10.5,10.550000190734863,44000.0,9.304706573486328
2019-06-13,10.449999809265137,10.34000015258789,10.350000381469727,10.430000305175781,119000.0,9.367575645446777
2019-06-14,10.5,10.4399995803833,10.460000038146973,10.460000038146973,12500.0,9.394519805908203
2019-06-17,10.550000190734863,10.390000343322754,10.399999618530273,10.529999732971191,48800.0,9.457389831542969
2019-06-18,10.649999618530273,10.539999961853027,10.600000381469727,10.579999923706055,65900.0,9.502296447753906
2019-06-19,10.649999618530273,10.520000457763672,10.640000343322754,10.649999618530273,88600.0,9.565165519714355
2019-06-20,10.640000343322754,10.5600004196167,10.640000343322754,10.5600004196167,80200.0,9.484333992004395
2019-06-21,10.569999694824219,10.449999809265137,10.550000190734863,10.470000267028809,50200.0,9.4035005569458
2019-06-24,10.600000381469727,10.470000267028809,10.5,10.489999771118164,40900.0,9.421463966369629
2019-06-25,10.529999732971191,10.390000343322754,10.510000228881836,10.420000076293945,28900.0,9.358595848083496
2019-06-26,10.449999809265137,10.149999618530273,10.4399995803833,10.1899995803833,59400.0,9.152022361755371
2019-06-27,10.460000038146973,10.239999771118164,10.25,10.350000381469727,81300.0,9.29572582244873
2019-06-28,10.5,10.390000343322754,10.40999984741211,10.5,37200.0,9.430445671081543
2019-07-01,10.569999694824219,10.4399995803833,10.5,10.479999542236328,58100.0,9.412482261657715
2019-07-02,10.6899995803833,10.430000305175781,10.430000305175781,10.640000343322754,143600.0,9.556184768676758
2019-07-03,10.720000267028809,10.5600004196167,10.569999694824219,10.579999923706055,51600.0,9.502296447753906
2019-07-05,10.649999618530273,10.5,10.539999961853027,10.630000114440918,32900.0,9.547203063964844
2019-07-08,10.720000267028809,10.630000114440918,10.630000114440918,10.699999809265137,76900.0,9.610072135925293
2019-07-09,10.720000267028809,10.630000114440918,10.720000267028809,10.670000076293945,74000.0,9.583127975463867
2019-07-10,10.75,10.649999618530273,10.680000305175781,10.739999771118164,97500.0,9.645998001098633
2019-07-11,10.75,10.699999809265137,10.75,10.729999542236328,49400.0,9.637017250061035
2019-07-12,10.770000457763672,10.699999809265137,10.75,10.720000267028809,40600.0,9.628035545349121
2019-07-15,10.779999732971191,10.720000267028809,10.720000267028809,10.75,53600.0,9.654979705810547
2019-07-16,10.779999732971191,10.6899995803833,10.75,10.770000457763672,40400.0,9.672943115234375
2019-07-17,10.8100004196167,10.75,10.800000190734863,10.789999961853027,92700.0,9.690906524658203
2019-07-18,10.789999961853027,10.699999809265137,10.770000457763672,10.75,36000.0,9.654979705810547
2019-07-19,10.75,10.630000114440918,10.75,10.65999984741211,46200.0,9.574148178100586
2019-07-22,10.699999809265137,10.600000381469727,10.680000305175781,10.680000305175781,53300.0,9.592110633850098
2019-07-23,10.75,10.6899995803833,10.699999809265137,10.729999542236328,48000.0,9.637017250061035
2019-07-24,10.789999961853027,10.699999809265137,10.75,10.739999771118164,26000.0,9.645998001098633
2019-07-25,10.760000228881836,10.640000343322754,10.760000228881836,10.65999984741211,48200.0,9.574148178100586
2019-07-26,10.729999542236328,10.609999656677246,10.6899995803833,10.65999984741211,52700.0,9.574148178100586
2019-07-29,10.739999771118164,10.619999885559082,10.619999885559082,10.739999771118164,40800.0,9.645998001098633
2019-07-30,10.800000190734863,10.649999618530273,10.6899995803833,10.800000190734863,67500.0,9.6998872756958
2019-07-31,10.829999923706055,10.6899995803833,10.770000457763672,10.739999771118164,45600.0,9.645998001098633
2019-08-01,10.819999694824219,10.699999809265137,10.819999694824219,10.739999771118164,56800.0,9.645998001098633
2019-08-02,10.760000228881836,10.6899995803833,10.739999771118164,10.710000038146973,33400.0,9.619054794311523
2019-08-05,10.6899995803833,10.359999656677246,10.6899995803833,10.40999984741211,55400.0,9.349613189697266
2019-08-06,10.510000228881836,10.40999984741211,10.479999542236328,10.479999542236328,48200.0,9.412482261657715
2019-08-07,10.550000190734863,10.369999885559082,10.470000267028809,10.520000457763672,83100.0,9.448408126831055
2019-08-08,10.6899995803833,10.529999732971191,10.529999732971191,10.6899995803833,32900.0,9.601091384887695
2019-08-09,10.729999542236328,10.619999885559082,10.630000114440918,10.680000305175781,64600.0,9.592110633850098
2019-08-12,10.699999809265137,10.5600004196167,10.699999809265137,10.579999923706055,28400.0,9.502296447753906
2019-08-13,10.649999618530273,10.529999732971191,10.5600004196167,10.619999885559082,36300.0,9.53822135925293
2019-08-14,10.600000381469727,10.399999618530273,10.59000015258789,10.430000305175781,47400.0,9.367575645446777
2019-08-15,10.529999732971191,10.460000038146973,10.529999732971191,10.510000228881836,29300.0,9.439427375793457
2019-08-16,10.609999656677246,10.510000228881836,10.510000228881836,10.579999923706055,74500.0,9.502296447753906
2019-08-19,10.699999809265137,10.579999923706055,10.59000015258789,10.680000305175781,28800.0,9.592110633850098
2019-08-20,10.699999809265137,10.630000114440918,10.699999809265137,10.630000114440918,28100.0,9.547203063964844
2019-08-21,10.720000267028809,10.579999923706055,10.630000114440918,10.649999618530273,34400.0,9.565165519714355
2019-08-22,10.699999809265137,10.609999656677246,10.649999618530273,10.670000076293945,11600.0,9.583127975463867
2019-08-23,10.720000267028809,10.5,10.670000076293945,10.569999694824219,34300.0,9.493315696716309
2019-08-26,10.630000114440918,10.460000038146973,10.630000114440918,10.550000190734863,36500.0,9.475353240966797
2019-08-27,10.59000015258789,10.5,10.520000457763672,10.5,52800.0,9.430445671081543
2019-08-28,10.5600004196167,10.5,10.5,10.529999732971191,21600.0,9.457389831542969
2019-08-29,10.739999771118164,10.600000381469727,10.619999885559082,10.739999771118164,60700.0,9.645998001098633
2019-08-30,10.75,10.6899995803833,10.75,10.710000038146973,26400.0,9.619054794311523
2019-09-03,10.819999694824219,10.649999618530273,10.649999618530273,10.789999961853027,55000.0,9.690906524658203
2019-09-04,10.930000305175781,10.800000190734863,10.850000381469727,10.920000076293945,53400.0,9.807663917541504
2019-09-05,11.0,10.899999618530273,11.0,10.989999771118164,151400.0,9.870532035827637
2019-09-06,11.0,10.920000076293945,10.989999771118164,10.979999542236328,81500.0,9.861552238464355
2019-09-09,10.9399995803833,10.880000114440918,10.880000114440918,10.90999984741211,47000.0,9.798681259155273
2019-09-10,10.930000305175781,10.829999923706055,10.930000305175781,10.850000381469727,68900.0,9.744792938232422
2019-09-11,10.930000305175781,10.84000015258789,10.930000305175781,10.869999885559082,60900.0,9.76275634765625
2019-09-12,10.770000457763672,10.65999984741211,10.670000076293945,10.710000038146973,68800.0,9.790180206298828
2019-09-13,10.75,10.579999923706055,10.680000305175781,10.630000114440918,47900.0,9.717050552368164
2019-09-16,10.6899995803833,10.579999923706055,10.630000114440918,10.65999984741211,70000.0,9.744474411010742
2019-09-17,10.710000038146973,10.649999618530273,10.649999618530273,10.670000076293945,28400.0,9.75361442565918
2019-09-18,10.729999542236328,10.65999984741211,10.720000267028809,10.65999984741211,30500.0,9.744474411010742
2019-09-19,10.739999771118164,10.65999984741211,10.710000038146973,10.710000038146973,73500.0,9.790180206298828
2019-09-20,10.819999694824219,10.720000267028809,10.720000267028809,10.75,46800.0,9.826744079589844
2019-09-23,10.819999694824219,10.699999809265137,10.699999809265137,10.779999732971191,74500.0,9.854167938232422
2019-09-24,10.850000381469727,10.710000038146973,10.819999694824219,10.739999771118164,43400.0,9.81760311126709
2019-09-25,10.779999732971191,10.710000038146973,10.75,10.770000457763672,42300.0,9.845026969909668
2019-09-26,10.84000015258789,10.729999542236328,10.800000190734863,10.84000015258789,69700.0,9.909014701843262
2019-09-27,10.90999984741211,10.819999694824219,10.850000381469727,10.90999984741211,89700.0,9.973002433776855
2019-09-30,10.989999771118164,10.880000114440918,10.90999984741211,10.989999771118164,39700.0,10.046131134033203
2019-10-01,11.020000457763672,10.789999961853027,11.020000457763672,10.8100004196167,71600.0,9.881591796875
2019-10-02,10.880000114440918,10.739999771118164,10.850000381469727,10.779999732971191,76900.0,9.854167938232422
2019-10-03,10.880000114440918,10.75,10.8100004196167,10.869999885559082,31100.0,9.93643856048584
2019-10-04,10.890000343322754,10.819999694824219,10.890000343322754,10.850000381469727,41400.0,9.918155670166016
2019-10-07,10.880000114440918,10.699999809265137,10.8100004196167,10.710000038146973,68700.0,9.790180206298828
2019-10-08,10.760000228881836,10.65999984741211,10.670000076293945,10.729999542236328,38600.0,9.808462142944336
2019-10-09,10.850000381469727,10.729999542236328,10.75,10.770000457763672,54000.0,9.845026969909668
2019-10-10,10.84000015258789,10.729999542236328,10.760000228881836,10.739999771118164,35200.0,9.81760311126709
2019-10-11,10.869999885559082,10.729999542236328,10.789999961853027,10.829999923706055,93000.0,9.899872779846191
2019-10-14,10.850000381469727,10.779999732971191,10.850000381469727,10.800000190734863,35400.0,9.872450828552246
2019-10-15,10.850000381469727,10.75,10.8100004196167,10.75,55600.0,9.826744079589844
2019-10-16,10.789999961853027,10.729999542236328,10.75,10.779999732971191,41400.0,9.854167938232422
2019-10-17,10.850000381469727,10.789999961853027,10.8100004196167,10.84000015258789,48700.0,9.909014701843262
2019-10-18,10.960000038146973,10.800000190734863,10.84000015258789,10.9399995803833,106700.0,10.000426292419434
2019-10-21,11.020000457763672,10.9399995803833,10.970000267028809,11.020000457763672,77500.0,10.073555946350098
2019-10-22,11.020000457763672,10.970000267028809,11.020000457763672,11.0,57200.0,10.055273056030273
2019-10-23,11.039999961853027,10.930000305175781,11.020000457763672,10.9399995803833,38400.0,10.000426292419434
2019-10-24,11.010000228881836,10.8100004196167,10.989999771118164,10.890000343322754,62500.0,9.954721450805664
2019-10-25,10.899999618530273,10.670000076293945,10.880000114440918,10.729999542236328,284400.0,9.808462142944336
2019-10-28,10.75,10.619999885559082,10.720000267028809,10.630000114440918,90800.0,9.717050552368164
2019-10-29,10.739999771118164,10.65999984741211,10.65999984741211,10.720000267028809,47000.0,9.799321174621582
2019-10-30,10.75,10.619999885559082,10.720000267028809,10.75,76100.0,9.826744079589844
2019-10-31,10.8100004196167,10.75,10.800000190734863,10.800000190734863,91200.0,9.872450828552246
2019-11-01,10.859999656677246,10.739999771118164,10.859999656677246,10.770000457763672,82000.0,9.845026969909668
2019-11-04,10.819999694824219,10.729999542236328,10.819999694824219,10.739999771118164,53300.0,9.81760311126709
2019-11-05,10.760000228881836,10.649999618530273,10.760000228881836,10.680000305175781,72300.0,9.76275634765625
2019-11-06,10.75,10.65999984741211,10.6899995803833,10.680000305175781,40900.0,9.76275634765625
2019-11-07,10.6899995803833,10.550000190734863,10.649999618530273,10.5600004196167,90900.0,9.65306282043457
2019-11-08,10.619999885559082,10.539999961853027,10.550000190734863,10.579999923706055,56600.0,9.671344757080078
2019-11-11,10.640000343322754,10.600000381469727,10.600000381469727,10.630000114440918,39300.0,9.717050552368164
2019-11-12,10.680000305175781,10.579999923706055,10.630000114440918,10.619999885559082,37800.0,9.707908630371094
2019-11-13,10.649999618530273,10.600000381469727,10.600000381469727,10.630000114440918,44300.0,9.717050552368164
2019-11-14,10.680000305175781,10.609999656677246,10.640000343322754,10.680000305175781,40700.0,9.76275634765625
2019-11-15,10.739999771118164,10.670000076293945,10.680000305175781,10.720000267028809,30700.0,9.799321174621582
2019-11-18,10.770000457763672,10.699999809265137,10.710000038146973,10.75,46500.0,9.826744079589844
2019-11-19,10.84000015258789,10.699999809265137,10.84000015258789,10.720000267028809,56700.0,9.799321174621582
2019-11-20,10.770000457763672,10.710000038146973,10.75,10.739999771118164,44600.0,9.81760311126709
2019-11-21,10.720000267028809,10.640000343322754,10.720000267028809,10.670000076293945,30100.0,9.75361442565918
2019-11-22,10.710000038146973,10.630000114440918,10.699999809265137,10.640000343322754,47500.0,9.726191520690918
2019-11-25,10.670000076293945,10.600000381469727,10.65999984741211,10.609999656677246,49000.0,9.69876766204834
2019-11-26,10.739999771118164,10.609999656677246,10.630000114440918,10.710000038146973,34300.0,9.790180206298828
2019-11-27,10.760000228881836,10.619999885559082,10.720000267028809,10.729999542236328,63500.0,9.808462142944336
2019-11-29,10.729999542236328,10.670000076293945,10.6899995803833,10.670000076293945,25500.0,9.75361442565918
2019-12-02,10.699999809265137,10.630000114440918,10.6899995803833,10.680000305175781,89400.0,9.76275634765625
2019-12-03,10.770000457763672,10.630000114440918,10.649999618530273,10.770000457763672,73300.0,9.845026969909668
2019-12-04,10.800000190734863,10.75,10.770000457763672,10.789999961853027,182000.0,9.863309860229492
2019-12-05,10.800000190734863,10.699999809265137,10.800000190734863,10.75,30900.0,9.826744079589844
2019-12-06,10.760000228881836,10.710000038146973,10.75,10.710000038146973,61400.0,9.790180206298828
2019-12-09,10.739999771118164,10.680000305175781,10.729999542236328,10.720000267028809,66700.0,9.799321174621582
2019-12-10,10.710000038146973,10.609999656677246,10.699999809265137,10.649999618530273,51900.0,9.735332489013672
2019-12-11,10.699999809265137,10.630000114440918,10.649999618530273,10.680000305175781,123000.0,9.76275634765625
2019-12-12,10.600000381469727,10.40999984741211,10.520000457763672,10.460000038146973,91900.0,9.73483657836914
2019-12-13,10.430000305175781,10.220000267028809,10.430000305175781,10.239999771118164,119800.0,9.5300874710083
2019-12-16,10.3100004196167,10.220000267028809,10.270000457763672,10.3100004196167,99800.0,9.595235824584961
2019-12-17,10.420000076293945,10.279999732971191,10.3100004196167,10.319999694824219,178000.0,9.604541778564453
2019-12-18,10.40999984741211,10.300000190734863,10.359999656677246,10.399999618530273,111200.0,9.678995132446289
2019-12-19,10.4399995803833,10.380000114440918,10.399999618530273,10.40999984741211,59800.0,9.688302993774414
2019-12-20,10.550000190734863,10.40999984741211,10.420000076293945,10.529999732971191,55200.0,9.799983024597168
2019-12-23,10.600000381469727,10.5,10.5,10.5600004196167,53300.0,9.827903747558594
2019-12-24,10.630000114440918,10.600000381469727,10.600000381469727,10.609999656677246,32400.0,9.87443733215332
2019-12-26,10.630000114440918,10.5,10.609999656677246,10.539999961853027,30300.0,9.809290885925293
2019-12-27,10.65999984741211,10.520000457763672,10.59000015258789,10.649999618530273,83600.0,9.911664009094238
2019-12-30,10.6899995803833,10.510000228881836,10.640000343322754,10.539999961853027,116900.0,9.809290885925293
2019-12-31,10.640000343322754,10.600000381469727,10.600000381469727,10.619999885559082,55100.0,9.883743286132812
2020-01-02,10.770000457763672,10.569999694824219,10.699999809265137,10.640000343322754,163200.0,9.90235710144043
2020-01-03,10.699999809265137,10.5600004196167,10.619999885559082,10.699999809265137,62300.0,9.958197593688965
2020-01-06,10.720000267028809,10.619999885559082,10.699999809265137,10.710000038146973,68800.0,9.967504501342773
2020-01-07,10.699999809265137,10.579999923706055,10.6899995803833,10.630000114440918,44900.0,9.893051147460938
2020-01-08,10.680000305175781,10.569999694824219,10.640000343322754,10.680000305175781,98800.0,9.939583778381348
2020-01-09,10.6899995803833,10.569999694824219,10.6899995803833,10.600000381469727,109500.0,9.865130424499512
2020-01-10,10.699999809265137,10.579999923706055,10.65999984741211,10.699999809265137,88300.0,9.958197593688965
2020-01-13,10.779999732971191,10.649999618530273,10.699999809265137,10.779999732971191,110200.0,10.0326509475708
2020-01-14,10.800000190734863,10.720000267028809,10.789999961853027,10.779999732971191,56700.0,10.0326509475708
2020-01-15,10.800000190734863,10.739999771118164,10.779999732971191,10.760000228881836,44200.0,10.0140380859375
2020-01-16,10.819999694824219,10.779999732971191,10.789999961853027,10.819999694824219,86800.0,10.069877624511719
2020-01-17,10.869999885559082,10.800000190734863,10.829999923706055,10.850000381469727,58200.0,10.097799301147461
2020-01-21,10.899999618530273,10.789999961853027,10.829999923706055,10.880000114440918,57000.0,10.12571907043457
2020-01-22,10.890000343322754,10.8100004196167,10.880000114440918,10.84000015258789,53800.0,10.088491439819336
2020-01-23,10.859999656677246,10.829999923706055,10.829999923706055,10.859999656677246,69500.0,10.107105255126953
2020-01-24,10.899999618530273,10.859999656677246,10.880000114440918,10.880000114440918,45300.0,10.12571907043457
2020-01-27,10.859999656677246,10.800000190734863,10.800000190734863,10.84000015258789,41800.0,10.088491439819336
2020-01-28,10.890000343322754,10.819999694824219,10.819999694824219,10.859999656677246,45800.0,10.107105255126953
2020-01-29,10.890000343322754,10.819999694824219,10.859999656677246,10.84000015258789,52300.0,10.088491439819336
2020-01-30,10.869999885559082,10.819999694824219,10.850000381469727,10.859999656677246,56800.0,10.107105255126953
2020-01-31,10.869999885559082,10.800000190734863,10.84000015258789,10.8100004196167,85000.0,10.060571670532227
2020-02-03,10.850000381469727,10.789999961853027,10.789999961853027,10.829999923706055,53600.0,10.079184532165527
2020-02-04,10.899999618530273,10.8100004196167,10.859999656677246,10.899999618530273,37900.0,10.144331932067871
2020-02-05,10.899999618530273,10.869999885559082,10.880000114440918,10.880000114440918,28500.0,10.12571907043457
2020-02-06,10.899999618530273,10.829999923706055,10.869999885559082,10.880000114440918,75800.0,10.12571907043457
2020-02-07,10.880000114440918,10.84000015258789,10.859999656677246,10.869999885559082,49300.0,10.116411209106445
2020-02-10,10.930000305175781,10.869999885559082,10.880000114440918,10.920000076293945,75200.0,10.162945747375488
2020-02-11,11.039999961853027,10.9399995803833,10.949999809265137,10.949999809265137,190400.0,10.190865516662598
2020-02-12,11.010000228881836,10.9399995803833,10.970000267028809,10.989999771118164,154700.0,10.228092193603516
2020-02-13,11.0,10.9399995803833,10.9399995803833,10.989999771118164,91200.0,10.228092193603516
2020-02-14,11.09000015258789,10.989999771118164,11.010000228881836,11.09000015258789,52900.0,10.321160316467285
2020-02-18,11.109999656677246,11.029999732971191,11.100000381469727,11.09000015258789,55000.0,10.321160316467285
2020-02-19,11.119999885559082,10.960000038146973,11.119999885559082,11.0,114400.0,10.237398147583008
2020-02-20,11.079999923706055,10.979999542236328,10.979999542236328,11.0600004196167,69200.0,10.29323959350586
2020-02-21,11.100000381469727,11.039999961853027,11.039999961853027,11.050000190734863,37800.0,10.283933639526367
2020-02-24,10.989999771118164,10.850000381469727,10.880000114440918,10.880000114440918,103200.0,10.12571907043457
2020-02-25,10.9399995803833,10.489999771118164,10.899999618530273,10.539999961853027,153100.0,9.809290885925293
2020-02-26,10.640000343322754,10.449999809265137,10.520000457763672,10.460000038146973,103100.0,9.73483657836914
2020-02-27,10.40999984741211,9.899999618530273,10.369999885559082,9.920000076293945,330800.0,9.23227310180664
2020-02-28,9.569999694824219,9.100000381469727,9.350000381469727,9.3100004196167,559800.0,8.664562225341797
2020-03-02,9.9399995803833,9.359999656677246,9.359999656677246,9.930000305175781,247800.0,9.24158000946045
2020-03-03,10.220000267028809,9.930000305175781,9.979999542236328,10.0,119500.0,9.306726455688477
2020-03-04,10.329999923706055,10.119999885559082,10.119999885559082,10.329999923706055,94500.0,9.613848686218262
2020-03-05,10.210000038146973,9.949999809265137,10.09000015258789,9.989999771118164,196900.0,9.297420501708984
2020-03-06,9.880000114440918,9.5600004196167,9.819999694824219,9.760000228881836,154500.0,9.083365440368652
2020-03-09,9.300000190734863,8.960000038146973,9.25,9.079999923706055,191700.0,8.450508117675781
2020-03-10,9.369999885559082,9.0,9.270000457763672,9.279999732971191,165200.0,8.636642456054688
2020-03-11,9.229999542236328,8.65999984741211,9.149999618530273,8.680000305175781,247200.0,8.078239440917969
2020-03-12,7.909999847412109,7.320000171661377,7.75,7.400000095367432,341700.0,7.041103363037109
2020-03-13,7.949999809265137,7.400000095367432,7.639999866485596,7.920000076293945,205600.0,7.53588342666626
2020-03-16,7.639999866485596,6.78000020980835,6.849999904632568,6.840000152587891,314000.0,6.508263111114502
2020-03-17,6.920000076293945,6.190000057220459,6.789999961853027,6.659999847412109,215300.0,6.3369927406311035
2020-03-18,6.320000171661377,5.0,6.190000057220459,5.170000076293945,324100.0,4.919257164001465
2020-03-19,6.0,4.5,4.920000076293945,5.309999942779541,288300.0,5.052467346191406
2020-03-20,5.849999904632568,5.329999923706055,5.360000133514404,5.400000095367432,192700.0,5.1381025314331055
2020-03-23,5.300000190734863,4.71999979019165,5.25,4.920000076293945,256200.0,4.681382179260254
2020-03-24,5.900000095367432,4.989999771118164,5.119999885559082,5.510000228881836,316100.0,5.242767810821533
2020-03-25,6.800000190734863,5.639999866485596,5.679999828338623,6.269999980926514,172800.0,5.965908050537109
2020-03-26,7.0,6.230000019073486,6.409999847412109,6.869999885559082,123000.0,6.536807537078857
2020-03-27,7.039999961853027,6.570000171661377,6.710000038146973,6.909999847412109,76000.0,6.5748677253723145
2020-03-30,6.989999771118164,6.510000228881836,6.800000190734863,6.710000038146973,213700.0,6.384567737579346
2020-03-31,7.0,6.650000095367432,6.699999809265137,6.789999961853027,222100.0,6.460687637329102
2020-04-01,6.690000057220459,6.079999923706055,6.659999847412109,6.210000038146973,259600.0,5.908817768096924
2020-04-02,6.46999979019165,6.150000095367432,6.210000038146973,6.320000171661377,154700.0,6.013483047485352
2020-04-03,6.389999866485596,5.989999771118164,6.130000114440918,6.090000152587891,119200.0,5.794638156890869
2020-04-06,6.610000133514404,6.179999828338623,6.179999828338623,6.53000020980835,187600.0,6.2132978439331055
2020-04-07,6.989999771118164,6.590000152587891,6.829999923706055,6.590000152587891,171700.0,6.270388126373291
2020-04-08,7.179999828338623,6.639999866485596,6.78000020980835,7.010000228881836,115500.0,6.670018196105957
2020-04-09,7.730000019073486,7.159999847412109,7.25,7.610000133514404,121900.0,7.2409186363220215
2020-04-13,7.579999923706055,6.909999847412109,7.420000076293945,6.909999847412109,129000.0,6.5748677253723145
2020-04-14,7.519999980926514,7.179999828338623,7.179999828338623,7.510000228881836,123900.0,7.145768165588379
2020-04-15,7.380000114440918,7.039999961853027,7.369999885559082,7.170000076293945,73200.0,6.822258472442627
2020-04-16,7.170000076293945,7.010000228881836,7.139999866485596,7.130000114440918,167300.0,6.78419828414917
2020-04-17,7.5,7.230000019073486,7.320000171661377,7.400000095367432,256900.0,7.041103363037109
2020-04-20,7.340000152587891,7.099999904632568,7.289999961853027,7.099999904632568,110100.0,6.755652904510498
2020-04-21,7.039999961853027,6.900000095367432,6.980000019073486,7.0,176000.0,6.660502910614014
2020-04-22,7.230000019073486,7.070000171661377,7.119999885559082,7.070000171661377,92900.0,6.727108478546143
2020-04-23,7.130000114440918,6.980000019073486,7.03000020980835,7.019999980926514,115100.0,6.679533004760742
2020-04-24,7.079999923706055,6.789999961853027,6.980000019073486,6.900000095367432,120300.0,6.5653533935546875
2020-04-27,7.090000152587891,6.920000076293945,7.079999923706055,7.019999980926514,251500.0,6.679533004760742
2020-04-28,7.199999809265137,7.050000190734863,7.119999885559082,7.059999942779541,115900.0,6.717592716217041
2020-04-29,7.340000152587891,7.150000095367432,7.199999809265137,7.260000228881836,165600.0,6.907893657684326
2020-04-30,7.239999771118164,7.110000133514404,7.21999979019165,7.239999771118164,115700.0,6.888862609863281
2020-05-01,7.110000133514404,6.929999828338623,7.110000133514404,6.949999809265137,135100.0,6.6129279136657715
2020-05-04,7.0,6.800000190734863,6.940000057220459,7.0,134500.0,6.660502910614014
2020-05-05,7.150000095367432,7.03000020980835,7.090000152587891,7.090000152587891,115100.0,6.746138095855713
2020-05-06,7.159999847412109,7.03000020980835,7.130000114440918,7.059999942779541,87300.0,6.717592716217041
2020-05-07,7.21999979019165,7.099999904632568,7.099999904632568,7.139999866485596,101000.0,6.793712615966797
2020-05-08,7.309999942779541,7.199999809265137,7.25,7.25,102800.0,6.898378372192383
2020-05-11,7.260000228881836,7.170000076293945,7.230000019073486,7.179999828338623,81900.0,6.831772804260254
2020-05-12,7.239999771118164,6.960000038146973,7.239999771118164,6.96999979019165,99100.0,6.631957530975342
2020-05-13,6.96999979019165,6.670000076293945,6.940000057220459,6.730000019073486,165100.0,6.403597831726074
2020-05-14,6.71999979019165,6.429999828338623,6.599999904632568,6.650000095367432,127700.0,6.327477931976318
2020-05-15,6.650000095367432,6.550000190734863,6.650000095367432,6.630000114440918,100400.0,6.308448314666748
2020-05-18,7.03000020980835,6.75,6.75,6.980000019073486,170000.0,6.641473293304443
2020-05-19,7.059999942779541,6.960000038146973,7.0,7.019999980926514,99600.0,6.679533004760742
2020-05-20,7.119999885559082,6.909999847412109,7.019999980926514,6.940000057220459,181600.0,6.603413105010986
2020-05-21,7.110000133514404,6.940000057220459,6.940000057220459,6.96999979019165,116200.0,6.631957530975342
2020-05-22,7.099999904632568,6.96999979019165,7.010000228881836,7.099999904632568,75500.0,6.755652904510498
2020-05-26,7.420000076293945,7.230000019073486,7.230000019073486,7.360000133514404,88900.0,7.003043174743652
2020-05-27,7.53000020980835,7.360000133514404,7.400000095367432,7.420000076293945,119100.0,7.06013298034668
2020-05-28,7.550000190734863,7.46999979019165,7.539999961853027,7.550000190734863,83500.0,7.183828353881836
2020-05-29,7.630000114440918,7.460000038146973,7.519999980926514,7.570000171661377,72500.0,7.2028584480285645
2020-06-01,7.820000171661377,7.559999942779541,7.599999904632568,7.800000190734863,53400.0,7.421703815460205
2020-06-02,7.909999847412109,7.679999828338623,7.909999847412109,7.690000057220459,131200.0,7.317038536071777
2020-06-03,8.029999732971191,7.769999980926514,7.769999980926514,7.989999771118164,135600.0,7.602488040924072
2020-06-04,7.989999771118164,7.869999885559082,7.989999771118164,7.929999828338623,73900.0,7.545398235321045
2020-06-05,8.369999885559082,8.0,8.109999656677246,8.279999732971191,120800.0,7.878423690795898
2020-06-08,8.5,8.300000190734863,8.300000190734863,8.479999542236328,114400.0,8.068723678588867
2020-06-09,8.449999809265137,8.25,8.399999618530273,8.3100004196167,135000.0,7.906968593597412
2020-06-10,8.329999923706055,8.0600004196167,8.319999694824219,8.140000343322754,123200.0,7.745213985443115
2020-06-11,8.069999694824219,7.590000152587891,7.989999771118164,7.650000095367432,260500.0,7.27897834777832
2020-06-12,7.909999847412109,7.480000019073486,7.75,7.710000038146973,92600.0,7.52291202545166
2020-06-15,7.739999771118164,7.309999942779541,7.449999809265137,7.659999847412109,193900.0,7.474124908447266
2020-06-16,7.949999809265137,7.599999904632568,7.949999809265137,7.820000171661377,191000.0,7.630242824554443
2020-06-17,7.869999885559082,7.739999771118164,7.840000152587891,7.78000020980835,99000.0,7.591213703155518
2020-06-18,7.78000020980835,7.679999828338623,7.75,7.760000228881836,70700.0,7.5716986656188965
2020-06-19,7.809999942779541,7.599999904632568,7.789999961853027,7.659999847412109,47800.0,7.474124908447266
2020-06-22,7.610000133514404,7.480000019073486,7.610000133514404,7.510000228881836,59800.0,7.327764987945557
2020-06-23,7.619999885559082,7.519999980926514,7.610000133514404,7.590000152587891,59200.0,7.405823707580566
2020-06-24,7.5,7.159999847412109,7.5,7.269999980926514,185900.0,7.093588829040527
2020-06-25,7.360000133514404,7.230000019073486,7.230000019073486,7.340000152587891,88700.0,7.161890506744385
2020-06-26,7.369999885559082,7.28000020980835,7.360000133514404,7.289999961853027,75400.0,7.11310338973999
2020-06-29,7.429999828338623,7.230000019073486,7.28000020980835,7.369999885559082,63000.0,7.191162109375
2020-06-30,7.519999980926514,7.340000152587891,7.340000152587891,7.46999979019165,44900.0,7.288735389709473
2020-07-01,7.690000057220459,7.519999980926514,7.599999904632568,7.690000057220459,112500.0,7.503397464752197
2020-07-02,7.869999885559082,7.679999828338623,7.760000228881836,7.71999979019165,152700.0,7.5326690673828125
2020-07-06,7.800000190734863,7.659999847412109,7.760000228881836,7.699999809265137,107200.0,7.51315450668335
2020-07-07,7.599999904632568,7.510000228881836,7.599999904632568,7.559999942779541,93200.0,7.376551628112793
2020-07-08,7.539999961853027,7.420000076293945,7.539999961853027,7.480000019073486,99300.0,7.298492908477783
2020-07-09,7.460000038146973,7.289999961853027,7.429999828338623,7.449999809265137,57200.0,7.26922082901001
2020-07-10,7.440000057220459,7.360000133514404,7.360000133514404,7.429999828338623,48700.0,7.249706268310547
2020-07-13,7.510000228881836,7.349999904632568,7.460000038146973,7.349999904632568,108700.0,7.171647548675537
2020-07-14,7.429999828338623,7.340000152587891,7.349999904632568,7.389999866485596,73800.0,7.210676670074463
2020-07-15,7.519999980926514,7.449999809265137,7.489999771118164,7.5,70200.0,7.318007469177246
2020-07-16,7.46999979019165,7.300000190734863,7.429999828338623,7.409999847412109,135000.0,7.230191230773926
2020-07-17,7.5,7.349999904632568,7.369999885559082,7.489999771118164,41700.0,7.3082499504089355
2020-07-20,7.489999771118164,7.349999904632568,7.489999771118164,7.380000114440918,134500.0,7.2009196281433105
2020-07-21,7.449999809265137,7.360000133514404,7.389999866485596,7.360000133514404,81700.0,7.181405067443848
2020-07-22,7.510000228881836,7.360000133514404,7.360000133514404,7.510000228881836,100400.0,7.327764987945557
2020-07-23,7.53000020980835,7.400000095367432,7.53000020980835,7.449999809265137,57200.0,7.26922082901001
2020-07-24,7.46999979019165,7.380000114440918,7.460000038146973,7.400000095367432,54600.0,7.220434188842773
2020-07-27,7.46999979019165,7.300000190734863,7.369999885559082,7.449999809265137,107300.0,7.26922082901001
2020-07-28,7.690000057220459,7.349999904632568,7.349999904632568,7.650000095367432,84500.0,7.464367866516113
2020-07-29,7.760000228881836,7.650000095367432,7.679999828338623,7.75,45700.0,7.561941146850586
2020-07-30,7.75,7.599999904632568,7.75,7.730000019073486,42400.0,7.542426586151123
2020-07-31,7.75,7.619999885559082,7.699999809265137,7.71999979019165,61600.0,7.5326690673828125
2020-08-03,7.730000019073486,7.630000114440918,7.730000019073486,7.650000095367432,72800.0,7.464367866516113
2020-08-04,7.829999923706055,7.630000114440918,7.639999866485596,7.820000171661377,300100.0,7.630242824554443
2020-08-05,7.929999828338623,7.829999923706055,7.929999828338623,7.889999866485596,204100.0,7.698544025421143
2020-08-06,7.920000076293945,7.809999942779541,7.920000076293945,7.869999885559082,163600.0,7.67902946472168
2020-08-07,7.960000038146973,7.869999885559082,7.889999866485596,7.880000114440918,96700.0,7.68878698348999
2020-08-10,8.069999694824219,7.900000095367432,7.949999809265137,8.050000190734863,160600.0,7.85466194152832
2020-08-11,8.1899995803833,7.940000057220459,8.1899995803833,7.980000019073486,170100.0,7.786360263824463
2020-08-12,8.0600004196167,7.949999809265137,8.0,7.96999979019165,107400.0,7.776602745056152
2020-08-13,8.149999618530273,7.71999979019165,8.0,7.860000133514404,347000.0,7.669271945953369
2020-08-14,7.909999847412109,7.760000228881836,7.760000228881836,7.809999942779541,97100.0,7.620485305786133
2020-08-17,7.929999828338623,7.789999961853027,7.789999961853027,7.929999828338623,59500.0,7.737573146820068
2020-08-18,7.960000038146973,7.840000152587891,7.940000057220459,7.860000133514404,91400.0,7.669271945953369
2020-08-19,7.900000095367432,7.809999942779541,7.900000095367432,7.829999923706055,80600.0,7.639999866485596
2020-08-20,7.880000114440918,7.699999809265137,7.730000019073486,7.860000133514404,84800.0,7.669271945953369
2020-08-21,7.860000133514404,7.769999980926514,7.860000133514404,7.800000190734863,81400.0,7.6107282638549805
2020-08-24,7.860000133514404,7.739999771118164,7.860000133514404,7.829999923706055,84100.0,7.639999866485596
2020-08-25,7.880000114440918,7.78000020980835,7.849999904632568,7.849999904632568,65400.0,7.659514427185059
2020-08-26,7.829999923706055,7.739999771118164,7.800000190734863,7.760000228881836,94500.0,7.5716986656188965
2020-08-27,7.849999904632568,7.71999979019165,7.71999979019165,7.829999923706055,95000.0,7.639999866485596
2020-08-28,8.100000381469727,7.869999885559082,7.900000095367432,8.100000381469727,876200.0,7.903448581695557
2020-08-31,8.15999984741211,7.989999771118164,8.149999618530273,8.050000190734863,255400.0,7.85466194152832
2020-09-01,8.0600004196167,7.960000038146973,8.010000228881836,8.050000190734863,206000.0,7.85466194152832
2020-09-02,8.180000305175781,8.010000228881836,8.0600004196167,8.170000076293945,144000.0,7.971749782562256
2020-09-03,8.1899995803833,7.929999828338623,8.180000305175781,7.960000038146973,163300.0,7.766845703125
2020-09-04,8.010000228881836,7.760000228881836,7.929999828338623,7.929999828338623,87600.0,7.737573146820068
2020-09-08,7.960000038146973,7.769999980926514,7.960000038146973,7.829999923706055,171600.0,7.639999866485596
2020-09-09,8.010000228881836,7.889999866485596,7.920000076293945,7.929999828338623,198300.0,7.737573146820068
2020-09-10,8.010000228881836,7.860000133514404,8.0,7.869999885559082,168300.0,7.67902946472168
2020-09-11,7.889999866485596,7.739999771118164,7.889999866485596,7.829999923706055,94500.0,7.639999866485596
2020-09-14,7.840000152587891,7.71999979019165,7.730000019073486,7.829999923706055,71400.0,7.829999923706055
2020-09-15,7.96999979019165,7.869999885559082,7.900000095367432,7.940000057220459,110200.0,7.940000057220459
2020-09-16,7.96999979019165,7.880000114440918,7.909999847412109,7.909999847412109,76200.0,7.909999847412109
2020-09-17,7.900000095367432,7.71999979019165,7.860000133514404,7.769999980926514,105700.0,7.769999980926514
2020-09-18,7.829999923706055,7.590000152587891,7.829999923706055,7.699999809265137,220500.0,7.699999809265137
2020-09-21,7.610000133514404,7.389999866485596,7.599999904632568,7.5,125000.0,7.5
2020-09-22,7.559999942779541,7.449999809265137,7.460000038146973,7.489999771118164,108600.0,7.489999771118164
2020-09-23,7.5,7.25,7.489999771118164,7.25,109400.0,7.25
2020-09-24,7.360000133514404,7.139999866485596,7.190000057220459,7.289999961853027,98900.0,7.289999961853027
2020-09-25,7.400000095367432,7.210000038146973,7.210000038146973,7.380000114440918,139000.0,7.380000114440918
2020-09-28,7.639999866485596,7.440000057220459,7.46999979019165,7.610000133514404,104700.0,7.610000133514404
2020-09-29,7.590000152587891,7.460000038146973,7.539999961853027,7.489999771118164,137600.0,7.489999771118164
2020-09-30,7.590000152587891,7.46999979019165,7.539999961853027,7.550000190734863,136200.0,7.550000190734863
2020-10-01,7.690000057220459,7.489999771118164,7.670000076293945,7.659999847412109,227300.0,7.659999847412109
2020-10-02,7.809999942779541,7.570000171661377,7.599999904632568,7.78000020980835,132900.0,7.78000020980835
