Date,High,Low,Open,Close,Volume,Adj Close
2018-01-02,75.62999725341797,75.62999725341797,75.62999725341797,75.62999725341797,6700.0,71.51322174072266
2018-01-03,76.1500015258789,76.0999984741211,76.0999984741211,76.1500015258789,200.0,72.00492095947266
2018-01-04,76.58999633789062,76.4000015258789,76.4000015258789,76.56999969482422,1000.0,72.40206146240234
2018-01-05,76.86000061035156,76.72899627685547,76.72899627685547,76.75,1000.0,72.572265625
2018-01-08,76.75,76.75,76.75,76.75,0.0,72.572265625
2018-01-09,76.75,76.75,76.75,76.75,0.0,72.572265625
2018-01-10,76.75,76.75,76.75,76.75,0.0,72.572265625
2018-01-11,77.20999908447266,77.12000274658203,77.12000274658203,77.20999908447266,400.0,73.00721740722656
2018-01-12,77.83000183105469,77.7979965209961,77.83000183105469,77.7979965209961,1800.0,73.5632095336914
2018-01-16,78.69999694824219,77.75,78.69999694824219,77.75,1000.0,73.51782989501953
2018-01-17,77.75,77.75,77.75,77.75,0.0,73.51782989501953
2018-01-18,78.13999938964844,78.13999938964844,78.13999938964844,78.13999938964844,300.0,73.88658905029297
2018-01-19,78.13999938964844,78.13999938964844,78.13999938964844,78.13999938964844,0.0,73.88658905029297
2018-01-22,78.13999938964844,78.13999938964844,78.13999938964844,78.13999938964844,0.0,73.88658905029297
2018-01-23,79.62000274658203,79.62000274658203,79.62000274658203,79.62000274658203,700.0,75.28604125976562
2018-01-24,79.29900360107422,79.29900360107422,79.29900360107422,79.29900360107422,400.0,74.98250579833984
2018-01-25,79.29900360107422,79.29900360107422,79.29900360107422,79.29900360107422,0.0,74.98250579833984
2018-01-26,79.29900360107422,79.29900360107422,79.29900360107422,79.29900360107422,0.0,74.98250579833984
2018-01-29,80.30000305175781,79.61499786376953,80.30000305175781,79.61499786376953,700.0,75.28130340576172
2018-01-30,78.94000244140625,78.73100280761719,78.76200103759766,78.94000244140625,1100.0,74.64305114746094
2018-01-31,79.08000183105469,78.66999816894531,79.08000183105469,78.86000061035156,25200.0,74.5674057006836
2018-02-01,78.86000061035156,78.86000061035156,78.86000061035156,78.86000061035156,0.0,74.5674057006836
2018-02-02,78.0,77.30000305175781,77.91600036621094,77.30000305175781,20400.0,73.09232330322266
2018-02-05,76.58999633789062,73.68000030517578,76.58999633789062,73.68000030517578,2400.0,69.66937255859375
2018-02-06,75.33499908447266,73.06999969482422,73.06999969482422,75.05999755859375,5500.0,70.97425079345703
2018-02-07,75.62000274658203,74.62000274658203,74.7300033569336,74.62000274658203,6000.0,70.55819702148438
2018-02-08,74.06999969482422,73.6969985961914,73.6969985961914,73.9489974975586,400.0,69.9237289428711
2018-02-09,72.7699966430664,71.98999786376953,72.16000366210938,72.7699966430664,3900.0,68.80889892578125
2018-02-12,72.7699966430664,72.7699966430664,72.7699966430664,72.7699966430664,0.0,68.80889892578125
2018-02-13,74.44999694824219,74.2699966430664,74.2699966430664,74.44999694824219,1500.0,70.3974609375
2018-02-14,73.86000061035156,73.86000061035156,73.86000061035156,73.86000061035156,300.0,69.83956909179688
2018-02-15,75.9800033569336,75.63899993896484,75.9800033569336,75.63899993896484,1100.0,71.52173614501953
2018-02-16,76.6510009765625,76.33699798583984,76.33699798583984,76.51100158691406,1000.0,72.34626770019531
2018-02-20,76.58999633789062,75.68000030517578,76.58999633789062,75.68000030517578,2000.0,71.56050872802734
2018-02-21,76.51000213623047,75.79000091552734,76.51000213623047,75.79000091552734,4500.0,71.66452026367188
2018-02-22,76.06999969482422,75.50199890136719,76.06999969482422,75.50199890136719,500.0,71.3921890258789
2018-02-23,76.37000274658203,76.37000274658203,76.37000274658203,76.37000274658203,200.0,72.21294403076172
2018-02-26,77.19000244140625,76.91999816894531,76.91999816894531,77.19000244140625,300.0,72.98831176757812
2018-02-27,77.19000244140625,77.19000244140625,77.19000244140625,77.19000244140625,0.0,72.98831176757812
2018-02-28,76.26399993896484,76.26399993896484,76.26399993896484,76.26399993896484,200.0,72.11270904541016
2018-03-01,76.26399993896484,76.26399993896484,76.26399993896484,76.26399993896484,0.0,72.11270904541016
2018-03-02,76.26399993896484,76.26399993896484,76.26399993896484,76.26399993896484,0.0,72.11270904541016
2018-03-05,75.12999725341797,75.12999725341797,75.12999725341797,75.12999725341797,1100.0,71.04043579101562
2018-03-06,75.56500244140625,75.56500244140625,75.56500244140625,75.56500244140625,300.0,71.45176696777344
2018-03-07,75.33499908447266,75.33499908447266,75.33499908447266,75.33499908447266,100.0,71.23429107666016
2018-03-08,75.33499908447266,75.33499908447266,75.33499908447266,75.33499908447266,0.0,71.23429107666016
2018-03-09,76.61699676513672,76.5999984741211,76.5999984741211,76.61699676513672,200.0,72.44649505615234
2018-03-12,76.91000366210938,76.76399993896484,76.91000366210938,76.76399993896484,1000.0,72.58549499511719
2018-03-13,76.61000061035156,76.61000061035156,76.61000061035156,76.61000061035156,200.0,72.43988037109375
2018-03-14,76.55599975585938,76.55599975585938,76.55599975585938,76.55599975585938,200.0,72.3888168334961
2018-03-15,76.55599975585938,76.55599975585938,76.55599975585938,76.55599975585938,0.0,72.3888168334961
2018-03-16,76.75,76.36000061035156,76.48999786376953,76.73999786376953,20400.0,72.56279754638672
2018-03-19,76.23999786376953,76.23999786376953,76.23999786376953,76.23999786376953,900.0,72.09001922607422
2018-03-20,75.63600158691406,75.63600158691406,75.63600158691406,75.63600158691406,2000.0,71.5188980102539
2018-03-21,75.63600158691406,75.63600158691406,75.63600158691406,75.63600158691406,0.0,71.5188980102539
2018-03-22,74.80999755859375,74.41999816894531,74.80999755859375,74.48300170898438,2700.0,70.42865753173828
2018-03-23,74.48300170898438,74.48300170898438,74.48300170898438,74.48300170898438,0.0,70.42865753173828
2018-03-26,74.48300170898438,74.48300170898438,74.48300170898438,74.48300170898438,0.0,70.42865753173828
2018-03-27,74.48300170898438,74.48300170898438,74.48300170898438,74.48300170898438,0.0,70.42865753173828
2018-03-28,74.37999725341797,74.01000213623047,74.37999725341797,74.01000213623047,400.0,69.98140716552734
2018-03-29,75.20999908447266,75.20999908447266,75.20999908447266,75.20999908447266,100.0,71.11608123779297
2018-04-02,74.61000061035156,72.94999694824219,74.61000061035156,73.5999984741211,13600.0,69.5937271118164
2018-04-03,73.55000305175781,73.55000305175781,73.55000305175781,73.55000305175781,300.0,69.54644012451172
2018-04-04,73.98999786376953,73.8949966430664,73.8949966430664,73.8949966430664,700.0,69.87266540527344
2018-04-05,75.29900360107422,75.29900360107422,75.29900360107422,75.29900360107422,200.0,71.20024108886719
2018-04-06,75.05999755859375,73.74099731445312,74.9000015258789,73.83000183105469,1500.0,69.81121063232422
2018-04-09,75.08999633789062,74.3550033569336,74.3550033569336,75.08999633789062,400.0,71.00261688232422
2018-04-10,75.44999694824219,75.37999725341797,75.41000366210938,75.4000015258789,500.0,71.29574584960938
2018-04-11,75.21800231933594,75.0,75.21800231933594,75.0,400.0,70.91751861572266
2018-04-12,75.56099700927734,75.56099700927734,75.56099700927734,75.56099700927734,100.0,71.4479751586914
2018-04-13,75.56099700927734,75.56099700927734,75.56099700927734,75.56099700927734,0.0,71.4479751586914
2018-04-16,75.76799774169922,75.47000122070312,75.47000122070312,75.76799774169922,1500.0,71.64371490478516
2018-04-17,75.76799774169922,75.76799774169922,75.76799774169922,75.76799774169922,0.0,71.64371490478516
2018-04-18,76.44599914550781,76.44599914550781,76.44599914550781,76.44599914550781,100.0,72.28480529785156
2018-04-19,75.62000274658203,75.62000274658203,75.62000274658203,75.62000274658203,600.0,71.50377655029297
2018-04-20,75.62000274658203,75.62000274658203,75.62000274658203,75.62000274658203,0.0,71.50377655029297
2018-04-23,75.62000274658203,75.62000274658203,75.62000274658203,75.62000274658203,0.0,71.50377655029297
2018-04-24,75.62000274658203,75.62000274658203,75.62000274658203,75.62000274658203,0.0,71.50377655029297
2018-04-25,75.62000274658203,75.62000274658203,75.62000274658203,75.62000274658203,0.0,71.50377655029297
2018-04-26,75.19999694824219,75.19999694824219,75.19999694824219,75.19999694824219,1000.0,71.10662841796875
2018-04-27,75.19999694824219,75.19999694824219,75.19999694824219,75.19999694824219,0.0,71.10662841796875
2018-04-30,75.13700103759766,75.13700103759766,75.13700103759766,75.13700103759766,300.0,71.04705810546875
2018-05-01,75.13700103759766,75.13700103759766,75.13700103759766,75.13700103759766,0.0,71.04705810546875
2018-05-02,75.13700103759766,75.13700103759766,75.13700103759766,75.13700103759766,0.0,71.04705810546875
2018-05-03,75.13700103759766,75.13700103759766,75.13700103759766,75.13700103759766,0.0,71.04705810546875
2018-05-04,75.13700103759766,75.13700103759766,75.13700103759766,75.13700103759766,0.0,71.04705810546875
2018-05-07,75.13700103759766,75.13700103759766,75.13700103759766,75.13700103759766,0.0,71.04705810546875
2018-05-08,75.13700103759766,75.13700103759766,75.13700103759766,75.13700103759766,0.0,71.04705810546875
2018-05-09,75.13999938964844,75.13999938964844,75.13999938964844,75.13999938964844,200.0,71.04989624023438
2018-05-10,75.13999938964844,75.13999938964844,75.13999938964844,75.13999938964844,0.0,71.04989624023438
2018-05-11,75.13999938964844,75.13999938964844,75.13999938964844,75.13999938964844,0.0,71.04989624023438
2018-05-14,76.62799835205078,76.48999786376953,76.62799835205078,76.48999786376953,700.0,72.326416015625
2018-05-15,75.7300033569336,75.7300033569336,75.7300033569336,75.7300033569336,200.0,71.60778045654297
2018-05-16,76.01499938964844,75.70999908447266,75.70999908447266,76.01499938964844,400.0,71.87726593017578
2018-05-17,76.01499938964844,76.01499938964844,76.01499938964844,76.01499938964844,0.0,71.87726593017578
2018-05-18,75.98899841308594,75.98899841308594,75.98899841308594,75.98899841308594,600.0,71.8526840209961
2018-05-21,76.55000305175781,76.41300201416016,76.55000305175781,76.47000122070312,900.0,72.30750274658203
2018-05-22,76.47000122070312,76.47000122070312,76.47000122070312,76.47000122070312,0.0,72.30750274658203
2018-05-23,76.47000122070312,76.47000122070312,76.47000122070312,76.47000122070312,0.0,72.30750274658203
2018-05-24,75.9520034790039,75.9520034790039,75.9520034790039,75.9520034790039,800.0,71.81770324707031
2018-05-25,75.9520034790039,75.9520034790039,75.9520034790039,75.9520034790039,0.0,71.81770324707031
2018-05-29,74.94000244140625,74.88899993896484,74.94000244140625,74.88899993896484,1700.0,70.81255340576172
2018-05-30,74.88899993896484,74.88899993896484,74.88899993896484,74.88899993896484,0.0,70.81255340576172
2018-05-31,75.63800048828125,75.58000183105469,75.58000183105469,75.63800048828125,600.0,71.52079010009766
2018-06-01,75.63800048828125,75.63800048828125,75.63800048828125,75.63800048828125,0.0,72.1176528930664
2018-06-04,75.77999877929688,75.72200012207031,75.77999877929688,75.72200012207031,300.0,72.19775390625
2018-06-05,75.72200012207031,75.72200012207031,75.72200012207031,75.72200012207031,0.0,72.19775390625
2018-06-06,76.1050033569336,76.08999633789062,76.08999633789062,76.1050033569336,800.0,72.56291961669922
2018-06-07,76.1050033569336,76.1050033569336,76.1050033569336,76.1050033569336,0.0,72.56291961669922
2018-06-08,76.1050033569336,76.1050033569336,76.1050033569336,76.1050033569336,0.0,72.56291961669922
2018-06-11,76.51799774169922,76.45999908447266,76.50299835205078,76.45999908447266,400.0,72.9013900756836
2018-06-12,76.45999908447266,76.45999908447266,76.45999908447266,76.45999908447266,0.0,72.9013900756836
2018-06-13,76.45999908447266,76.45999908447266,76.45999908447266,76.45999908447266,0.0,72.9013900756836
2018-06-14,76.36100006103516,76.36100006103516,76.36100006103516,76.36100006103516,400.0,72.8070068359375
2018-06-15,76.19999694824219,75.9990005493164,76.19999694824219,76.1780014038086,1800.0,72.63251495361328
2018-06-18,76.1780014038086,76.1780014038086,76.1780014038086,76.1780014038086,0.0,72.63251495361328
2018-06-19,76.1780014038086,76.1780014038086,76.1780014038086,76.1780014038086,0.0,72.63251495361328
2018-06-20,76.1780014038086,76.1780014038086,76.1780014038086,76.1780014038086,0.0,72.63251495361328
2018-06-21,76.1780014038086,76.1780014038086,76.1780014038086,76.1780014038086,0.0,72.63251495361328
2018-06-22,75.677001953125,75.677001953125,75.677001953125,75.677001953125,200.0,72.15483856201172
2018-06-25,74.97000122070312,73.94999694824219,74.97000122070312,74.16999816894531,6500.0,70.71797943115234
2018-06-26,74.5,74.23999786376953,74.37999725341797,74.26000213623047,6600.0,70.80380249023438
2018-06-27,73.8280029296875,73.8280029296875,73.8280029296875,73.8280029296875,300.0,70.39189910888672
2018-06-28,73.8280029296875,73.8280029296875,73.8280029296875,73.8280029296875,100.0,70.39189910888672
2018-06-29,74.77999877929688,74.77999877929688,74.77999877929688,74.77999877929688,500.0,71.29959106445312
2018-07-02,74.77999877929688,74.77999877929688,74.77999877929688,74.77999877929688,300.0,71.29959106445312
2018-07-03,74.77999877929688,74.77999877929688,74.77999877929688,74.77999877929688,0.0,71.29959106445312
2018-07-05,74.76000213623047,74.76000213623047,74.76000213623047,74.76000213623047,700.0,71.280517578125
2018-07-06,75.375,75.29100036621094,75.375,75.29100036621094,700.0,71.78680419921875
2018-07-09,75.29100036621094,75.29100036621094,75.29100036621094,75.29100036621094,0.0,71.78680419921875
2018-07-10,75.29100036621094,75.29100036621094,75.29100036621094,75.29100036621094,0.0,71.78680419921875
2018-07-11,75.55899810791016,75.47200012207031,75.5,75.53800201416016,1000.0,72.02230834960938
2018-07-12,75.53800201416016,75.53800201416016,75.53800201416016,75.53800201416016,0.0,72.02230834960938
2018-07-13,76.18099975585938,76.18099975585938,76.18099975585938,76.18099975585938,100.0,72.63538360595703
2018-07-16,76.13999938964844,75.86000061035156,76.04000091552734,75.95999908447266,6700.0,72.42466735839844
2018-07-17,76.37000274658203,75.87000274658203,75.87000274658203,76.29000091552734,6800.0,72.73931121826172
2018-07-18,76.54000091552734,76.54000091552734,76.54000091552734,76.54000091552734,200.0,72.97766876220703
2018-07-19,76.54000091552734,76.54000091552734,76.54000091552734,76.54000091552734,0.0,72.97766876220703
2018-07-20,76.55699920654297,76.54199981689453,76.55699920654297,76.54199981689453,2000.0,72.97957611083984
2018-07-23,76.5,76.5,76.5,76.5,200.0,72.93953704833984
2018-07-24,76.96499633789062,76.87000274658203,76.96499633789062,76.87000274658203,400.0,73.29232025146484
2018-07-25,76.8499984741211,76.81999969482422,76.8499984741211,76.81999969482422,300.0,73.24464416503906
2018-07-26,77.08000183105469,77.08000183105469,77.08000183105469,77.08000183105469,500.0,73.49254608154297
2018-07-27,77.08000183105469,77.08000183105469,77.08000183105469,77.08000183105469,0.0,73.49254608154297
2018-07-30,77.08000183105469,77.08000183105469,77.08000183105469,77.08000183105469,0.0,73.49254608154297
2018-07-31,77.08000183105469,77.08000183105469,77.08000183105469,77.08000183105469,0.0,73.49254608154297
2018-08-01,76.76799774169922,76.70899963378906,76.70899963378906,76.76799774169922,400.0,73.195068359375
2018-08-02,76.3290023803711,76.3290023803711,76.3290023803711,76.3290023803711,100.0,72.77649688720703
2018-08-03,76.3290023803711,76.3290023803711,76.3290023803711,76.3290023803711,500.0,72.77649688720703
2018-08-06,76.63999938964844,76.63999938964844,76.63999938964844,76.63999938964844,1600.0,73.0730209350586
2018-08-07,76.63999938964844,76.63999938964844,76.63999938964844,76.63999938964844,0.0,73.0730209350586
2018-08-08,77.44000244140625,77.44000244140625,77.44000244140625,77.44000244140625,300.0,73.83578491210938
2018-08-09,77.45999908447266,77.4000015258789,77.45999908447266,77.4000015258789,900.0,73.79765319824219
2018-08-10,76.66000366210938,76.5999984741211,76.66000366210938,76.5999984741211,200.0,73.03488159179688
2018-08-13,76.5999984741211,76.5999984741211,76.5999984741211,76.5999984741211,0.0,73.03488159179688
2018-08-14,76.66799926757812,76.60900115966797,76.60900115966797,76.66799926757812,400.0,73.09972381591797
2018-08-15,76.66799926757812,76.66799926757812,76.66799926757812,76.66799926757812,0.0,73.09972381591797
2018-08-16,76.66799926757812,76.66799926757812,76.66799926757812,76.66799926757812,0.0,73.09972381591797
2018-08-17,76.66799926757812,76.66799926757812,76.66799926757812,76.66799926757812,0.0,73.09972381591797
2018-08-20,76.66799926757812,76.66799926757812,76.66799926757812,76.66799926757812,0.0,73.09972381591797
2018-08-21,77.5199966430664,77.5199966430664,77.5199966430664,77.5199966430664,200.0,73.91205596923828
2018-08-22,77.5199966430664,77.5199966430664,77.5199966430664,77.5199966430664,0.0,73.91205596923828
2018-08-23,77.26000213623047,77.0,77.08000183105469,77.0,12300.0,73.416259765625
2018-08-24,77.47000122070312,77.19999694824219,77.22000122070312,77.41999816894531,12400.0,73.81671142578125
2018-08-27,78.20999908447266,78.20999908447266,78.20999908447266,78.20999908447266,600.0,74.56995391845703
2018-08-28,78.20999908447266,78.20999908447266,78.20999908447266,78.20999908447266,0.0,74.56995391845703
2018-08-29,78.44300079345703,77.81999969482422,77.81999969482422,78.44300079345703,1200.0,74.79210662841797
2018-08-30,78.44300079345703,78.44300079345703,78.44300079345703,78.44300079345703,0.0,74.79210662841797
2018-08-31,77.80999755859375,77.73400115966797,77.73400115966797,77.7770004272461,600.0,74.1571044921875
2018-09-04,77.54000091552734,77.53900146484375,77.53900146484375,77.54000091552734,500.0,73.9311294555664
2018-09-05,77.31999969482422,77.2490005493164,77.2490005493164,77.31999969482422,500.0,73.72137451171875
2018-09-06,76.9000015258789,76.9000015258789,76.9000015258789,76.9000015258789,700.0,73.3209228515625
2018-09-07,77.11900329589844,76.93099975585938,77.11900329589844,76.93099975585938,1500.0,73.35047912597656
2018-09-10,77.45999908447266,77.13099670410156,77.45999908447266,77.20999908447266,5800.0,73.61649322509766
2018-09-11,77.32099914550781,77.32099914550781,77.32099914550781,77.32099914550781,200.0,73.72232055664062
2018-09-12,77.32099914550781,77.32099914550781,77.32099914550781,77.32099914550781,0.0,73.72232055664062
2018-09-13,77.83399963378906,77.83399963378906,77.83399963378906,77.83399963378906,400.0,74.2114486694336
2018-09-14,77.83399963378906,77.83399963378906,77.83399963378906,77.83399963378906,0.0,74.2114486694336
2018-09-17,77.83399963378906,77.83399963378906,77.83399963378906,77.83399963378906,0.0,74.2114486694336
2018-09-18,78.3499984741211,78.3499984741211,78.3499984741211,78.3499984741211,200.0,74.70343017578125
2018-09-19,78.4000015258789,78.23300170898438,78.4000015258789,78.23300170898438,700.0,74.59188079833984
2018-09-20,79.01000213623047,78.80999755859375,78.80999755859375,79.01000213623047,1300.0,75.33272552490234
2018-09-21,79.11799621582031,78.96299743652344,78.96299743652344,79.08999633789062,1100.0,75.40898895263672
2018-09-24,78.72000122070312,78.52300262451172,78.72000122070312,78.53299713134766,500.0,74.87791442871094
2018-09-25,78.67400360107422,78.67400360107422,78.67400360107422,78.67400360107422,100.0,75.01236724853516
2018-09-26,78.7699966430664,78.7699966430664,78.7699966430664,78.7699966430664,200.0,75.1038818359375
2018-09-27,78.77999877929688,78.71900177001953,78.71900177001953,78.77999877929688,400.0,75.11341857910156
2018-09-28,78.61000061035156,78.47000122070312,78.47000122070312,78.49800109863281,1300.0,74.84455108642578
2018-10-01,78.81999969482422,78.81999969482422,78.81999969482422,78.81999969482422,500.0,75.15156555175781
2018-10-02,78.72000122070312,78.65899658203125,78.72000122070312,78.72000122070312,1200.0,75.05622100830078
2018-10-03,79.55000305175781,79.55000305175781,79.55000305175781,79.55000305175781,2200.0,75.84758758544922
2018-10-04,79.55000305175781,79.55000305175781,79.55000305175781,79.55000305175781,0.0,75.84758758544922
2018-10-05,79.55000305175781,79.55000305175781,79.55000305175781,79.55000305175781,2200.0,75.84758758544922
2018-10-08,79.55000305175781,79.55000305175781,79.55000305175781,79.55000305175781,0.0,75.84758758544922
2018-10-09,77.22799682617188,77.22799682617188,77.22799682617188,77.22799682617188,100.0,73.63365173339844
2018-10-10,77.22799682617188,77.22799682617188,77.22799682617188,77.22799682617188,0.0,73.63365173339844
2018-10-11,74.8280029296875,74.55000305175781,74.68000030517578,74.55000305175781,400.0,71.0802993774414
2018-10-12,73.94000244140625,73.94000244140625,73.94000244140625,73.94000244140625,200.0,70.49868774414062
2018-10-15,74.55999755859375,74.52799987792969,74.52799987792969,74.55999755859375,300.0,71.0898208618164
2018-10-16,75.5989990234375,75.33899688720703,75.33899688720703,75.5989990234375,1400.0,72.08047485351562
2018-10-17,75.66999816894531,75.5,75.66999816894531,75.5,1700.0,71.98607635498047
2018-10-18,74.5,74.5,74.5,74.5,500.0,71.0326156616211
2018-10-19,74.94999694824219,74.81400299072266,74.81400299072266,74.94999694824219,1100.0,71.461669921875
2018-10-22,74.65699768066406,74.62000274658203,74.62000274658203,74.65699768066406,1600.0,71.18231964111328
2018-10-23,73.375,73.375,73.375,73.375,500.0,69.9599838256836
2018-10-24,73.375,73.375,73.375,73.375,100.0,69.9599838256836
2018-10-25,73.19999694824219,72.91999816894531,72.91999816894531,73.19999694824219,1400.0,69.79312133789062
2018-10-26,72.5780029296875,72.27400207519531,72.27400207519531,72.37899780273438,800.0,69.01033020019531
2018-10-29,72.96700286865234,72.77200317382812,72.77200317382812,72.96700286865234,400.0,69.57097625732422
2018-10-30,72.55000305175781,72.55000305175781,72.55000305175781,72.55000305175781,100.0,69.17337799072266
2018-10-31,73.78500366210938,73.74600219726562,73.74600219726562,73.78500366210938,400.0,70.35089874267578
2018-11-01,74.23899841308594,74.03800201416016,74.19499969482422,74.23899841308594,1700.0,70.78376770019531
2018-11-02,73.4800033569336,73.4800033569336,73.4800033569336,73.4800033569336,200.0,70.06010437011719
2018-11-05,74.66999816894531,73.9000015258789,74.66999816894531,74.16100311279297,8200.0,70.70939636230469
2018-11-06,74.36000061035156,74.36000061035156,74.36000061035156,74.36000061035156,100.0,70.89913940429688
2018-11-07,75.63899993896484,75.27999877929688,75.27999877929688,75.63899993896484,1700.0,72.11861419677734
2018-11-08,75.72000122070312,75.3949966430664,75.72000122070312,75.3949966430664,600.0,71.88595581054688
2018-11-09,75.02999877929688,74.87999725341797,75.02999877929688,74.87999725341797,400.0,71.39493560791016
2018-11-12,74.87999725341797,74.87999725341797,74.87999725341797,74.87999725341797,100.0,71.39493560791016
2018-11-13,74.44000244140625,74.05000305175781,74.44000244140625,74.05000305175781,600.0,70.60356140136719
2018-11-14,74.4260025024414,74.00399780273438,74.4260025024414,74.00399780273438,500.0,70.55970001220703
2018-11-15,74.13899993896484,73.5260009765625,73.5260009765625,74.13899993896484,600.0,70.68842315673828
2018-11-16,74.41999816894531,74.36000061035156,74.41999816894531,74.36000061035156,600.0,70.89913940429688
2018-11-19,73.5,73.5,73.5,73.5,1500.0,70.07915496826172
2018-11-20,72.48999786376953,72.13999938964844,72.36000061035156,72.18000030517578,4500.0,68.82059478759766
2018-11-21,73.0989990234375,72.87999725341797,72.87999725341797,72.93000030517578,3000.0,69.53569030761719
2018-11-23,72.93000030517578,72.93000030517578,72.93000030517578,72.93000030517578,100.0,69.53569030761719
2018-11-26,73.19000244140625,73.03900146484375,73.19000244140625,73.16100311279297,600.0,69.75595092773438
2018-11-27,73.51000213623047,73.04000091552734,73.04000091552734,73.51000213623047,300.0,70.08869934082031
2018-11-28,73.51000213623047,73.51000213623047,73.51000213623047,73.51000213623047,100.0,70.08869934082031
2018-11-29,73.51000213623047,73.51000213623047,73.51000213623047,73.51000213623047,100.0,70.08869934082031
2018-11-30,74.37999725341797,74.37000274658203,74.37000274658203,74.37999725341797,1600.0,70.91820526123047
2018-12-03,75.38999938964844,74.94400024414062,75.12000274658203,75.35600280761719,2800.0,71.8487777709961
2018-12-04,74.76000213623047,74.76000213623047,74.76000213623047,74.76000213623047,300.0,71.280517578125
2018-12-06,73.0,72.08999633789062,73.0,72.08999633789062,400.0,68.73477935791016
2018-12-07,73.19000244140625,71.91899871826172,73.19000244140625,72.37999725341797,47300.0,69.01129150390625
2018-12-10,72.24400329589844,71.41000366210938,71.54000091552734,72.24400329589844,300.0,68.88162994384766
2018-12-11,72.6500015258789,72.25599670410156,72.6500015258789,72.25599670410156,100.0,68.89305877685547
2018-12-12,73.25,72.80899810791016,73.18000030517578,72.80899810791016,800.0,69.42031860351562
2018-12-13,73.05000305175781,72.58300018310547,72.94000244140625,72.83000183105469,8900.0,69.44034576416016
2018-12-14,72.33000183105469,71.66999816894531,72.2300033569336,71.7300033569336,7900.0,68.39154815673828
2018-12-17,70.38400268554688,70.38400268554688,70.38400268554688,70.38400268554688,100.0,67.10819244384766
2018-12-18,71.0199966430664,70.1500015258789,70.58000183105469,70.61000061035156,3200.0,67.32367706298828
2018-12-19,71.08999633789062,69.71399688720703,71.0199966430664,69.71399688720703,1300.0,66.46936798095703
2018-12-20,69.5999984741211,68.55999755859375,69.5999984741211,68.8759994506836,6700.0,65.67037200927734
2018-12-21,66.89299774169922,66.7959976196289,66.89299774169922,66.7959976196289,600.0,64.59691619873047
2018-12-24,66.05000305175781,65.49600219726562,66.05000305175781,65.49600219726562,100.0,63.3397102355957
2018-12-26,67.72599792480469,65.43000030517578,65.43000030517578,67.72599792480469,300.0,65.49629211425781
2018-12-27,67.9520034790039,66.7040023803711,67.55000305175781,67.9520034790039,2100.0,65.7148666381836
2018-12-28,68.20899963378906,68.0999984741211,68.0999984741211,68.20899963378906,300.0,65.96339416503906
2018-12-31,69.33000183105469,68.30999755859375,69.33000183105469,68.56999969482422,1500.0,66.31250762939453
2019-01-02,68.47200012207031,68.47200012207031,68.47200012207031,68.47200012207031,100.0,66.21774291992188
2019-01-03,67.44200134277344,67.44200134277344,67.44200134277344,67.44200134277344,100.0,65.22164916992188
2019-01-04,69.47899627685547,69.0999984741211,69.0999984741211,69.47899627685547,300.0,67.19158935546875
2019-01-07,69.8010025024414,69.8010025024414,69.8010025024414,69.8010025024414,100.0,67.50298309326172
2019-01-08,70.41000366210938,70.18000030517578,70.18000030517578,70.3219985961914,1900.0,68.00682830810547
2019-01-09,70.91999816894531,70.58999633789062,70.58999633789062,70.71600341796875,2900.0,68.38786315917969
2019-01-10,71.0979995727539,70.6259994506836,70.802001953125,71.0979995727539,2000.0,68.75727844238281
2019-01-11,70.95999908447266,70.72000122070312,70.76599884033203,70.88700103759766,1300.0,68.55323791503906
2019-01-14,70.75,70.54499816894531,70.55999755859375,70.54499816894531,1800.0,68.22248840332031
2019-01-15,71.06999969482422,70.81600189208984,70.97000122070312,71.04199981689453,2600.0,68.703125
2019-01-16,71.37000274658203,71.1969985961914,71.20099639892578,71.1969985961914,1600.0,68.85301971435547
2019-01-17,71.6500015258789,71.26000213623047,71.26000213623047,71.55799865722656,1700.0,69.20214080810547
2019-01-18,72.45999908447266,72.0199966430664,72.0199966430664,72.3949966430664,5200.0,70.01158142089844
2019-01-22,71.36299896240234,71.36299896240234,71.36299896240234,71.36299896240234,100.0,69.01355743408203
2019-01-23,71.79000091552734,71.6500015258789,71.6500015258789,71.79000091552734,400.0,69.42650604248047
2019-01-24,71.88600158691406,71.75,71.75,71.88600158691406,300.0,69.51934814453125
2019-01-25,72.5,72.3499984741211,72.3499984741211,72.38800048828125,600.0,70.00482177734375
2019-01-28,71.99400329589844,71.99400329589844,71.99400329589844,71.99400329589844,100.0,69.62379455566406
2019-01-29,72.13400268554688,72.10600280761719,72.10600280761719,72.13400268554688,100.0,69.7591781616211
2019-01-30,73.19999694824219,73.03600311279297,73.19999694824219,73.03600311279297,500.0,70.63148498535156
2019-01-31,73.55799865722656,73.32099914550781,73.4800033569336,73.55799865722656,400.0,71.13629150390625
2019-02-01,73.58999633789062,73.56600189208984,73.58999633789062,73.56600189208984,1200.0,71.14403533935547
2019-02-04,73.98400115966797,73.4800033569336,73.4800033569336,73.98400115966797,100.0,71.54827117919922
2019-02-05,74.41500091552734,74.30000305175781,74.30000305175781,74.41500091552734,300.0,71.965087890625
2019-02-06,74.177001953125,74.12000274658203,74.12000274658203,74.177001953125,200.0,71.73491668701172
2019-02-07,73.5260009765625,73.36000061035156,73.36000061035156,73.5260009765625,100.0,71.10535430908203
2019-02-08,73.55699920654297,73.47000122070312,73.47000122070312,73.55699920654297,200.0,71.13532257080078
2019-02-11,73.59400177001953,73.53900146484375,73.53900146484375,73.59400177001953,300.0,71.17111206054688
2019-02-12,74.41000366210938,74.37999725341797,74.41000366210938,74.37999725341797,100.0,71.93122863769531
2019-02-13,74.68000030517578,74.44100189208984,74.44100189208984,74.58000183105469,2200.0,72.12464904785156
2019-02-14,74.63700103759766,74.30999755859375,74.30999755859375,74.44100189208984,1200.0,71.99022674560547
2019-02-15,75.22100067138672,74.93000030517578,74.93000030517578,75.22100067138672,400.0,72.74455261230469
2019-02-19,75.63999938964844,75.44200134277344,75.5,75.44200134277344,3700.0,72.95826721191406
2019-02-20,75.7699966430664,75.61799621582031,75.74299621582031,75.61799621582031,900.0,73.12846374511719
2019-02-21,75.41400146484375,75.41400146484375,75.41400146484375,75.41400146484375,100.0,72.93119049072266
2019-02-22,75.91000366210938,75.85800170898438,75.89900207519531,75.85800170898438,500.0,73.3605728149414
2019-02-25,76.11000061035156,75.9209976196289,76.1050033569336,75.9209976196289,1200.0,73.42150115966797
2019-02-26,76.1050033569336,76.05000305175781,76.05000305175781,76.1050033569336,1000.0,73.59944152832031
2019-02-27,75.9800033569336,75.9800033569336,75.9800033569336,75.9800033569336,0.0,73.47856140136719
2019-02-28,75.88800048828125,75.7300033569336,75.7300033569336,75.8759994506836,400.0,73.37797546386719
2019-03-01,76.23600006103516,76.01000213623047,76.2300033569336,76.23600006103516,1100.0,73.72611999511719
2019-03-04,76.26000213623047,75.90899658203125,76.26000213623047,75.90899658203125,300.0,73.40989685058594
2019-03-05,76.12999725341797,75.9800033569336,76.0510025024414,76.00399780273438,18200.0,73.50176239013672
2019-03-06,75.73999786376953,75.66600036621094,75.73999786376953,75.66600036621094,200.0,73.17489624023438
2019-03-07,75.37999725341797,75.05400085449219,75.22000122070312,75.05400085449219,4600.0,72.58303833007812
2019-03-08,74.98600006103516,74.875,74.875,74.98600006103516,2000.0,72.51728057861328
2019-03-11,75.87999725341797,75.79399871826172,75.79399871826172,75.87699890136719,1100.0,73.37895202636719
2019-03-12,76.06999969482422,75.66000366210938,75.66000366210938,75.98999786376953,900.0,73.48822021484375
2019-03-13,76.69000244140625,76.51399993896484,76.54100036621094,76.51399993896484,2100.0,73.9949722290039
2019-03-14,76.55000305175781,76.38899993896484,76.38899993896484,76.44000244140625,2500.0,73.92340850830078
2019-03-15,76.86599731445312,76.86599731445312,76.86599731445312,76.86599731445312,0.0,74.33538055419922
2019-03-18,77.14600372314453,76.68000030517578,77.14600372314453,76.90799713134766,226700.0,74.3759994506836
2019-03-19,77.13999938964844,76.88300323486328,77.12000274658203,76.88300323486328,300.0,74.3518295288086
2019-03-20,76.79199981689453,76.79199981689453,76.79199981689453,76.79199981689453,100.0,74.26382446289062
2019-03-21,77.3550033569336,77.0199966430664,77.0199966430664,77.3550033569336,700.0,74.80828857421875
2019-03-22,76.4800033569336,76.19100189208984,76.4800033569336,76.19100189208984,2600.0,73.6826171875
2019-03-25,76.19200134277344,76.19200134277344,76.19200134277344,76.19200134277344,100.0,73.6835708618164
2019-03-26,76.94100189208984,76.6969985961914,76.80699920654297,76.6969985961914,500.0,74.17195129394531
2019-03-27,76.50499725341797,76.36000061035156,76.36000061035156,76.50499725341797,1400.0,73.98627471923828
2019-03-28,76.6989974975586,76.6989974975586,76.6989974975586,76.6989974975586,100.0,74.17388153076172
2019-03-29,77.08100128173828,77.08100128173828,77.08100128173828,77.08100128173828,0.0,74.5433120727539
2019-04-01,77.85399627685547,77.80999755859375,77.80999755859375,77.85399627685547,200.0,75.29085540771484
2019-04-02,77.83699798583984,77.61000061035156,77.61000061035156,77.83699798583984,400.0,75.2744140625
2019-04-03,78.02999877929688,77.93000030517578,77.93000030517578,78.02999877929688,400.0,75.46106719970703
2019-04-04,78.19000244140625,78.05000305175781,78.19000244140625,78.12100219726562,8400.0,75.549072265625
2019-04-05,78.37000274658203,78.302001953125,78.37000274658203,78.302001953125,200.0,75.72411346435547
2019-04-08,78.37100219726562,78.21099853515625,78.23600006103516,78.37100219726562,2600.0,75.79084014892578
2019-04-09,78.41999816894531,77.91400146484375,78.41999816894531,77.91400146484375,1500.0,75.34888458251953
2019-04-10,78.2229995727539,78.20899963378906,78.2229995727539,78.20899963378906,1500.0,75.63417053222656
2019-04-11,78.25199890136719,78.23500061035156,78.23500061035156,78.25199890136719,600.0,75.6757583618164
2019-04-12,78.6969985961914,78.5,78.5,78.6969985961914,200.0,76.1061019897461
2019-04-15,78.94000244140625,78.63200378417969,78.94000244140625,78.75700378417969,600.0,76.16413116455078
2019-04-16,78.9800033569336,78.75199890136719,78.94999694824219,78.75199890136719,4000.0,76.15929412841797
2019-04-17,78.81199645996094,78.71399688720703,78.80699920654297,78.71399688720703,2900.0,76.12254333496094
2019-04-18,78.71399688720703,78.5770034790039,78.5770034790039,78.71399688720703,400.0,76.12254333496094
2019-04-22,78.65699768066406,78.6500015258789,78.65699768066406,78.6500015258789,200.0,76.06066131591797
2019-04-23,79.13200378417969,79.00399780273438,79.05999755859375,79.13200378417969,2500.0,76.52679443359375
2019-04-24,79.0999984741211,78.91300201416016,79.0999984741211,78.91300201416016,3300.0,76.31499481201172
2019-04-25,78.91999816894531,78.48999786376953,78.91999816894531,78.79499816894531,500.0,76.20087432861328
2019-04-26,79.04900360107422,78.81999969482422,78.81999969482422,79.04900360107422,2500.0,76.44651794433594
2019-04-29,79.33000183105469,79.19100189208984,79.33000183105469,79.19100189208984,600.0,76.5838394165039
2019-04-30,79.33599853515625,79.04100036621094,79.04100036621094,79.33599853515625,1500.0,76.72406768798828
2019-05-01,78.89800262451172,78.78299713134766,78.89800262451172,78.78299713134766,800.0,76.18927001953125
2019-05-02,78.7699966430664,78.4800033569336,78.69999694824219,78.6240005493164,3200.0,76.03550720214844
2019-05-03,79.33399963378906,79.0719985961914,79.12999725341797,79.33399963378906,2000.0,76.72212982177734
2019-05-06,79.01000213623047,78.62000274658203,78.62000274658203,78.89299774169922,3900.0,76.295654296875
2019-05-07,77.7300033569336,77.7300033569336,77.7300033569336,77.7300033569336,0.0,75.17095184326172
2019-05-08,78.06300354003906,77.68299865722656,78.06300354003906,77.68299865722656,100.0,75.12548828125
2019-05-09,77.72699737548828,77.72000122070312,77.72699737548828,77.72000122070312,300.0,75.1612777709961
2019-05-10,78.05599975585938,78.05599975585938,78.05599975585938,78.05599975585938,200.0,75.48621368408203
2019-05-13,76.63999938964844,76.44000244140625,76.63999938964844,76.552001953125,1200.0,74.03172302246094
2019-05-14,77.16200256347656,77.16200256347656,77.16200256347656,77.16200256347656,100.0,74.62165069580078
2019-05-15,77.54399871826172,77.54399871826172,77.54399871826172,77.54399871826172,100.0,74.9910659790039
2019-05-16,78.4800033569336,78.1510009765625,78.33799743652344,78.1510009765625,4000.0,75.57807922363281
2019-05-17,77.98799896240234,77.87899780273438,77.98799896240234,77.87899780273438,100.0,75.31503295898438
2019-05-20,77.61799621582031,77.3949966430664,77.53700256347656,77.49500274658203,1700.0,74.94368743896484
2019-05-21,78.25,77.9000015258789,78.0999984741211,78.02200317382812,3300.0,75.45333862304688
2019-05-22,77.86299896240234,77.69000244140625,77.69000244140625,77.86299896240234,400.0,75.299560546875
2019-05-23,77.26000213623047,77.12699890136719,77.19999694824219,77.15599822998047,4000.0,74.6158447265625
2019-05-24,77.80000305175781,77.51300048828125,77.80000305175781,77.51300048828125,900.0,74.9610824584961
2019-05-28,77.38999938964844,76.9010009765625,77.38999938964844,76.9010009765625,900.0,74.3692398071289
2019-05-29,76.31099700927734,76.2699966430664,76.2699966430664,76.29900360107422,400.0,73.78705596923828
2019-05-30,76.51699829101562,76.51699829101562,76.51699829101562,76.51699829101562,100.0,73.99787902832031
2019-05-31,75.84500122070312,75.84500122070312,75.84500122070312,75.84500122070312,100.0,73.34800720214844
2019-06-03,75.33999633789062,75.18499755859375,75.33999633789062,75.18499755859375,1100.0,73.51519775390625
2019-06-04,76.31300354003906,75.98799896240234,75.98799896240234,76.31300354003906,2400.0,74.61815643310547
2019-06-05,76.75499725341797,76.43800354003906,76.43800354003906,76.75499725341797,2700.0,75.05033111572266
2019-06-06,77.1969985961914,76.83999633789062,77.12000274658203,77.1969985961914,4600.0,75.48251342773438
2019-06-07,78.0739974975586,77.99800109863281,78.0739974975586,77.99800109863281,500.0,76.26573181152344
2019-06-10,78.37999725341797,78.2030029296875,78.3499984741211,78.2030029296875,2300.0,76.46617889404297
2019-06-11,78.28600311279297,78.28600311279297,78.28600311279297,78.28600311279297,100.0,76.54733276367188
2019-06-12,78.05500030517578,78.05500030517578,78.05500030517578,78.05500030517578,100.0,76.32145690917969
2019-06-13,78.25,78.16999816894531,78.25,78.19999694824219,400.0,76.46324157714844
2019-06-14,78.08999633789062,78.08999633789062,78.08999633789062,78.08999633789062,100.0,76.35568237304688
2019-06-17,78.16200256347656,78.05599975585938,78.09400177001953,78.05599975585938,600.0,76.32244110107422
2019-06-18,78.93800354003906,78.79399871826172,78.93800354003906,78.79399871826172,100.0,77.04405212402344
2019-06-19,79.17400360107422,78.76000213623047,78.84500122070312,79.17400360107422,600.0,77.41561126708984
2019-06-20,79.93499755859375,79.63200378417969,79.63200378417969,79.93499755859375,2900.0,78.15970611572266
2019-06-21,79.67900085449219,79.67900085449219,79.67900085449219,79.67900085449219,100.0,77.90939331054688
2019-06-24,79.6760025024414,79.6760025024414,79.6760025024414,79.6760025024414,100.0,77.90646362304688
2019-06-25,79.64900207519531,79.14600372314453,79.64900207519531,79.14600372314453,600.0,77.38823699951172
2019-06-26,78.95800018310547,78.95800018310547,78.95800018310547,78.95800018310547,100.0,77.20440673828125
2019-06-27,79.1719970703125,79.1719970703125,79.1719970703125,79.1719970703125,100.0,77.41365051269531
2019-06-28,79.49099731445312,79.37699890136719,79.37699890136719,79.49099731445312,200.0,77.7255630493164
2019-07-01,79.93299865722656,79.82599639892578,79.82599639892578,79.93299865722656,1900.0,78.15774536132812
2019-07-02,80.2699966430664,80.01899719238281,80.13700103759766,80.23400115966797,1100.0,78.45206451416016
2019-07-03,80.93900299072266,80.93900299072266,80.93900299072266,80.93900299072266,400.0,79.14141845703125
2019-07-05,80.58899688720703,80.44000244140625,80.44000244140625,80.58300018310547,600.0,78.79331970214844
2019-07-08,80.54000091552734,80.28399658203125,80.54000091552734,80.28399658203125,2700.0,78.5009536743164
2019-07-09,80.24199676513672,80.11000061035156,80.11000061035156,80.24199676513672,300.0,78.45988464355469
2019-07-10,80.75,80.5,80.72000122070312,80.55899810791016,2100.0,78.76985168457031
2019-07-11,80.5999984741211,80.46700286865234,80.59500122070312,80.59300231933594,2000.0,78.8031005859375
2019-07-12,80.98999786376953,80.66300201416016,80.98999786376953,80.81300354003906,800.0,79.0182113647461
2019-07-15,81.08000183105469,80.69999694824219,81.08000183105469,80.85299682617188,600.0,79.05731964111328
2019-07-16,81.11000061035156,80.65899658203125,81.11000061035156,80.65899658203125,1600.0,78.86763000488281
2019-07-17,80.55799865722656,80.4020004272461,80.55799865722656,80.4020004272461,600.0,78.6163330078125
2019-07-18,80.71099853515625,80.31999969482422,80.31999969482422,80.71099853515625,400.0,78.91847229003906
2019-07-19,80.28800201416016,80.28800201416016,80.28800201416016,80.28800201416016,200.0,78.50486755371094
2019-07-22,80.66999816894531,80.19100189208984,80.66999816894531,80.19100189208984,1600.0,78.41002655029297
2019-07-23,80.63200378417969,80.41000366210938,80.41999816894531,80.63200378417969,1300.0,78.84123229980469
2019-07-24,80.8489990234375,80.54499816894531,80.62000274658203,80.8489990234375,700.0,79.05341339111328
2019-07-25,80.58999633789062,80.33000183105469,80.58999633789062,80.33000183105469,600.0,78.54593658447266
2019-07-26,80.91899871826172,80.78800201416016,80.78800201416016,80.91899871826172,400.0,79.12185668945312
2019-07-29,81.19999694824219,80.99500274658203,81.19999694824219,80.99500274658203,1600.0,79.1961669921875
2019-07-30,80.61000061035156,80.36199951171875,80.61000061035156,80.36199951171875,1000.0,78.57722473144531
2019-07-31,79.73100280761719,79.25,79.25,79.73100280761719,300.0,77.96023559570312
2019-08-01,80.5199966430664,79.2979965209961,80.2699966430664,79.2979965209961,3000.0,77.53684997558594
2019-08-02,79.29000091552734,78.86799621582031,79.29000091552734,78.86799621582031,800.0,77.11640167236328
2019-08-05,77.97000122070312,76.80999755859375,77.97000122070312,76.9219970703125,900.0,75.21361541748047
2019-08-06,78.0,77.7300033569336,78.0,77.7300033569336,800.0,76.0036849975586
2019-08-07,78.10600280761719,77.86100006103516,77.87100219726562,78.10600280761719,3600.0,76.37133026123047
2019-08-08,79.19300079345703,79.0199966430664,79.0199966430664,79.19300079345703,1800.0,77.4341812133789
2019-08-09,79.6500015258789,78.5,79.6500015258789,78.7959976196289,1700.0,77.04600524902344
2019-08-12,78.28800201416016,77.98999786376953,78.28800201416016,77.98999786376953,1600.0,76.25790405273438
2019-08-13,79.08999633789062,78.87000274658203,78.87000274658203,78.89900207519531,3500.0,77.14671325683594
2019-08-14,77.05000305175781,76.88999938964844,77.05000305175781,76.88999938964844,300.0,75.18232727050781
2019-08-15,77.14900207519531,77.01399993896484,77.0199966430664,77.14900207519531,400.0,75.43558502197266
2019-08-16,78.15899658203125,78.02300262451172,78.02300262451172,78.15899658203125,1000.0,76.42314910888672
2019-08-19,79.05000305175781,78.83599853515625,79.05000305175781,78.83599853515625,400.0,77.08511352539062
2019-08-20,78.65499877929688,78.31999969482422,78.57499694824219,78.31999969482422,1200.0,76.58057403564453
2019-08-21,79.2699966430664,78.87300109863281,79.2699966430664,78.87300109863281,1100.0,77.12129211425781
2019-08-22,78.9020004272461,78.9020004272461,78.9020004272461,78.9020004272461,300.0,77.14965057373047
2019-08-23,78.27999877929688,77.10800170898438,78.27999877929688,77.10800170898438,600.0,75.39549255371094
2019-08-26,78.04000091552734,77.93399810791016,77.93399810791016,77.99800109863281,900.0,76.26573181152344
2019-08-27,78.53099822998047,78.09400177001953,78.53099822998047,78.09400177001953,400.0,76.3595962524414
2019-08-28,78.38999938964844,77.95999908447266,77.95999908447266,78.26200103759766,2800.0,76.52386474609375
2019-08-29,79.61000061035156,78.86100006103516,79.61000061035156,79.06600189208984,2700.0,77.31001281738281
2019-08-30,79.26000213623047,78.96399688720703,79.26000213623047,79.11299896240234,2000.0,77.35595703125
2019-09-03,78.83999633789062,78.697998046875,78.71499633789062,78.79000091552734,2400.0,77.0401382446289
2019-09-04,79.73100280761719,79.73100280761719,79.73100280761719,79.73100280761719,100.0,77.96023559570312
2019-09-05,80.6500015258789,80.44000244140625,80.6500015258789,80.47000122070312,900.0,78.68282318115234
2019-09-06,80.64299774169922,80.48600006103516,80.54100036621094,80.48600006103516,700.0,78.69847106933594
2019-09-09,80.94999694824219,80.39600372314453,80.94999694824219,80.4000015258789,1600.0,78.6143798828125
2019-09-10,80.23300170898438,80.23300170898438,80.23300170898438,80.23300170898438,0.0,78.45109558105469
2019-09-11,80.74800109863281,80.18000030517578,80.18000030517578,80.74800109863281,4200.0,78.95465087890625
2019-09-12,81.22699737548828,81.11000061035156,81.13200378417969,81.11000061035156,300.0,79.30860900878906
2019-09-13,81.19000244140625,81.09500122070312,81.16000366210938,81.09500122070312,1400.0,79.2939453125
2019-09-16,80.7030029296875,80.62699890136719,80.7030029296875,80.66000366210938,500.0,78.86860656738281
2019-09-17,81.0479965209961,80.88500213623047,80.88500213623047,81.0479965209961,300.0,79.24798583984375
2019-09-18,81.01799774169922,80.88500213623047,80.96800231933594,81.01799774169922,600.0,79.2186508178711
2019-09-19,81.41999816894531,81.18900299072266,81.41999816894531,81.18900299072266,300.0,79.3858642578125
2019-09-20,81.36000061035156,81.0,81.05999755859375,81.0,2800.0,79.2010498046875
2019-09-23,80.9489974975586,80.83000183105469,80.86000061035156,80.9489974975586,500.0,79.15118408203125
2019-09-24,80.6500015258789,80.48999786376953,80.6500015258789,80.60700225830078,500.0,78.81678771972656
2019-09-25,80.87999725341797,80.68199920654297,80.68199920654297,80.8290023803711,1700.0,79.03385925292969
2019-09-26,80.86699676513672,80.79000091552734,80.79000091552734,80.86699676513672,200.0,79.07100677490234
2019-09-27,80.66999816894531,80.427001953125,80.66999816894531,80.427001953125,300.0,78.64078521728516
2019-09-30,80.79399871826172,80.79399871826172,80.79399871826172,80.79399871826172,0.0,78.99962615966797
2019-10-01,80.41999816894531,80.05000305175781,80.41999816894531,80.05000305175781,1600.0,78.27215576171875
2019-10-02,78.65499877929688,78.65499877929688,78.65499877929688,78.65499877929688,0.0,76.90813446044922
2019-10-03,79.23400115966797,78.86900329589844,78.86900329589844,79.18299865722656,1900.0,77.42440795898438
2019-10-04,80.24700164794922,79.63099670410156,79.63099670410156,80.24700164794922,300.0,78.46478271484375
2019-10-07,80.22000122070312,80.08699798583984,80.22000122070312,80.08699798583984,400.0,78.30833435058594
2019-10-08,79.06700134277344,79.06700134277344,79.06700134277344,79.06700134277344,0.0,77.31098175048828
2019-10-09,79.91000366210938,79.55000305175781,79.55000305175781,79.71600341796875,1600.0,77.94557189941406
2019-10-10,80.09400177001953,79.84600067138672,79.84600067138672,80.09400177001953,300.0,78.31517791748047
2019-10-11,81.03800201416016,81.03800201416016,81.03800201416016,81.03800201416016,0.0,79.23821258544922
2019-10-14,80.86499786376953,80.77999877929688,80.8499984741211,80.81600189208984,2000.0,79.0211410522461
2019-10-15,81.56500244140625,81.48200225830078,81.56500244140625,81.48200225830078,200.0,79.67234802246094
2019-10-16,81.4800033569336,81.4000015258789,81.40899658203125,81.45500183105469,3400.0,79.64595031738281
2019-10-17,81.66500091552734,81.63899993896484,81.66500091552734,81.63899993896484,600.0,79.82586669921875
2019-10-18,81.54299926757812,81.5250015258789,81.54299926757812,81.5250015258789,400.0,79.71440124511719
2019-10-21,81.99800109863281,81.79100036621094,81.80000305175781,81.90899658203125,800.0,80.0898666381836
2019-10-22,82.68000030517578,81.68900299072266,82.68000030517578,81.68900299072266,2600.0,79.874755859375
2019-10-23,81.84400177001953,81.61000061035156,81.61000061035156,81.84400177001953,700.0,80.02630615234375
2019-10-24,82.0989990234375,82.04499816894531,82.04499816894531,82.0989990234375,600.0,80.27565002441406
2019-10-25,82.31600189208984,81.80000305175781,81.80000305175781,82.26899719238281,600.0,80.4418716430664
2019-10-28,82.59200286865234,82.43000030517578,82.5270004272461,82.59100341796875,2500.0,80.75672149658203
2019-10-29,82.69000244140625,82.20999908447266,82.20999908447266,82.53800201416016,700.0,80.70489501953125
2019-10-30,82.822998046875,82.62899780273438,82.62899780273438,82.822998046875,300.0,80.98356628417969
2019-10-31,82.61699676513672,82.44200134277344,82.46299743652344,82.61699676513672,500.0,80.78214263916016
2019-11-01,83.41999816894531,82.97000122070312,83.41999816894531,83.2699966430664,13500.0,81.42063903808594
2019-11-04,83.55999755859375,83.35600280761719,83.55000305175781,83.35600280761719,3900.0,81.5047378540039
2019-11-05,83.52999877929688,83.21199798583984,83.52999877929688,83.21600341796875,1700.0,81.36784362792969
2019-11-06,83.33999633789062,83.16999816894531,83.16999816894531,83.3270034790039,400.0,81.47637939453125
2019-11-07,83.70999908447266,83.5009994506836,83.67900085449219,83.55699920654297,1400.0,81.70126342773438
2019-11-08,83.56500244140625,83.3550033569336,83.41999816894531,83.56500244140625,500.0,81.70909118652344
2019-11-11,83.55999755859375,83.47200012207031,83.55899810791016,83.47200012207031,1600.0,81.61815643310547
2019-11-12,83.5999984741211,83.50599670410156,83.5999984741211,83.50599670410156,200.0,81.65139770507812
2019-11-13,83.72000122070312,83.0199966430664,83.0199966430664,83.59600067138672,1100.0,81.7394027709961
2019-11-14,83.55999755859375,83.40499877929688,83.40499877929688,83.55799865722656,700.0,81.7022476196289
2019-11-15,84.03299713134766,83.87000274658203,83.87000274658203,84.03299713134766,300.0,82.16668701171875
2019-11-18,84.28299713134766,84.23400115966797,84.28299713134766,84.23400115966797,700.0,82.36323547363281
2019-11-19,84.29299926757812,84.21600341796875,84.21600341796875,84.27999877929688,700.0,82.40821075439453
2019-11-20,84.19000244140625,83.68000030517578,84.18000030517578,83.91000366210938,11800.0,82.04643249511719
2019-11-21,83.80000305175781,83.70999908447266,83.70999908447266,83.77100372314453,800.0,81.91051483154297
2019-11-22,83.91999816894531,83.7239990234375,83.7239990234375,83.83899688720703,1300.0,81.97699737548828
2019-11-25,84.44000244140625,84.3239974975586,84.3239974975586,84.4280014038086,2200.0,82.55292510986328
2019-11-26,84.64099884033203,84.43000030517578,84.43000030517578,84.64099884033203,400.0,82.76118469238281
2019-11-27,84.90399932861328,84.90399932861328,84.90399932861328,84.90399932861328,100.0,83.01834869384766
2019-11-29,84.79000091552734,84.48600006103516,84.79000091552734,84.48600006103516,400.0,82.60963439941406
2019-12-02,84.44000244140625,83.97000122070312,84.44000244140625,83.97100067138672,1500.0,82.10607147216797
2019-12-03,83.5510025024414,83.5510025024414,83.5510025024414,83.5510025024414,0.0,81.69540405273438
2019-12-04,84.24299621582031,84.17500305175781,84.18499755859375,84.20700073242188,500.0,82.33683013916016
2019-12-05,84.28900146484375,84.2239990234375,84.28900146484375,84.2239990234375,400.0,82.35345458984375
2019-12-06,85.01000213623047,84.91999816894531,85.01000213623047,84.91999816894531,1200.0,83.03399658203125
2019-12-09,85.30000305175781,84.5999984741211,85.30000305175781,84.5999984741211,700.0,82.72109985351562
2019-12-10,84.6500015258789,84.48899841308594,84.5999984741211,84.48899841308594,900.0,82.61256408691406
2019-12-11,84.76100158691406,84.76100158691406,84.76100158691406,84.76100158691406,100.0,82.87852478027344
2019-12-12,85.29399871826172,84.99099731445312,84.99099731445312,85.29399871826172,300.0,83.39968872070312
2019-12-13,85.33200073242188,85.33200073242188,85.33200073242188,85.33200073242188,200.0,83.43684387207031
2019-12-16,86.1500015258789,86.0,86.1500015258789,86.01100158691406,800.0,84.10076904296875
2019-12-17,86.5,85.77999877929688,86.5,85.77999877929688,400.0,83.87489318847656
2019-12-18,85.75800323486328,85.75,85.75,85.75800323486328,300.0,83.85338592529297
2019-12-19,85.94499969482422,85.93199920654297,85.94499969482422,85.93199920654297,400.0,84.02352142333984
2019-12-20,85.43000030517578,85.31900024414062,85.42900085449219,85.31900024414062,1900.0,84.40042114257812
2019-12-23,85.38999938964844,85.27799987792969,85.38999938964844,85.27799987792969,600.0,84.35985565185547
2019-12-24,85.54000091552734,85.23500061035156,85.23500061035156,85.25299835205078,6200.0,84.33512878417969
2019-12-26,85.9800033569336,85.48200225830078,85.9800033569336,85.53500366210938,1700.0,84.61409759521484
2019-12-27,85.73799896240234,85.68499755859375,85.68499755859375,85.72000122070312,1000.0,84.79710388183594
2019-12-30,85.93000030517578,85.30400085449219,85.93000030517578,85.30400085449219,3000.0,84.38558197021484
2019-12-31,85.5270004272461,85.42500305175781,85.42500305175781,85.5270004272461,700.0,84.6061782836914
2020-01-02,86.22000122070312,85.88999938964844,86.20999908447266,86.1240005493164,13200.0,85.1967544555664
2020-01-03,85.8499984741211,85.56500244140625,85.8499984741211,85.56500244140625,1000.0,84.64376831054688
2020-01-06,85.80799865722656,85.02999877929688,85.02999877929688,85.79299926757812,5400.0,84.86931610107422
2020-01-07,86.29000091552734,85.58000183105469,86.29000091552734,85.6500015258789,10300.0,84.72785186767578
2020-01-08,86.22899627685547,85.88800048828125,86.19999694824219,85.88800048828125,2100.0,84.96329498291016
2020-01-09,86.4800033569336,86.18000030517578,86.30000305175781,86.4800033569336,6000.0,85.54891967773438
2020-01-10,86.52999877929688,86.18299865722656,86.52999877929688,86.18299865722656,2900.0,85.25511169433594
2020-01-13,86.88999938964844,86.25,86.88999938964844,86.8499984741211,6000.0,85.91493225097656
2020-01-14,87.16999816894531,86.72799682617188,87.16999816894531,86.81999969482422,4400.0,85.88525390625
2020-01-15,87.0719985961914,86.90899658203125,87.0719985961914,86.90899658203125,500.0,85.97329711914062
2020-01-16,87.83999633789062,87.25599670410156,87.83999633789062,87.5009994506836,700.0,86.55892181396484
2020-01-17,87.8499984741211,87.83000183105469,87.83000183105469,87.8499984741211,1300.0,86.90416717529297
2020-01-21,88.18000030517578,87.66799926757812,88.18000030517578,87.66799926757812,10500.0,86.72412872314453
2020-01-22,88.58000183105469,87.8270034790039,88.58000183105469,87.8270034790039,2200.0,86.88141632080078
2020-01-23,87.87999725341797,87.5,87.6259994506836,87.8550033569336,900.0,86.90911865234375
2020-01-24,87.50299835205078,87.35399627685547,87.50299835205078,87.35399627685547,500.0,86.41350555419922
2020-01-27,86.31099700927734,86.05999755859375,86.05999755859375,86.06300354003906,2200.0,85.13641357421875
2020-01-28,86.97200012207031,86.80799865722656,86.93800354003906,86.80799865722656,300.0,85.87338256835938
2020-01-29,87.1500015258789,86.9540023803711,87.05000305175781,87.0,53800.0,86.06331634521484
2020-01-30,87.19000244140625,86.41999816894531,86.62000274658203,87.19000244140625,14900.0,86.25127410888672
2020-01-31,86.05000305175781,85.38999938964844,86.0,85.81999969482422,1500.0,84.89602661132812
2020-02-03,86.3280029296875,86.11299896240234,86.20800018310547,86.11299896240234,1200.0,85.18586730957031
2020-02-04,87.14099884033203,87.14099884033203,87.14099884033203,87.14099884033203,300.0,86.20279693603516
2020-02-05,88.01699829101562,88.01699829101562,88.01699829101562,88.01699829101562,200.0,87.06936645507812
2020-02-06,88.37999725341797,88.20999908447266,88.20999908447266,88.35900115966797,1200.0,87.4076919555664
2020-02-07,87.88800048828125,87.8239974975586,87.88800048828125,87.8239974975586,600.0,86.87844848632812
2020-02-10,88.18000030517578,87.85900115966797,87.85900115966797,88.18000030517578,1200.0,87.2306137084961
2020-02-11,88.76000213623047,88.3550033569336,88.7300033569336,88.4800033569336,3100.0,87.52738952636719
2020-02-12,88.91000366210938,88.59500122070312,88.71600341796875,88.89099884033203,2400.0,87.9339599609375
2020-02-13,88.80000305175781,88.60199737548828,88.7760009765625,88.60199737548828,600.0,87.6480712890625
2020-02-14,88.66899871826172,88.5999984741211,88.62999725341797,88.66899871826172,800.0,87.71434783935547
2020-02-18,88.55999755859375,88.39900207519531,88.52999877929688,88.39900207519531,1000.0,87.44725799560547
2020-02-19,88.93000030517578,88.75199890136719,88.8030014038086,88.75199890136719,2200.0,87.79645538330078
2020-02-20,88.31999969482422,87.80000305175781,88.31999969482422,88.31800079345703,1700.0,87.36712646484375
2020-02-21,87.84500122070312,87.6449966430664,87.84500122070312,87.77999877929688,3500.0,86.83492279052734
2020-02-24,85.58999633789062,84.79000091552734,84.79000091552734,85.02400207519531,2800.0,84.10859680175781
2020-02-25,84.9000015258789,82.76000213623047,84.9000015258789,83.0469970703125,2300.0,82.15287780761719
2020-02-26,84.07599639892578,82.98200225830078,83.83799743652344,82.98200225830078,1400.0,82.08857727050781
2020-02-27,82.18000030517578,80.0,81.0,80.00299835205078,5500.0,79.14164733886719
2020-02-28,78.48699951171875,76.87000274658203,76.94999694824219,78.39199829101562,2300.0,77.5479965209961
2020-03-02,81.62000274658203,79.19999694824219,79.19999694824219,81.51799774169922,2100.0,80.64033508300781
2020-03-03,82.1500015258789,80.2699966430664,82.1500015258789,80.2699966430664,1200.0,79.40577697753906
2020-03-04,83.11000061035156,81.42500305175781,81.42500305175781,83.11000061035156,400.0,82.21520233154297
2020-03-05,80.85299682617188,80.4800033569336,80.58999633789062,80.85299682617188,500.0,79.98249816894531
2020-03-06,79.91999816894531,79.1520004272461,79.1520004272461,79.91999816894531,1300.0,79.0595474243164
2020-03-09,75.70999908447266,74.822998046875,75.70999908447266,74.822998046875,1900.0,74.01741790771484
2020-03-10,77.18199920654297,74.30000305175781,74.30000305175781,77.18199920654297,600.0,76.35102081298828
2020-03-11,75.52999877929688,72.84200286865234,75.52999877929688,73.77300262451172,1100.0,72.97872924804688
2020-03-12,68.19499969482422,65.05000305175781,67.31999969482422,66.54900360107422,18500.0,65.83250427246094
2020-03-13,70.61900329589844,68.37999725341797,69.16999816894531,70.61900329589844,900.0,69.85868835449219
2020-03-16,66.0199966430664,60.0099983215332,62.5099983215332,63.382999420166016,26300.0,62.70058822631836
2020-03-17,67.33000183105469,63.72999954223633,64.12000274658203,67.08599853515625,4700.0,66.36372375488281
2020-03-18,63.683998107910156,61.5,62.560001373291016,63.683998107910156,1900.0,62.998348236083984
2020-03-19,64.87000274658203,63.91999816894531,64.00900268554688,64.13500213623047,2100.0,63.444496154785156
2020-03-20,65.2300033569336,61.81800079345703,65.2300033569336,61.81800079345703,3600.0,61.15243911743164
2020-03-23,60.54800033569336,59.555999755859375,60.0,60.542999267578125,800.0,59.89116668701172
2020-03-24,65.35800170898438,64.0,64.0,65.35800170898438,7800.0,64.65432739257812
2020-03-25,68.23999786376953,65.11000061035156,65.11000061035156,66.3239974975586,31800.0,65.60992431640625
2020-03-26,70.36900329589844,67.56999969482422,67.56999969482422,70.36900329589844,2100.0,69.61138153076172
2020-03-27,69.5,67.79000091552734,67.79000091552734,68.29299926757812,1300.0,67.55772399902344
2020-03-30,69.86000061035156,68.55999755859375,68.55999755859375,69.59600067138672,1400.0,68.8467025756836
2020-03-31,69.98500061035156,68.87999725341797,69.98500061035156,68.95999908447266,2100.0,68.21754455566406
2020-04-01,67.56199645996094,66.16999816894531,66.62000274658203,66.43599700927734,5900.0,65.72071838378906
2020-04-02,67.90499877929688,66.38999938964844,66.38999938964844,67.90499877929688,700.0,67.17390441894531
2020-04-03,67.06300354003906,66.68699645996094,67.06300354003906,66.75,800.0,66.03134155273438
2020-04-06,70.93199920654297,68.9800033569336,68.9800033569336,70.93199920654297,1100.0,70.1683120727539
2020-04-07,73.08999633789062,70.93299865722656,73.08999633789062,70.93299865722656,1100.0,70.16930389404297
2020-04-08,70.93299865722656,70.93299865722656,70.93299865722656,70.93299865722656,0.0,70.16930389404297
2020-04-09,73.70700073242188,73.41000366210938,73.5199966430664,73.70700073242188,800.0,72.91343688964844
2020-04-13,73.16000366210938,72.25,73.16000366210938,72.88999938964844,1000.0,72.10523223876953
2020-04-14,74.73400115966797,74.11000061035156,74.5,74.73400115966797,600.0,73.92938232421875
2020-04-15,73.3239974975586,72.64399719238281,72.64399719238281,72.86199951171875,1000.0,72.0775375366211
2020-04-16,73.24400329589844,72.97000122070312,72.97000122070312,73.24400329589844,300.0,72.45542907714844
2020-04-17,73.24400329589844,73.24400329589844,73.24400329589844,73.24400329589844,0.0,72.45542907714844
2020-04-20,74.1050033569336,73.81400299072266,73.87000274658203,73.81400299072266,1500.0,73.019287109375
2020-04-21,72.77999877929688,71.93299865722656,72.38999938964844,71.93299865722656,500.0,71.15853881835938
2020-04-22,71.93299865722656,71.93299865722656,71.93299865722656,71.93299865722656,0.0,71.15853881835938
2020-04-23,74.2249984741211,73.18800354003906,74.0,73.18800354003906,1000.0,72.40003204345703
2020-04-24,73.98100280761719,73.26000213623047,73.26000213623047,73.98100280761719,1000.0,73.18449401855469
2020-04-27,75.0780029296875,74.5199966430664,74.5199966430664,75.0780029296875,500.0,74.2696762084961
2020-04-28,75.53399658203125,75.08399963378906,75.5,75.08399963378906,800.0,74.2756118774414
2020-04-29,76.81500244140625,76.66600036621094,76.81500244140625,76.66600036621094,1300.0,75.840576171875
2020-04-30,75.81900024414062,75.46199798583984,75.81900024414062,75.46600341796875,1000.0,74.65350341796875
2020-05-01,74.12000274658203,73.6050033569336,74.12000274658203,73.6760025024414,900.0,72.88277435302734
2020-05-04,73.93099975585938,73.31999969482422,73.31999969482422,73.93099975585938,700.0,73.13502502441406
2020-05-05,73.93099975585938,73.93099975585938,73.93099975585938,73.93099975585938,0.0,73.13502502441406
2020-05-06,74.56099700927734,74.56099700927734,74.56099700927734,74.56099700927734,0.0,73.75823974609375
2020-05-07,75.19999694824219,74.75199890136719,75.18000030517578,74.75199890136719,3100.0,73.94718170166016
2020-05-08,75.94599914550781,75.68499755859375,75.68499755859375,75.94599914550781,300.0,75.12833404541016
2020-05-11,76.10600280761719,76.10600280761719,76.10600280761719,76.10600280761719,100.0,75.28661346435547
2020-05-12,74.88099670410156,74.88099670410156,74.88099670410156,74.88099670410156,100.0,74.07479095458984
2020-05-13,74.41000366210938,73.72699737548828,74.41000366210938,73.72699737548828,200.0,72.93321990966797
2020-05-14,74.03700256347656,74.03700256347656,74.03700256347656,74.03700256347656,100.0,73.23988342285156
2020-05-15,74.32499694824219,73.99500274658203,73.99500274658203,74.32499694824219,500.0,73.5247802734375
2020-05-18,76.69000244140625,76.60800170898438,76.60800170898438,76.69000244140625,400.0,75.86432647705078
2020-05-19,76.33999633789062,75.84400177001953,76.33999633789062,75.84400177001953,700.0,75.02742767333984
2020-05-20,76.94000244140625,76.88300323486328,76.94000244140625,76.88300323486328,700.0,76.05524444580078
2020-05-21,76.66000366210938,76.13999938964844,76.55999755859375,76.19599914550781,2100.0,75.37564086914062
2020-05-22,76.24299621582031,76.0999984741211,76.0999984741211,76.24299621582031,1500.0,75.42212677001953
2020-05-26,78.02799987792969,77.4489974975586,78.02799987792969,77.4489974975586,4600.0,76.61515045166016
2020-05-27,78.34400177001953,77.73300170898438,77.80999755859375,78.34400177001953,3900.0,77.50051879882812
2020-05-28,79.44000244140625,78.74600219726562,78.98500061035156,78.74600219726562,1600.0,77.89818572998047
2020-05-29,78.85600280761719,78.75,78.75,78.85600280761719,500.0,78.00700378417969
2020-06-01,78.6500015258789,78.09600067138672,78.09600067138672,78.61499786376953,900.0,78.61499786376953
2020-06-02,79.18299865722656,78.77999877929688,78.77999877929688,79.18299865722656,700.0,79.18299865722656
2020-06-03,80.61000061035156,79.95999908447266,80.04000091552734,80.44400024414062,19500.0,80.44400024414062
2020-06-04,80.47200012207031,80.04299926757812,80.47200012207031,80.04299926757812,3900.0,80.04299926757812
2020-06-05,82.16799926757812,81.79000091552734,81.80000305175781,81.83300018310547,1300.0,81.83300018310547
2020-06-08,82.76899719238281,81.94999694824219,82.11199951171875,82.76899719238281,2700.0,82.76899719238281
2020-06-09,82.08000183105469,80.1500015258789,81.79499816894531,81.97100067138672,22400.0,81.97100067138672
2020-06-10,82.04000091552734,81.6500015258789,81.7300033569336,81.74199676513672,3600.0,81.74199676513672
2020-06-11,79.41999816894531,77.21399688720703,79.27999877929688,77.21399688720703,3000.0,77.21399688720703
2020-06-12,78.73999786376953,78.26499938964844,78.73999786376953,78.26499938964844,2700.0,78.26499938964844
2020-06-15,78.5790023803711,77.40699768066406,77.70999908447266,78.5790023803711,1600.0,78.5790023803711
2020-06-16,80.02999877929688,79.61299896240234,79.88999938964844,79.61299896240234,1200.0,79.61299896240234
2020-06-17,80.04000091552734,79.66000366210938,80.04000091552734,79.70800018310547,2700.0,79.70800018310547
2020-06-18,79.61000061035156,79.44499969482422,79.60900115966797,79.44499969482422,900.0,79.44499969482422
2020-06-19,79.83999633789062,79.08000183105469,79.83999633789062,79.16899871826172,5400.0,79.16899871826172
2020-06-22,79.7699966430664,79.61799621582031,79.7699966430664,79.61799621582031,2100.0,79.61799621582031
2020-06-23,80.1500015258789,79.93399810791016,80.1500015258789,79.93399810791016,300.0,79.93399810791016
2020-06-24,79.33000183105469,77.76000213623047,79.33000183105469,77.99500274658203,1600.0,77.99500274658203
2020-06-25,78.89099884033203,78.0199966430664,78.08100128173828,78.89099884033203,600.0,78.89099884033203
2020-06-26,77.44599914550781,77.44599914550781,77.44599914550781,77.44599914550781,200.0,77.44599914550781
2020-06-29,78.18900299072266,78.18900299072266,78.18900299072266,78.18900299072266,100.0,78.18900299072266
2020-06-30,79.0459976196289,79.0459976196289,79.0459976196289,79.0459976196289,100.0,79.0459976196289
2020-07-01,79.30999755859375,78.87000274658203,78.94000244140625,79.05699920654297,11400.0,79.05699920654297
2020-07-02,80.12999725341797,79.56300354003906,79.94999694824219,79.56300354003906,2300.0,79.56300354003906
2020-07-06,80.62999725341797,80.36499786376953,80.62999725341797,80.572998046875,1500.0,80.572998046875
2020-07-07,80.23999786376953,79.65399932861328,79.87000274658203,79.65399932861328,1000.0,79.65399932861328
2020-07-08,80.12699890136719,79.81800079345703,79.90799713134766,80.12699890136719,800.0,80.12699890136719
2020-07-09,79.57499694824219,78.93599700927734,78.93599700927734,79.41100311279297,1300.0,79.41100311279297
2020-07-10,80.2969970703125,80.2969970703125,80.2969970703125,80.2969970703125,100.0,80.2969970703125
2020-07-13,81.29199981689453,79.76799774169922,80.95999908447266,79.76799774169922,700.0,79.76799774169922
2020-07-14,80.95700073242188,79.37000274658203,79.37000274658203,80.95700073242188,700.0,80.95700073242188
2020-07-15,82.06999969482422,81.72200012207031,82.06999969482422,81.72200012207031,200.0,81.72200012207031
2020-07-16,81.55999755859375,81.01000213623047,81.01000213623047,81.49400329589844,1000.0,81.49400329589844
2020-07-17,81.95800018310547,81.80500030517578,81.80500030517578,81.95800018310547,400.0,81.95800018310547
2020-07-20,82.51000213623047,81.87999725341797,82.51000213623047,82.2979965209961,600.0,82.2979965209961
2020-07-21,83.11000061035156,82.55000305175781,82.98999786376953,82.58799743652344,218800.0,82.58799743652344
2020-07-22,83.18800354003906,82.927001953125,82.927001953125,83.18800354003906,600.0,83.18800354003906
2020-07-23,83.0999984741211,82.4739990234375,83.0999984741211,82.4739990234375,400.0,82.4739990234375
2020-07-24,82.0,81.92900085449219,82.0,81.92900085449219,200.0,81.92900085449219
2020-07-27,82.64600372314453,82.36499786376953,82.36499786376953,82.64600372314453,600.0,82.64600372314453
2020-07-28,82.22000122070312,82.22000122070312,82.22000122070312,82.22000122070312,200.0,82.22000122070312
2020-07-29,82.9260025024414,82.9260025024414,82.9260025024414,82.9260025024414,100.0,82.9260025024414
2020-07-30,82.26599884033203,82.26599884033203,82.26599884033203,82.26599884033203,200.0,82.26599884033203
2020-07-31,81.6760025024414,81.6760025024414,81.6760025024414,81.6760025024414,100.0,81.6760025024414
2020-08-03,82.552001953125,82.45999908447266,82.45999908447266,82.552001953125,600.0,82.552001953125
2020-08-04,83.00199890136719,83.00199890136719,83.00199890136719,83.00199890136719,0.0,83.00199890136719
2020-08-05,83.3550033569336,83.33899688720703,83.3550033569336,83.33899688720703,300.0,83.33899688720703
2020-08-06,83.4739990234375,82.97000122070312,82.97000122070312,83.4739990234375,300.0,83.4739990234375
2020-08-07,83.56300354003906,83.26499938964844,83.26499938964844,83.56300354003906,500.0,83.56300354003906
2020-08-10,83.86599731445312,83.86599731445312,83.86599731445312,83.86599731445312,100.0,83.86599731445312
2020-08-11,84.61499786376953,83.61299896240234,84.58999633789062,83.61299896240234,6600.0,83.61299896240234
2020-08-12,84.89700317382812,84.89700317382812,84.89700317382812,84.89700317382812,200.0,84.89700317382812
2020-08-13,84.59600067138672,84.58899688720703,84.58899688720703,84.59600067138672,200.0,84.59600067138672
2020-08-14,84.44000244140625,84.44000244140625,84.44000244140625,84.44000244140625,100.0,84.44000244140625
2020-08-17,85.02999877929688,84.83999633789062,84.84100341796875,84.88099670410156,1900.0,84.88099670410156
2020-08-18,84.94000244140625,84.90799713134766,84.94000244140625,84.90799713134766,200.0,84.90799713134766
2020-08-19,85.16000366210938,84.58300018310547,85.10099792480469,84.58300018310547,3200.0,84.58300018310547
2020-08-20,84.63200378417969,84.63200378417969,84.63200378417969,84.63200378417969,300.0,84.63200378417969
2020-08-21,84.55699920654297,84.24800109863281,84.24800109863281,84.55699920654297,1500.0,84.55699920654297
2020-08-24,85.31300354003906,85.11900329589844,85.12000274658203,85.31300354003906,1200.0,85.31300354003906
2020-08-25,85.4800033569336,85.47899627685547,85.4800033569336,85.47899627685547,200.0,85.47899627685547
2020-08-26,85.8949966430664,85.8949966430664,85.8949966430664,85.8949966430664,100.0,85.8949966430664
2020-08-27,86.04000091552734,85.72200012207031,85.91999816894531,85.78199768066406,1300.0,85.78199768066406
2020-08-28,86.32099914550781,86.32099914550781,86.32099914550781,86.32099914550781,100.0,86.32099914550781
2020-08-31,86.08000183105469,86.04100036621094,86.08000183105469,86.04100036621094,400.0,86.04100036621094
2020-09-01,85.96600341796875,85.75,85.75,85.96600341796875,500.0,85.96600341796875
2020-09-02,87.45600128173828,86.64700317382812,86.64700317382812,87.45600128173828,1200.0,87.45600128173828
2020-09-03,86.5,84.7020034790039,86.5,85.10700225830078,1700.0,85.10700225830078
2020-09-04,85.09100341796875,84.33000183105469,84.33000183105469,84.9280014038086,400.0,84.9280014038086
2020-09-08,83.94000244140625,83.26300048828125,83.94000244140625,83.26300048828125,300.0,83.26300048828125
2020-09-09,85.05899810791016,84.83300018310547,85.05899810791016,84.83300018310547,400.0,84.83300018310547
2020-09-10,85.04000091552734,83.62200164794922,85.04000091552734,83.62200164794922,1700.0,83.62200164794922
2020-09-11,83.86499786376953,83.71499633789062,83.71499633789062,83.86499786376953,2000.0,83.86499786376953
2020-09-14,84.99500274658203,84.72000122070312,84.99500274658203,84.78500366210938,2100.0,84.78500366210938
2020-09-15,85.41500091552734,85.05400085449219,85.41500091552734,85.05400085449219,400.0,85.05400085449219
2020-09-16,84.92900085449219,84.92900085449219,84.92900085449219,84.92900085449219,100.0,84.92900085449219
2020-09-17,84.58599853515625,84.58599853515625,84.58599853515625,84.58599853515625,100.0,84.58599853515625
2020-09-18,83.83899688720703,83.83899688720703,83.83899688720703,83.83899688720703,100.0,83.83899688720703
2020-09-21,82.27100372314453,81.52200317382812,81.52200317382812,82.27100372314453,500.0,82.27100372314453
2020-09-22,82.76799774169922,82.76799774169922,82.76799774169922,82.76799774169922,100.0,82.76799774169922
2020-09-23,81.39600372314453,81.39600372314453,81.39600372314453,81.39600372314453,300.0,81.39600372314453
2020-09-24,81.5979995727539,81.5979995727539,81.5979995727539,81.5979995727539,100.0,81.5979995727539
2020-09-25,82.28399658203125,81.0,81.0,82.28399658203125,300.0,82.28399658203125
2020-09-28,83.54299926757812,83.36100006103516,83.36100006103516,83.54299926757812,300.0,83.54299926757812
2020-09-29,83.54000091552734,83.28900146484375,83.54000091552734,83.28900146484375,700.0,83.28900146484375
2020-09-30,83.6719970703125,83.08999633789062,83.08999633789062,83.6719970703125,800.0,83.6719970703125
2020-10-01,83.84600067138672,83.78500366210938,83.78500366210938,83.84600067138672,100.0,83.84600067138672
2020-10-02,83.5479965209961,83.5479965209961,83.5479965209961,83.5479965209961,100.0,83.5479965209961
