Date,High,Low,Open,Close,Volume,Adj Close
2018-01-02,25.0,24.100000381469727,24.100000381469727,24.950000762939453,24500.0,16.746259689331055
2018-01-03,26.030000686645508,25.149999618530273,25.149999618530273,25.649999618530273,44300.0,17.216094970703125
2018-01-04,26.299999237060547,25.610000610351562,25.84000015258789,26.25,30800.0,17.61880874633789
2018-01-05,26.399999618530273,25.549999237060547,26.350000381469727,26.350000381469727,30800.0,17.68592643737793
2018-01-08,26.299999237060547,25.799999237060547,26.299999237060547,26.25,11900.0,17.61880874633789
2018-01-09,26.200000762939453,25.649999618530273,26.100000381469727,25.700000762939453,18000.0,17.24965476989746
2018-01-10,26.049999237060547,25.549999237060547,25.700000762939453,25.75,10600.0,17.283214569091797
2018-01-11,26.0,25.700000762939453,25.950000762939453,25.75,10000.0,17.283214569091797
2018-01-12,26.049999237060547,25.350000381469727,25.899999618530273,25.700000762939453,26500.0,17.24965476989746
2018-01-16,25.850000381469727,25.5,25.700000762939453,25.5,16900.0,17.11541175842285
2018-01-17,25.799999237060547,25.0,25.549999237060547,25.350000381469727,14300.0,17.01473617553711
2018-01-18,25.75,25.079999923706055,25.25,25.350000381469727,8200.0,17.01473617553711
2018-01-19,25.719999313354492,25.25,25.299999237060547,25.350000381469727,17400.0,17.01473617553711
2018-01-22,25.75,25.350000381469727,25.350000381469727,25.700000762939453,15500.0,17.24965476989746
2018-01-23,25.950000762939453,25.549999237060547,25.920000076293945,25.75,19800.0,17.283214569091797
2018-01-24,25.899999618530273,25.68000030517578,25.850000381469727,25.75,12500.0,17.283214569091797
2018-01-25,26.0,25.739999771118164,25.899999618530273,25.850000381469727,6800.0,17.350332260131836
2018-01-26,26.700000762939453,25.8799991607666,25.950000762939453,26.450000762939453,36700.0,17.753047943115234
2018-01-29,27.0,26.200000762939453,26.34000015258789,26.75,40400.0,17.954402923583984
2018-01-30,27.25,26.260000228881836,26.649999618530273,26.700000762939453,42300.0,17.92084312438965
2018-01-31,29.0,26.729999542236328,26.899999618530273,26.760000228881836,69200.0,17.96111488342285
2018-02-01,26.899999618530273,26.5,26.5,26.600000381469727,20500.0,17.853729248046875
2018-02-02,27.139999389648438,26.600000381469727,26.600000381469727,26.899999618530273,36300.0,18.055082321166992
2018-02-05,26.40999984741211,25.350000381469727,26.0,25.700000762939453,28700.0,17.668710708618164
2018-02-06,26.25,25.350000381469727,25.5,26.0,30700.0,17.874961853027344
2018-02-07,26.079999923706055,25.229999542236328,26.079999923706055,25.5,29500.0,17.531208038330078
2018-02-08,25.5,24.75,25.5,24.799999237060547,18900.0,17.04996109008789
2018-02-09,25.049999237060547,23.25,25.049999237060547,23.600000381469727,98600.0,16.22496223449707
2018-02-12,24.399999618530273,23.850000381469727,23.899999618530273,24.399999618530273,38700.0,16.774959564208984
2018-02-13,24.950000762939453,24.399999618530273,24.399999618530273,24.950000762939453,32900.0,17.153087615966797
2018-02-14,25.149999618530273,24.399999618530273,24.850000381469727,24.610000610351562,11500.0,16.919336318969727
2018-02-15,24.700000762939453,23.850000381469727,24.700000762939453,24.299999237060547,25600.0,16.706209182739258
2018-02-16,24.799999237060547,24.25,24.299999237060547,24.399999618530273,16400.0,16.774959564208984
2018-02-20,24.610000610351562,23.899999618530273,24.549999237060547,24.25,17500.0,16.67183494567871
2018-02-21,24.299999237060547,23.850000381469727,24.25,24.049999237060547,19600.0,16.53433609008789
2018-02-22,24.149999618530273,23.75,24.100000381469727,23.899999618530273,12900.0,16.431211471557617
2018-02-23,24.149999618530273,23.799999237060547,24.0,23.950000762939453,16800.0,16.465585708618164
2018-02-26,23.950000762939453,23.5,23.950000762939453,23.5,29000.0,16.15620994567871
2018-02-27,23.649999618530273,23.299999237060547,23.549999237060547,23.350000381469727,24600.0,16.05308723449707
2018-02-28,23.899999618530273,23.43000030517578,23.43000030517578,23.75,11100.0,16.328086853027344
2018-03-01,23.799999237060547,23.149999618530273,23.799999237060547,23.149999618530273,17300.0,15.915586471557617
2018-03-02,23.540000915527344,23.100000381469727,23.149999618530273,23.25,11800.0,15.984336853027344
2018-03-05,23.75,23.25,23.25,23.399999618530273,22200.0,16.08746337890625
2018-03-06,23.450000762939453,23.0,23.450000762939453,23.149999618530273,17800.0,15.915586471557617
2018-03-07,23.399999618530273,23.049999237060547,23.149999618530273,23.299999237060547,13300.0,16.018712997436523
2018-03-08,23.549999237060547,23.25,23.299999237060547,23.299999237060547,5300.0,16.018712997436523
2018-03-09,24.200000762939453,23.350000381469727,23.450000762939453,23.799999237060547,40000.0,16.362462997436523
2018-03-12,25.950000762939453,23.600000381469727,24.350000381469727,25.950000762939453,103300.0,17.84058380126953
2018-03-13,26.850000381469727,25.510000228881836,26.0,26.850000381469727,72900.0,18.459331512451172
2018-03-14,26.450000762939453,25.309999465942383,26.399999618530273,25.649999618530273,61000.0,17.634336471557617
2018-03-15,26.25,24.149999618530273,25.700000762939453,25.700000762939453,84600.0,17.668710708618164
2018-03-16,26.75,25.5,25.649999618530273,26.25,547900.0,18.046836853027344
2018-03-19,26.209999084472656,24.100000381469727,26.200000762939453,25.049999237060547,35100.0,17.221832275390625
2018-03-20,24.950000762939453,23.649999618530273,24.950000762939453,23.75,38900.0,16.328086853027344
2018-03-21,24.299999237060547,23.649999618530273,24.299999237060547,24.0,22100.0,16.49995994567871
2018-03-22,24.200000762939453,23.600000381469727,23.799999237060547,23.799999237060547,21800.0,16.362462997436523
2018-03-23,24.049999237060547,23.799999237060547,23.799999237060547,23.850000381469727,16600.0,16.39683723449707
2018-03-26,24.100000381469727,23.5,24.100000381469727,23.950000762939453,27900.0,16.465585708618164
2018-03-27,24.049999237060547,23.549999237060547,23.899999618530273,24.0,17700.0,16.49995994567871
2018-03-28,24.0,23.649999618530273,23.950000762939453,23.899999618530273,10600.0,16.431211471557617
2018-03-29,24.25,23.649999618530273,23.950000762939453,23.850000381469727,30900.0,16.39683723449707
2018-04-02,24.290000915527344,23.25,23.950000762939453,23.899999618530273,26000.0,16.431211471557617
2018-04-03,24.149999618530273,23.450000762939453,23.75,23.899999618530273,34100.0,16.431211471557617
2018-04-04,24.100000381469727,23.649999618530273,23.75,24.0,21400.0,16.49995994567871
2018-04-05,24.139999389648438,23.75,24.0,23.75,32300.0,16.328086853027344
2018-04-06,23.5,22.850000381469727,23.5,23.149999618530273,64400.0,15.915586471557617
2018-04-09,23.299999237060547,23.049999237060547,23.149999618530273,23.149999618530273,19300.0,15.915586471557617
2018-04-10,23.5,23.100000381469727,23.350000381469727,23.399999618530273,16300.0,16.08746337890625
2018-04-11,23.700000762939453,23.25,23.25,23.700000762939453,10700.0,16.293710708618164
2018-04-12,23.799999237060547,23.350000381469727,23.700000762939453,23.350000381469727,14600.0,16.05308723449707
2018-04-13,23.399999618530273,23.100000381469727,23.350000381469727,23.399999618530273,15800.0,16.08746337890625
2018-04-16,23.600000381469727,23.3700008392334,23.399999618530273,23.549999237060547,16700.0,16.190587997436523
2018-04-17,24.049999237060547,23.25,23.549999237060547,23.549999237060547,25000.0,16.190587997436523
2018-04-18,23.75,23.350000381469727,23.549999237060547,23.350000381469727,7400.0,16.05308723449707
2018-04-19,23.399999618530273,23.149999618530273,23.399999618530273,23.200000762939453,3600.0,15.94996452331543
2018-04-20,23.549999237060547,23.049999237060547,23.299999237060547,23.299999237060547,25500.0,16.018712997436523
2018-04-23,23.549999237060547,23.049999237060547,23.350000381469727,23.299999237060547,15500.0,16.018712997436523
2018-04-24,23.399999618530273,22.950000762939453,23.399999618530273,23.0,16200.0,15.812464714050293
2018-04-25,23.25,23.0,23.0,23.149999618530273,9500.0,15.915586471557617
2018-04-26,23.6299991607666,23.350000381469727,23.350000381469727,23.5,33300.0,16.15620994567871
2018-04-27,23.600000381469727,23.350000381469727,23.350000381469727,23.399999618530273,17400.0,16.08746337890625
2018-04-30,23.700000762939453,23.399999618530273,23.5,23.549999237060547,18200.0,16.190587997436523
2018-05-01,23.690000534057617,23.350000381469727,23.600000381469727,23.549999237060547,7000.0,16.190587997436523
2018-05-02,24.0,23.399999618530273,23.649999618530273,23.5,18900.0,16.15620994567871
2018-05-03,23.950000762939453,23.350000381469727,23.649999618530273,23.43000030517578,21300.0,16.10808753967285
2018-05-04,23.950000762939453,23.100000381469727,23.649999618530273,23.950000762939453,23700.0,16.937271118164062
2018-05-07,23.950000762939453,23.239999771118164,23.950000762939453,23.299999237060547,53600.0,16.477596282958984
2018-05-08,24.149999618530273,23.450000762939453,24.049999237060547,24.100000381469727,91400.0,17.043354034423828
2018-05-09,24.450000762939453,24.0,24.100000381469727,24.149999618530273,52200.0,17.07870864868164
2018-05-10,24.5,23.950000762939453,24.399999618530273,23.950000762939453,46300.0,16.937271118164062
2018-05-11,23.649999618530273,23.209999084472656,23.299999237060547,23.350000381469727,29100.0,16.975799560546875
2018-05-14,24.0,23.299999237060547,23.299999237060547,24.0,19300.0,17.448362350463867
2018-05-15,23.799999237060547,23.049999237060547,23.799999237060547,23.149999618530273,31700.0,16.830398559570312
2018-05-16,23.450000762939453,22.799999237060547,23.049999237060547,23.299999237060547,28700.0,16.939451217651367
2018-05-17,23.5,23.059999465942383,23.299999237060547,23.350000381469727,17800.0,16.975799560546875
2018-05-18,23.350000381469727,22.899999618530273,23.350000381469727,23.149999618530273,34600.0,16.830398559570312
2018-05-21,23.450000762939453,22.799999237060547,23.25,23.100000381469727,19600.0,16.79404640197754
2018-05-22,23.399999618530273,22.850000381469727,23.25,22.950000762939453,20700.0,16.68499755859375
2018-05-23,23.0,22.75,22.950000762939453,22.850000381469727,10300.0,16.6122989654541
2018-05-24,23.100000381469727,22.700000762939453,23.100000381469727,22.799999237060547,7700.0,16.575944900512695
2018-05-25,22.899999618530273,22.399999618530273,22.899999618530273,22.600000381469727,27100.0,16.4305419921875
2018-05-29,23.700000762939453,22.850000381469727,22.850000381469727,23.450000762939453,61400.0,17.048505783081055
2018-05-30,23.850000381469727,23.450000762939453,23.549999237060547,23.600000381469727,38800.0,17.157554626464844
2018-05-31,23.899999618530273,23.5,23.600000381469727,23.700000762939453,30900.0,17.23025894165039
2018-06-01,23.950000762939453,23.700000762939453,23.850000381469727,23.950000762939453,19700.0,17.412012100219727
2018-06-04,24.0,23.649999618530273,23.950000762939453,24.0,31000.0,17.448362350463867
2018-06-05,24.100000381469727,23.84000015258789,24.100000381469727,24.0,9400.0,17.448362350463867
2018-06-06,23.899999618530273,23.700000762939453,23.850000381469727,23.799999237060547,16000.0,17.302961349487305
2018-06-07,24.149999618530273,23.799999237060547,23.799999237060547,24.149999618530273,10600.0,17.557415008544922
2018-06-08,24.100000381469727,23.850000381469727,24.100000381469727,24.049999237060547,5300.0,17.484710693359375
2018-06-11,23.850000381469727,23.0,23.799999237060547,23.649999618530273,104700.0,17.193906784057617
2018-06-12,23.850000381469727,22.75,23.549999237060547,22.950000762939453,76500.0,16.68499755859375
2018-06-13,23.25,22.5,22.950000762939453,22.799999237060547,55200.0,16.575944900512695
2018-06-14,22.950000762939453,22.25,22.950000762939453,22.350000381469727,54800.0,16.248788833618164
2018-06-15,22.549999237060547,21.799999237060547,22.350000381469727,21.899999618530273,286500.0,15.921629905700684
2018-06-18,22.75,21.799999237060547,21.850000381469727,22.450000762939453,51200.0,16.321487426757812
2018-06-19,23.75,22.059999465942383,22.350000381469727,23.600000381469727,106300.0,17.157554626464844
2018-06-20,24.299999237060547,23.649999618530273,23.75,23.850000381469727,75600.0,17.339311599731445
2018-06-21,23.950000762939453,23.5,23.850000381469727,23.850000381469727,30300.0,17.339311599731445
2018-06-22,24.25,23.850000381469727,24.149999618530273,23.899999618530273,59800.0,17.375661849975586
2018-06-25,24.149999618530273,23.600000381469727,23.899999618530273,23.600000381469727,18200.0,17.157554626464844
2018-06-26,24.0,23.6299991607666,23.649999618530273,23.850000381469727,22100.0,17.339311599731445
2018-06-27,24.0,23.700000762939453,23.899999618530273,23.700000762939453,21200.0,17.23025894165039
2018-06-28,24.950000762939453,23.829999923706055,23.899999618530273,24.450000762939453,109300.0,17.775522232055664
2018-06-29,25.5,24.649999618530273,24.649999618530273,25.399999618530273,107300.0,18.466184616088867
2018-07-02,25.610000610351562,25.149999618530273,25.350000381469727,25.450000762939453,33900.0,18.502534866333008
2018-07-03,25.75,25.5,25.5,25.530000686645508,16200.0,18.560697555541992
2018-07-05,25.700000762939453,25.5,25.700000762939453,25.649999618530273,27000.0,18.647937774658203
2018-07-06,25.700000762939453,25.25,25.700000762939453,25.350000381469727,32500.0,18.429834365844727
2018-07-09,25.549999237060547,25.100000381469727,25.350000381469727,25.399999618530273,21200.0,18.466184616088867
2018-07-10,25.600000381469727,25.350000381469727,25.450000762939453,25.350000381469727,10400.0,18.429834365844727
2018-07-11,25.350000381469727,25.049999237060547,25.299999237060547,25.149999618530273,8900.0,18.28443145751953
2018-07-12,25.100000381469727,24.600000381469727,25.049999237060547,24.850000381469727,24900.0,18.066328048706055
2018-07-13,25.18000030517578,24.850000381469727,24.850000381469727,25.049999237060547,8000.0,18.21172523498535
2018-07-16,25.100000381469727,24.450000762939453,25.100000381469727,24.75,23200.0,17.99362564086914
2018-07-17,25.149999618530273,24.649999618530273,24.700000762939453,24.75,15000.0,17.99362564086914
2018-07-18,24.979999542236328,24.549999237060547,24.700000762939453,24.700000762939453,8300.0,17.957275390625
2018-07-19,25.100000381469727,24.700000762939453,24.700000762939453,24.950000762939453,10900.0,18.139028549194336
2018-07-20,25.309999465942383,24.649999618530273,24.950000762939453,24.649999618530273,12000.0,17.920923233032227
2018-07-23,24.899999618530273,24.5,24.649999618530273,24.700000762939453,16800.0,17.957275390625
2018-07-24,25.0,24.649999618530273,24.649999618530273,24.75,9900.0,17.99362564086914
2018-07-25,25.149999618530273,24.649999618530273,24.649999618530273,25.100000381469727,20000.0,18.248079299926758
2018-07-26,25.399999618530273,25.0,25.149999618530273,25.25,19600.0,18.357133865356445
2018-07-27,25.399999618530273,25.0,25.299999237060547,25.0,12800.0,18.175378799438477
2018-07-30,25.540000915527344,25.049999237060547,25.049999237060547,25.299999237060547,31500.0,18.393482208251953
2018-07-31,25.649999618530273,25.200000762939453,25.350000381469727,25.450000762939453,23500.0,18.502534866333008
2018-08-01,25.850000381469727,25.399999618530273,25.5,25.75,35300.0,18.720638275146484
2018-08-02,26.0,25.649999618530273,25.75,25.799999237060547,56400.0,18.75699234008789
2018-08-03,25.5,25.049999237060547,25.399999618530273,25.399999618530273,25900.0,18.957008361816406
2018-08-06,25.649999618530273,25.25,25.399999618530273,25.350000381469727,17700.0,18.919692993164062
2018-08-07,25.5,25.0,25.299999237060547,25.100000381469727,24900.0,18.73310661315918
2018-08-08,25.18000030517578,24.049999237060547,25.049999237060547,24.850000381469727,41300.0,18.546525955200195
2018-08-09,24.950000762939453,24.5,24.700000762939453,24.600000381469727,11600.0,18.35993766784668
2018-08-10,25.350000381469727,24.600000381469727,24.700000762939453,24.799999237060547,21700.0,18.50920867919922
2018-08-13,24.799999237060547,24.549999237060547,24.75,24.600000381469727,21600.0,18.35993766784668
2018-08-14,24.649999618530273,24.350000381469727,24.649999618530273,24.399999618530273,22400.0,18.210668563842773
2018-08-15,24.700000762939453,24.350000381469727,24.350000381469727,24.399999618530273,7200.0,18.210668563842773
2018-08-16,24.700000762939453,24.350000381469727,24.350000381469727,24.5,7700.0,18.285303115844727
2018-08-17,24.950000762939453,24.600000381469727,24.700000762939453,24.799999237060547,10500.0,18.50920867919922
2018-08-20,25.0,24.649999618530273,24.75,24.899999618530273,29700.0,18.58384132385254
2018-08-21,25.0,24.5,25.0,24.600000381469727,16500.0,18.35993766784668
2018-08-22,24.799999237060547,24.579999923706055,24.649999618530273,24.700000762939453,14500.0,18.434574127197266
2018-08-23,25.049999237060547,24.5,24.700000762939453,25.049999237060547,23500.0,18.695789337158203
2018-08-24,25.100000381469727,24.450000762939453,24.899999618530273,24.799999237060547,24900.0,18.50920867919922
2018-08-27,25.049999237060547,24.579999923706055,24.75,25.049999237060547,15500.0,18.695789337158203
2018-08-28,25.25,24.899999618530273,25.049999237060547,25.100000381469727,23700.0,18.73310661315918
2018-08-29,25.149999618530273,24.829999923706055,25.100000381469727,25.049999237060547,10800.0,18.695789337158203
2018-08-30,25.100000381469727,24.84000015258789,25.0,25.100000381469727,11300.0,18.73310661315918
2018-08-31,25.43000030517578,25.149999618530273,25.149999618530273,25.299999237060547,34700.0,18.882375717163086
2018-09-04,25.700000762939453,25.010000228881836,25.049999237060547,25.5,27200.0,19.03164291381836
2018-09-05,25.799999237060547,25.5,25.5,25.799999237060547,23400.0,19.25554847717285
2018-09-06,25.75,25.549999237060547,25.75,25.549999237060547,10800.0,19.068960189819336
2018-09-07,25.600000381469727,25.299999237060547,25.549999237060547,25.549999237060547,8100.0,19.068960189819336
2018-09-10,25.899999618530273,25.579999923706055,25.649999618530273,25.899999618530273,13600.0,19.33017921447754
2018-09-11,26.200000762939453,25.700000762939453,25.899999618530273,26.200000762939453,24900.0,19.554079055786133
2018-09-12,26.5,26.100000381469727,26.200000762939453,26.25,22500.0,19.591398239135742
2018-09-13,26.549999237060547,26.299999237060547,26.450000762939453,26.450000762939453,13400.0,19.74066925048828
2018-09-14,26.649999618530273,26.350000381469727,26.5,26.649999618530273,20300.0,19.88993263244629
2018-09-17,26.850000381469727,26.549999237060547,26.799999237060547,26.799999237060547,32800.0,20.001882553100586
2018-09-18,27.149999618530273,26.649999618530273,26.850000381469727,26.649999618530273,37500.0,19.88993263244629
2018-09-19,27.5,26.5,26.75,27.450000762939453,56900.0,20.487003326416016
2018-09-20,28.0,27.149999618530273,27.5,27.799999237060547,87100.0,20.74822235107422
2018-09-21,28.0,27.639999389648438,27.799999237060547,27.850000381469727,309800.0,20.785539627075195
2018-09-24,27.950000762939453,27.149999618530273,27.799999237060547,27.549999237060547,17400.0,20.561635971069336
2018-09-25,27.549999237060547,26.950000762939453,27.549999237060547,27.0,26600.0,20.151151657104492
2018-09-26,27.079999923706055,26.90999984741211,27.0,26.950000762939453,11200.0,20.11383819580078
2018-09-27,26.90999984741211,26.600000381469727,26.90999984741211,26.75,13500.0,19.964567184448242
2018-09-28,27.309999465942383,26.600000381469727,27.0,26.950000762939453,49800.0,20.11383819580078
2018-10-01,27.299999237060547,26.700000762939453,26.969999313354492,27.299999237060547,36500.0,20.37505340576172
2018-10-02,27.360000610351562,26.950000762939453,27.360000610351562,26.950000762939453,24300.0,20.11383819580078
2018-10-03,27.309999465942383,26.920000076293945,26.940000534057617,27.059999465942383,8100.0,20.195934295654297
2018-10-04,26.969999313354492,26.600000381469727,26.969999313354492,26.600000381469727,15100.0,19.852619171142578
2018-10-05,26.760000228881836,26.0,26.579999923706055,26.399999618530273,32700.0,19.703350067138672
2018-10-08,27.200000762939453,26.68000030517578,26.770000457763672,27.139999389648438,136100.0,20.255638122558594
2018-10-09,27.450000762939453,27.079999923706055,27.209999084472656,27.3700008392334,79200.0,20.42729949951172
2018-10-10,27.450000762939453,26.950000762939453,27.450000762939453,27.0,47400.0,20.151151657104492
2018-10-11,27.139999389648438,26.600000381469727,27.100000381469727,26.93000030517578,60000.0,20.098909378051758
2018-10-12,27.3700008392334,26.200000762939453,27.34000015258789,26.899999618530273,94200.0,20.07651710510254
2018-10-15,26.979999542236328,26.469999313354492,26.75,26.670000076293945,47300.0,19.904861450195312
2018-10-16,27.18000030517578,26.709999084472656,26.780000686645508,26.979999542236328,60400.0,20.1362247467041
2018-10-17,27.040000915527344,26.700000762939453,27.040000915527344,27.0,20800.0,20.151151657104492
2018-10-18,27.0,26.649999618530273,27.0,26.719999313354492,16700.0,19.942176818847656
2018-10-19,27.040000915527344,26.670000076293945,26.799999237060547,26.790000915527344,13000.0,19.994421005249023
2018-10-22,26.899999618530273,26.6299991607666,26.799999237060547,26.6299991607666,34600.0,19.8750057220459
2018-10-23,26.3799991607666,26.010000228881836,26.31999969482422,26.18000030517578,32800.0,19.53915023803711
2018-10-24,26.459999084472656,25.799999237060547,26.229999542236328,25.850000381469727,32100.0,19.292861938476562
2018-10-25,26.18000030517578,25.5,25.90999984741211,25.5,33000.0,19.03164291381836
2018-10-26,25.799999237060547,25.200000762939453,25.420000076293945,25.700000762939453,48100.0,19.180912017822266
2018-10-29,25.700000762939453,25.15999984741211,25.700000762939453,25.15999984741211,40900.0,18.77788734436035
2018-10-30,25.479999542236328,24.75,25.270000457763672,24.75,50600.0,18.47188949584961
2018-10-31,25.440000534057617,24.950000762939453,24.959999084472656,25.3700008392334,43500.0,18.934621810913086
2018-11-01,25.3700008392334,25.040000915527344,25.31999969482422,25.18000030517578,22500.0,18.792814254760742
2018-11-02,25.34000015258789,25.0,25.299999237060547,25.18000030517578,26300.0,18.792814254760742
2018-11-05,24.639999389648438,24.0,24.530000686645508,24.0,40500.0,18.40027618408203
2018-11-06,24.239999771118164,23.440000534057617,24.059999465942383,23.700000762939453,57700.0,18.17027473449707
2018-11-07,23.0,19.399999618530273,23.0,19.549999237060547,355100.0,14.988557815551758
2018-11-08,19.600000381469727,17.899999618530273,19.5,18.809999465942383,227100.0,14.42121696472168
2018-11-09,19.450000762939453,18.1200008392334,18.1299991607666,19.360000610351562,65600.0,14.842889785766602
2018-11-12,19.489999771118164,19.0,19.260000228881836,19.31999969482422,46800.0,14.812223434448242
2018-11-13,19.399999618530273,18.510000228881836,19.399999618530273,18.6299991607666,57900.0,14.28321361541748
2018-11-14,19.030000686645508,18.200000762939453,19.030000686645508,18.5,35000.0,14.183547973632812
2018-11-15,18.649999618530273,18.280000686645508,18.420000076293945,18.6200008392334,45700.0,14.275547981262207
2018-11-16,19.06999969482422,17.84000015258789,18.579999923706055,18.350000381469727,56300.0,14.0685453414917
2018-11-19,18.68000030517578,18.260000228881836,18.350000381469727,18.260000228881836,37800.0,13.999541282653809
2018-11-20,18.170000076293945,17.360000610351562,18.149999618530273,17.459999084472656,52600.0,13.386200904846191
2018-11-21,18.190000534057617,17.290000915527344,17.5,18.18000030517578,23400.0,13.938210487365723
2018-11-23,18.219999313354492,17.920000076293945,17.920000076293945,18.079999923706055,12600.0,13.861538887023926
2018-11-26,18.420000076293945,17.75,18.100000381469727,17.790000915527344,51000.0,13.639205932617188
2018-11-27,18.059999465942383,17.559999465942383,17.790000915527344,17.920000076293945,35700.0,13.738873481750488
2018-11-28,18.0,17.59000015258789,17.8799991607666,17.790000915527344,30000.0,13.639205932617188
2018-11-29,18.190000534057617,17.709999084472656,17.799999237060547,17.93000030517578,31000.0,13.746539115905762
2018-11-30,18.059999465942383,17.579999923706055,17.8799991607666,17.81999969482422,26600.0,13.66220474243164
2018-12-03,18.190000534057617,17.25,17.850000381469727,17.75,40900.0,13.608536720275879
2018-12-04,17.739999771118164,17.010000228881836,17.610000610351562,17.110000610351562,59500.0,13.117863655090332
2018-12-06,17.0,16.200000762939453,17.0,16.889999389648438,91200.0,12.949193954467773
2018-12-07,17.34000015258789,16.559999465942383,17.049999237060547,16.809999465942383,36000.0,12.887861251831055
2018-12-10,17.200000762939453,16.31999969482422,16.920000076293945,17.09000015258789,83700.0,13.102530479431152
2018-12-11,17.299999237060547,16.950000762939453,17.290000915527344,17.190000534057617,27400.0,13.179198265075684
2018-12-12,17.739999771118164,17.049999237060547,17.290000915527344,17.350000381469727,27600.0,13.30186653137207
2018-12-13,17.649999618530273,17.190000534057617,17.420000076293945,17.190000534057617,53900.0,13.179198265075684
2018-12-14,17.559999465942383,16.829999923706055,17.020000457763672,17.010000228881836,30700.0,13.041194915771484
2018-12-17,17.010000228881836,16.020000457763672,17.010000228881836,16.020000457763672,38700.0,12.282184600830078
2018-12-18,16.31999969482422,14.510000228881836,16.0,14.850000381469727,141100.0,11.385170936584473
2018-12-19,15.6899995803833,14.75,14.75,15.449999809265137,45900.0,11.845178604125977
2018-12-20,15.699999809265137,14.800000190734863,15.319999694824219,15.0,43200.0,11.500173568725586
2018-12-21,15.260000228881836,13.760000228881836,15.050000190734863,14.59000015258789,133800.0,11.185834884643555
2018-12-24,14.600000381469727,14.199999809265137,14.380000114440918,14.229999542236328,22700.0,10.909830093383789
2018-12-26,14.760000228881836,13.829999923706055,14.239999771118164,14.619999885559082,39200.0,11.20883560180664
2018-12-27,14.619999885559082,13.960000038146973,14.619999885559082,14.5,31700.0,11.116833686828613
2018-12-28,15.109999656677246,14.34000015258789,14.5,14.720000267028809,30700.0,11.285502433776855
2018-12-31,14.890000343322754,14.319999694824219,14.649999618530273,14.489999771118164,65800.0,11.109166145324707
2019-01-02,16.520000457763672,14.489999771118164,14.489999771118164,16.40999984741211,33100.0,12.58119010925293
2019-01-03,16.65999984741211,16.260000228881836,16.40999984741211,16.459999084472656,12400.0,12.619522094726562
2019-01-04,17.719999313354492,16.200000762939453,16.6299991607666,17.489999771118164,36000.0,13.40920352935791
2019-01-07,18.329999923706055,17.649999618530273,17.799999237060547,17.959999084472656,41900.0,13.769540786743164
2019-01-08,19.299999237060547,17.969999313354492,18.329999923706055,19.1200008392334,69100.0,14.65888786315918
2019-01-09,19.90999984741211,19.0,19.200000762939453,19.489999771118164,70500.0,14.942559242248535
2019-01-10,19.809999465942383,19.25,19.399999618530273,19.459999084472656,21100.0,14.919556617736816
2019-01-11,19.709999084472656,18.690000534057617,19.3700008392334,18.75,40400.0,14.37521743774414
2019-01-14,18.75,18.350000381469727,18.75,18.579999923706055,23300.0,14.244879722595215
2019-01-15,19.360000610351562,18.670000076293945,18.670000076293945,19.270000457763672,21100.0,14.77388858795166
2019-01-16,19.5,18.989999771118164,19.34000015258789,19.5,26900.0,14.950223922729492
2019-01-17,19.75,19.1299991607666,19.5,19.469999313354492,24100.0,14.927224159240723
2019-01-18,19.600000381469727,18.8799991607666,19.540000915527344,19.600000381469727,17900.0,15.026893615722656
2019-01-22,19.75,18.899999618530273,19.399999618530273,19.75,35200.0,15.14189338684082
2019-01-23,18.829999923706055,16.270000457763672,18.829999923706055,17.030000686645508,115200.0,13.056529998779297
2019-01-24,17.219999313354492,16.780000686645508,17.0,17.139999389648438,28400.0,13.140865325927734
2019-01-25,17.709999084472656,16.90999984741211,17.040000915527344,17.40999984741211,21200.0,13.347867012023926
2019-01-28,17.75,17.059999465942383,17.059999465942383,17.3799991607666,28500.0,13.32486629486084
2019-01-29,17.649999618530273,17.329999923706055,17.649999618530273,17.350000381469727,20500.0,13.30186653137207
2019-01-30,18.270000457763672,17.5,17.600000381469727,18.030000686645508,40400.0,13.823209762573242
2019-01-31,18.780000686645508,17.93000030517578,18.270000457763672,18.450000762939453,54500.0,14.145212173461914
2019-02-01,18.670000076293945,18.059999465942383,18.670000076293945,18.149999618530273,45400.0,13.915207862854004
2019-02-04,19.100000381469727,18.34000015258789,18.34000015258789,19.100000381469727,47000.0,14.643553733825684
2019-02-05,19.100000381469727,18.860000610351562,19.09000015258789,18.950000762939453,65500.0,14.528553009033203
2019-02-06,19.149999618530273,18.690000534057617,19.049999237060547,18.8700008392334,64300.0,14.467218399047852
2019-02-07,18.190000534057617,16.68000030517578,18.190000534057617,17.450000762939453,42100.0,13.869518280029297
2019-02-08,17.889999389648438,17.049999237060547,17.450000762939453,17.5,12600.0,13.909257888793945
2019-02-11,17.780000686645508,17.149999618530273,17.530000686645508,17.149999618530273,29500.0,13.631072044372559
2019-02-12,18.0,17.170000076293945,17.170000076293945,17.489999771118164,45200.0,13.901310920715332
2019-02-13,18.0,17.469999313354492,17.739999771118164,17.540000915527344,27900.0,13.94105052947998
2019-02-14,17.920000076293945,17.549999237060547,17.729999542236328,17.799999237060547,36500.0,14.147700309753418
2019-02-15,18.25,17.209999084472656,17.979999542236328,17.34000015258789,55300.0,13.782087326049805
2019-02-19,17.690000534057617,17.149999618530273,17.280000686645508,17.3700008392334,34900.0,13.80593204498291
2019-02-20,17.709999084472656,17.079999923706055,17.280000686645508,17.399999618530273,44400.0,13.8297758102417
2019-02-21,17.440000534057617,17.1200008392334,17.43000030517578,17.31999969482422,17100.0,13.766189575195312
2019-02-22,17.399999618530273,17.0,17.350000381469727,17.239999771118164,21700.0,13.702605247497559
2019-02-25,17.15999984741211,16.6200008392334,17.15999984741211,16.729999542236328,53000.0,13.297249794006348
2019-02-26,16.729999542236328,16.209999084472656,16.729999542236328,16.229999542236328,53400.0,12.899843215942383
2019-02-27,16.399999618530273,15.609999656677246,16.31999969482422,16.219999313354492,61100.0,12.891892433166504
2019-02-28,16.15999984741211,15.59000015258789,16.139999389648438,15.649999618530273,56500.0,12.438849449157715
2019-03-01,15.880000114440918,15.430000305175781,15.670000076293945,15.710000038146973,41900.0,12.486538887023926
2019-03-04,16.06999969482422,15.479999542236328,15.829999923706055,15.710000038146973,30300.0,12.486538887023926
2019-03-05,16.059999465942383,15.5,15.75,15.789999961853027,28200.0,12.550124168395996
2019-03-06,15.920000076293945,15.270000457763672,15.699999809265137,15.449999809265137,34500.0,12.279886245727539
2019-03-07,15.449999809265137,15.0,15.449999809265137,15.300000190734863,24400.0,12.160663604736328
2019-03-08,15.270000457763672,14.869999885559082,15.149999618530273,15.050000190734863,64000.0,11.96196174621582
2019-03-11,15.15999984741211,14.75,15.0600004196167,15.039999961853027,67400.0,11.954012870788574
2019-03-12,15.390000343322754,14.670000076293945,15.079999923706055,14.670000076293945,117600.0,11.659931182861328
2019-03-13,15.109999656677246,14.670000076293945,14.670000076293945,14.930000305175781,72700.0,11.866582870483398
2019-03-14,16.959999084472656,15.800000190734863,15.9399995803833,16.729999542236328,286900.0,13.297249794006348
2019-03-15,17.399999618530273,15.600000381469727,16.940000534057617,15.779999732971191,490100.0,12.542174339294434
2019-03-18,16.780000686645508,15.9399995803833,16.09000015258789,16.559999465942383,101200.0,13.162131309509277
2019-03-19,17.889999389648438,16.649999618530273,16.649999618530273,17.790000915527344,395700.0,14.139754295349121
2019-03-20,18.1299991607666,17.829999923706055,17.899999618530273,18.030000686645508,109100.0,14.330511093139648
2019-03-21,18.100000381469727,17.790000915527344,18.0,17.950000762939453,72300.0,14.266923904418945
2019-03-22,17.950000762939453,17.15999984741211,17.950000762939453,17.469999313354492,78700.0,13.885412216186523
2019-03-25,17.549999237060547,17.139999389648438,17.469999313354492,17.200000762939453,103400.0,13.670811653137207
2019-03-26,17.56999969482422,17.260000228881836,17.31999969482422,17.31999969482422,66300.0,13.766189575195312
2019-03-27,18.3700008392334,17.59000015258789,17.75,18.299999237060547,205100.0,14.545106887817383
2019-03-28,18.90999984741211,18.229999542236328,18.360000610351562,18.649999618530273,118800.0,14.823294639587402
2019-03-29,18.829999923706055,18.280000686645508,18.709999084472656,18.479999542236328,57100.0,14.6881742477417
2019-04-01,18.989999771118164,18.510000228881836,18.719999313354492,18.799999237060547,76900.0,14.942517280578613
2019-04-02,18.920000076293945,18.299999237060547,18.920000076293945,18.540000915527344,71400.0,14.735865592956543
2019-04-03,18.81999969482422,18.43000030517578,18.579999923706055,18.450000762939453,43100.0,14.66433334350586
2019-04-04,18.559999465942383,18.25,18.450000762939453,18.25,29800.0,14.505366325378418
2019-04-05,18.709999084472656,18.18000030517578,18.190000534057617,18.610000610351562,38000.0,14.79150104522705
2019-04-08,18.920000076293945,18.5,18.600000381469727,18.68000030517578,61500.0,14.847138404846191
2019-04-09,18.84000015258789,18.559999465942383,18.649999618530273,18.639999389648438,33800.0,14.815345764160156
2019-04-10,19.079999923706055,18.780000686645508,18.829999923706055,19.040000915527344,50600.0,15.133272171020508
2019-04-11,19.139999389648438,18.670000076293945,19.079999923706055,19.020000457763672,38000.0,15.117375373840332
2019-04-12,19.200000762939453,18.920000076293945,19.110000610351562,19.15999984741211,39800.0,15.228649139404297
2019-04-15,19.829999923706055,19.06999969482422,19.18000030517578,19.469999313354492,106000.0,15.475041389465332
2019-04-16,19.579999923706055,18.770000457763672,19.350000381469727,19.0,55400.0,15.10147762298584
2019-04-17,19.200000762939453,18.510000228881836,19.200000762939453,18.510000228881836,36100.0,14.712021827697754
2019-04-18,18.799999237060547,18.229999542236328,18.65999984741211,18.229999542236328,40400.0,14.489471435546875
2019-04-22,18.690000534057617,18.209999084472656,18.209999084472656,18.579999923706055,26500.0,14.767655372619629
2019-04-23,19.110000610351562,18.59000015258789,18.639999389648438,18.790000915527344,36800.0,14.93456745147705
2019-04-24,19.149999618530273,18.760000228881836,19.149999618530273,19.040000915527344,44400.0,15.133272171020508
2019-04-25,18.950000762939453,18.610000610351562,18.950000762939453,18.8700008392334,35700.0,14.998154640197754
2019-04-26,19.15999984741211,18.6200008392334,18.8700008392334,18.969999313354492,41500.0,15.077632904052734
2019-04-29,19.600000381469727,19.010000228881836,19.170000076293945,19.549999237060547,72300.0,15.538626670837402
2019-04-30,19.739999771118164,19.309999465942383,19.700000762939453,19.510000228881836,65500.0,15.506834030151367
2019-05-01,19.670000076293945,19.469999313354492,19.510000228881836,19.579999923706055,47200.0,15.562472343444824
2019-05-02,19.799999237060547,19.559999465942383,19.649999618530273,19.790000915527344,55200.0,15.729381561279297
2019-05-03,20.540000915527344,19.829999923706055,19.899999618530273,20.149999618530273,109200.0,16.01551628112793
2019-05-06,20.149999618530273,19.0,19.170000076293945,20.149999618530273,64000.0,16.564655303955078
2019-05-07,20.0,19.100000381469727,19.489999771118164,19.18000030517578,41600.0,15.767252922058105
2019-05-08,19.31999969482422,17.790000915527344,18.84000015258789,18.290000915527344,121900.0,15.035613059997559
2019-05-09,18.469999313354492,18.020000457763672,18.43000030517578,18.040000915527344,28000.0,14.830096244812012
2019-05-10,18.84000015258789,18.049999237060547,18.049999237060547,18.549999237060547,30600.0,15.249346733093262
2019-05-13,18.729999542236328,18.3799991607666,18.389999389648438,18.489999771118164,21900.0,15.200023651123047
2019-05-14,19.0,18.5,18.700000762939453,18.989999771118164,39600.0,15.611059188842773
2019-05-15,18.989999771118164,18.600000381469727,18.889999389648438,18.829999923706055,52000.0,15.479527473449707
2019-05-16,19.09000015258789,18.56999969482422,18.739999771118164,18.56999969482422,38800.0,15.265791893005371
2019-05-17,18.5,18.329999923706055,18.329999923706055,18.360000610351562,25500.0,15.093156814575195
2019-05-20,18.700000762939453,18.209999084472656,18.299999237060547,18.389999389648438,27700.0,15.117817878723145
2019-05-21,18.540000915527344,18.25,18.399999618530273,18.270000457763672,23700.0,15.019170761108398
2019-05-22,18.43000030517578,17.969999313354492,18.260000228881836,18.020000457763672,25700.0,14.813653945922852
2019-05-23,17.940000534057617,17.68000030517578,17.920000076293945,17.829999923706055,19200.0,14.657461166381836
2019-05-24,18.15999984741211,17.75,17.93000030517578,17.8799991607666,11600.0,14.698564529418945
2019-05-28,18.1200008392334,17.760000228881836,17.950000762939453,17.809999465942383,19300.0,14.641019821166992
2019-05-29,17.81999969482422,17.299999237060547,17.75,17.809999465942383,40000.0,14.641019821166992
2019-05-30,17.809999465942383,17.149999618530273,17.43000030517578,17.149999618530273,36600.0,14.098454475402832
2019-05-31,17.40999984741211,17.0,17.0,17.270000457763672,21500.0,14.197103500366211
2019-06-03,17.969999313354492,17.489999771118164,17.489999771118164,17.790000915527344,20100.0,14.624579429626465
2019-06-04,18.0,17.600000381469727,17.940000534057617,17.6299991607666,21900.0,14.493047714233398
2019-06-05,17.889999389648438,17.190000534057617,17.6299991607666,17.40999984741211,41000.0,14.3121919631958
2019-06-06,17.40999984741211,17.139999389648438,17.260000228881836,17.139999389648438,20900.0,14.09023380279541
2019-06-07,17.350000381469727,17.0,17.299999237060547,17.149999618530273,17900.0,14.098454475402832
2019-06-10,17.399999618530273,17.0,17.219999313354492,17.0,26100.0,13.97514533996582
2019-06-11,17.489999771118164,17.020000457763672,17.1200008392334,17.440000534057617,25800.0,14.3368558883667
2019-06-12,17.68000030517578,17.229999542236328,17.440000534057617,17.43000030517578,28400.0,14.328634262084961
2019-06-13,17.780000686645508,17.5,17.5,17.6299991607666,13800.0,14.493047714233398
2019-06-14,17.850000381469727,17.690000534057617,17.790000915527344,17.829999923706055,17200.0,14.657461166381836
2019-06-17,17.950000762939453,17.520000457763672,17.899999618530273,17.59000015258789,23100.0,14.460165977478027
2019-06-18,17.860000610351562,17.290000915527344,17.780000686645508,17.31999969482422,31500.0,14.23820686340332
2019-06-19,17.8700008392334,17.25,17.329999923706055,17.520000457763672,48800.0,14.402619361877441
2019-06-20,17.889999389648438,17.600000381469727,17.719999313354492,17.770000457763672,43000.0,14.608137130737305
2019-06-21,18.450000762939453,17.790000915527344,17.790000915527344,18.43000030517578,42100.0,15.150702476501465
2019-06-24,18.40999984741211,18.110000610351562,18.40999984741211,18.190000534057617,21900.0,14.953407287597656
2019-06-25,18.31999969482422,17.979999542236328,18.18000030517578,18.059999465942383,24100.0,14.846536636352539
2019-06-26,18.219999313354492,17.719999313354492,18.190000534057617,17.719999313354492,48700.0,14.567034721374512
2019-06-27,18.1299991607666,17.690000534057617,17.889999389648438,17.700000762939453,21900.0,14.550592422485352
2019-06-28,17.989999771118164,17.649999618530273,17.850000381469727,17.729999542236328,28600.0,14.5752534866333
2019-07-01,18.5,18.0,18.010000228881836,18.309999465942383,53900.0,15.052053451538086
2019-07-02,18.34000015258789,18.1299991607666,18.31999969482422,18.280000686645508,11600.0,15.02739143371582
2019-07-03,18.610000610351562,18.299999237060547,18.299999237060547,18.530000686645508,18900.0,15.232908248901367
2019-07-05,18.790000915527344,18.420000076293945,18.56999969482422,18.520000457763672,48200.0,15.224686622619629
2019-07-08,18.770000457763672,18.510000228881836,18.549999237060547,18.56999969482422,39900.0,15.265791893005371
2019-07-09,18.690000534057617,18.34000015258789,18.530000686645508,18.459999084472656,17700.0,15.175363540649414
2019-07-10,18.8799991607666,18.5,18.5,18.68000030517578,27200.0,15.356218338012695
2019-07-11,18.84000015258789,18.579999923706055,18.700000762939453,18.6299991607666,24400.0,15.315114974975586
2019-07-12,18.739999771118164,18.510000228881836,18.690000534057617,18.510000228881836,28000.0,15.216465950012207
2019-07-15,18.739999771118164,18.399999618530273,18.540000915527344,18.420000076293945,33200.0,15.142481803894043
2019-07-16,18.579999923706055,18.270000457763672,18.399999618530273,18.350000381469727,33200.0,15.08493709564209
2019-07-17,18.549999237060547,17.719999313354492,18.34000015258789,18.0,59100.0,14.797213554382324
2019-07-18,17.940000534057617,17.729999542236328,17.940000534057617,17.93000030517578,11600.0,14.739666938781738
2019-07-19,18.079999923706055,17.729999542236328,17.950000762939453,17.90999984741211,22900.0,14.723226547241211
2019-07-22,17.969999313354492,17.459999084472656,17.90999984741211,17.850000381469727,48500.0,14.673901557922363
2019-07-23,18.0,17.799999237060547,17.889999389648438,17.81999969482422,17500.0,14.649238586425781
2019-07-24,17.899999618530273,17.6299991607666,17.84000015258789,17.899999618530273,11700.0,14.715006828308105
2019-07-25,18.09000015258789,17.809999465942383,18.059999465942383,18.020000457763672,33800.0,14.813653945922852
2019-07-26,18.149999618530273,17.940000534057617,18.0,18.0,22200.0,14.797213554382324
2019-07-29,18.270000457763672,18.020000457763672,18.110000610351562,18.270000457763672,47400.0,15.019170761108398
2019-07-30,19.0,18.350000381469727,18.399999618530273,19.0,80400.0,15.619280815124512
2019-07-31,19.100000381469727,18.5,19.0,18.639999389648438,93000.0,15.323334693908691
2019-08-01,18.649999618530273,18.139999389648438,18.489999771118164,18.5,80900.0,15.208246231079102
2019-08-02,17.950000762939453,17.549999237060547,17.84000015258789,17.850000381469727,62900.0,15.223597526550293
2019-08-05,17.799999237060547,17.049999237060547,17.799999237060547,17.56999969482422,70300.0,14.984795570373535
2019-08-06,17.579999923706055,16.93000030517578,17.56999969482422,17.5,82600.0,14.92509651184082
2019-08-07,17.399999618530273,16.979999542236328,17.229999542236328,17.280000686645508,41600.0,14.737466812133789
2019-08-08,17.540000915527344,17.09000015258789,17.420000076293945,17.34000015258789,39900.0,14.788640022277832
2019-08-09,17.440000534057617,17.06999969482422,17.399999618530273,17.309999465942383,79400.0,14.763052940368652
2019-08-12,17.40999984741211,17.0,17.299999237060547,17.149999618530273,69600.0,14.626593589782715
2019-08-13,17.190000534057617,16.420000076293945,17.0,16.600000381469727,65400.0,14.157519340515137
2019-08-14,16.510000228881836,15.65999984741211,16.479999542236328,15.850000381469727,107200.0,13.517873764038086
2019-08-15,15.930000305175781,15.470000267028809,15.930000305175781,15.779999732971191,55000.0,13.458172798156738
2019-08-16,16.200000762939453,15.680000305175781,15.75,16.100000381469727,39500.0,13.731088638305664
2019-08-19,16.6200008392334,16.100000381469727,16.100000381469727,16.34000015258789,47100.0,13.935776710510254
2019-08-20,16.3700008392334,16.09000015258789,16.350000381469727,16.200000762939453,20100.0,13.816374778747559
2019-08-21,16.709999084472656,16.149999618530273,16.270000457763672,16.520000457763672,18600.0,14.0892915725708
2019-08-22,16.670000076293945,16.329999923706055,16.5,16.329999923706055,24700.0,13.92724609375
2019-08-23,16.18000030517578,15.640000343322754,16.18000030517578,15.699999809265137,42400.0,13.38994312286377
2019-08-26,15.829999923706055,15.430000305175781,15.829999923706055,15.520000457763672,29100.0,13.236429214477539
2019-08-27,15.569999694824219,15.050000190734863,15.569999694824219,15.359999656677246,37300.0,13.099969863891602
2019-08-28,15.9399995803833,15.34000015258789,15.34000015258789,15.90999984741211,26500.0,13.569043159484863
2019-08-29,16.280000686645508,16.049999237060547,16.049999237060547,16.1299991607666,19000.0,13.756673812866211
2019-08-30,16.219999313354492,16.010000228881836,16.219999313354492,16.110000610351562,8200.0,13.739617347717285
2019-09-03,16.200000762939453,15.819999694824219,16.06999969482422,16.100000381469727,15800.0,13.731088638305664
2019-09-04,16.479999542236328,16.219999313354492,16.219999313354492,16.479999542236328,9800.0,14.05517578125
2019-09-05,16.860000610351562,16.5,16.5,16.540000915527344,29700.0,14.106348991394043
2019-09-06,16.799999237060547,16.520000457763672,16.530000686645508,16.729999542236328,8200.0,14.268390655517578
2019-09-09,17.309999465942383,16.850000381469727,16.90999984741211,17.239999771118164,26700.0,14.703351020812988
2019-09-10,17.5,17.1200008392334,17.229999542236328,17.440000534057617,20300.0,14.87392520904541
2019-09-11,17.549999237060547,17.0,17.440000534057617,17.149999618530273,35300.0,14.626593589782715
2019-09-12,17.200000762939453,16.940000534057617,17.049999237060547,17.0,15200.0,14.498664855957031
2019-09-13,17.170000076293945,16.950000762939453,17.059999465942383,17.020000457763672,13700.0,14.515721321105957
2019-09-16,17.420000076293945,17.200000762939453,17.350000381469727,17.260000228881836,19500.0,14.72040843963623
2019-09-17,17.459999084472656,17.100000381469727,17.459999084472656,17.270000457763672,15200.0,14.728938102722168
2019-09-18,17.5,17.1299991607666,17.25,17.3799991607666,19800.0,14.822751998901367
2019-09-19,17.43000030517578,17.1299991607666,17.43000030517578,17.290000915527344,19900.0,14.745996475219727
2019-09-20,17.579999923706055,17.100000381469727,17.100000381469727,17.229999542236328,20600.0,14.694822311401367
2019-09-23,17.639999389648438,17.329999923706055,17.329999923706055,17.600000381469727,16600.0,15.010383605957031
2019-09-24,17.639999389648438,17.299999237060547,17.549999237060547,17.5,21800.0,14.92509651184082
2019-09-25,17.559999465942383,17.239999771118164,17.3799991607666,17.399999618530273,28900.0,14.839807510375977
2019-09-26,17.65999984741211,17.420000076293945,17.420000076293945,17.600000381469727,13200.0,15.010383605957031
2019-09-27,17.8700008392334,17.59000015258789,17.700000762939453,17.8700008392334,12100.0,15.240656852722168
2019-09-30,17.920000076293945,17.43000030517578,17.75,17.700000762939453,35800.0,15.09566879272461
2019-10-01,17.760000228881836,17.280000686645508,17.719999313354492,17.3700008392334,14200.0,14.814224243164062
2019-10-02,17.3700008392334,17.030000686645508,17.270000457763672,17.149999618530273,33600.0,14.626593589782715
2019-10-03,17.530000686645508,17.18000030517578,17.18000030517578,17.5,22200.0,14.92509651184082
2019-10-04,17.649999618530273,16.93000030517578,17.450000762939453,17.5,18500.0,14.92509651184082
2019-10-07,17.59000015258789,17.149999618530273,17.350000381469727,17.149999618530273,12400.0,14.626593589782715
2019-10-08,17.299999237060547,17.0,17.100000381469727,17.0,15800.0,14.498664855957031
2019-10-09,17.1200008392334,16.950000762939453,17.020000457763672,16.950000762939453,11000.0,14.456022262573242
2019-10-10,17.09000015258789,16.950000762939453,16.989999771118164,17.040000915527344,10300.0,14.532780647277832
2019-10-11,17.3799991607666,17.040000915527344,17.100000381469727,17.200000762939453,14500.0,14.66923713684082
2019-10-14,17.290000915527344,17.040000915527344,17.200000762939453,17.229999542236328,14200.0,14.694822311401367
2019-10-15,17.649999618530273,17.18000030517578,17.3799991607666,17.459999084472656,23500.0,14.89098072052002
2019-10-16,17.579999923706055,17.209999084472656,17.34000015258789,17.239999771118164,13400.0,14.703351020812988
2019-10-17,17.43000030517578,17.170000076293945,17.43000030517578,17.350000381469727,25200.0,14.79716682434082
2019-10-18,17.469999313354492,17.200000762939453,17.329999923706055,17.309999465942383,16400.0,14.763052940368652
2019-10-21,17.700000762939453,17.329999923706055,17.65999984741211,17.3799991607666,14800.0,14.822751998901367
2019-10-22,17.549999237060547,17.309999465942383,17.3799991607666,17.520000457763672,31500.0,14.942152976989746
2019-10-23,17.790000915527344,17.459999084472656,17.469999313354492,17.790000915527344,32600.0,15.1724271774292
2019-10-24,17.860000610351562,17.600000381469727,17.65999984741211,17.790000915527344,17700.0,15.1724271774292
2019-10-25,17.829999923706055,17.600000381469727,17.790000915527344,17.809999465942383,37500.0,15.189483642578125
2019-10-28,18.329999923706055,17.8799991607666,17.969999313354492,18.1200008392334,120000.0,15.45387077331543
2019-10-29,18.06999969482422,17.700000762939453,18.06999969482422,17.790000915527344,53200.0,15.1724271774292
2019-10-30,17.860000610351562,17.600000381469727,17.799999237060547,17.790000915527344,24400.0,15.1724271774292
2019-10-31,18.100000381469727,17.670000076293945,17.729999542236328,18.030000686645508,36700.0,15.377115249633789
2019-11-01,18.350000381469727,18.100000381469727,18.100000381469727,18.350000381469727,97800.0,15.650030136108398
2019-11-04,17.799999237060547,17.110000610351562,17.739999771118164,17.190000534057617,47300.0,15.214570045471191
2019-11-05,17.260000228881836,17.079999923706055,17.260000228881836,17.190000534057617,55200.0,15.214570045471191
2019-11-06,17.190000534057617,16.6299991607666,17.190000534057617,16.729999542236328,59500.0,14.8074312210083
2019-11-07,17.489999771118164,16.799999237060547,16.920000076293945,17.420000076293945,84700.0,15.418139457702637
2019-11-08,17.540000915527344,17.18000030517578,17.440000534057617,17.459999084472656,39800.0,15.453540802001953
2019-11-11,17.510000228881836,17.260000228881836,17.389999389648438,17.440000534057617,67500.0,15.435840606689453
2019-11-12,17.59000015258789,17.0,17.579999923706055,17.100000381469727,52300.0,15.134912490844727
2019-11-13,17.100000381469727,16.790000915527344,17.0,16.989999771118164,27200.0,15.037551879882812
2019-11-14,17.09000015258789,16.8799991607666,16.989999771118164,16.899999618530273,34400.0,14.957894325256348
2019-11-15,16.979999542236328,16.780000686645508,16.809999465942383,16.829999923706055,20200.0,14.895939826965332
2019-11-18,16.81999969482422,16.5,16.81999969482422,16.5,51800.0,14.603861808776855
2019-11-19,16.639999389648438,16.100000381469727,16.489999771118164,16.219999313354492,63500.0,14.356038093566895
2019-11-20,16.440000534057617,16.110000610351562,16.18000030517578,16.389999389648438,31000.0,14.506503105163574
2019-11-21,16.68000030517578,16.219999313354492,16.43000030517578,16.68000030517578,17500.0,14.763177871704102
2019-11-22,16.610000610351562,16.399999618530273,16.610000610351562,16.420000076293945,15500.0,14.533055305480957
2019-11-25,16.479999542236328,16.190000534057617,16.350000381469727,16.25,20800.0,14.382591247558594
2019-11-26,16.260000228881836,16.0,16.260000228881836,16.100000381469727,19100.0,14.24983024597168
2019-11-27,16.100000381469727,15.710000038146973,16.010000228881836,15.989999771118164,54800.0,14.152470588684082
2019-11-29,16.09000015258789,15.84000015258789,15.949999809265137,16.0,7000.0,14.161320686340332
2019-12-02,16.110000610351562,15.859999656677246,16.040000915527344,16.079999923706055,28700.0,14.232128143310547
2019-12-03,16.0,15.6899995803833,15.930000305175781,15.960000038146973,22900.0,14.1259183883667
2019-12-04,16.209999084472656,15.899999618530273,15.989999771118164,16.020000457763672,30100.0,14.179023742675781
2019-12-05,16.18000030517578,16.0,16.079999923706055,16.18000030517578,27200.0,14.320635795593262
2019-12-06,16.329999923706055,15.90999984741211,16.059999465942383,16.0,35600.0,14.161320686340332
2019-12-09,16.360000610351562,15.930000305175781,15.930000305175781,16.360000610351562,44300.0,14.479951858520508
2019-12-10,16.649999618530273,16.1200008392334,16.280000686645508,16.530000686645508,64800.0,14.630414962768555
2019-12-11,16.709999084472656,16.450000762939453,16.6200008392334,16.549999237060547,38400.0,14.648116111755371
2019-12-12,16.790000915527344,16.3799991607666,16.520000457763672,16.469999313354492,22000.0,14.577308654785156
2019-12-13,16.540000915527344,16.15999984741211,16.469999313354492,16.510000228881836,33700.0,14.612712860107422
2019-12-16,16.799999237060547,16.219999313354492,16.520000457763672,16.709999084472656,63700.0,14.789729118347168
2019-12-17,17.079999923706055,16.700000762939453,16.700000762939453,17.079999923706055,45900.0,15.117210388183594
2019-12-18,17.25,16.899999618530273,17.049999237060547,17.229999542236328,28500.0,15.249971389770508
2019-12-19,17.239999771118164,17.010000228881836,17.149999618530273,17.149999618530273,28100.0,15.179165840148926
2019-12-20,17.149999618530273,16.8700008392334,17.149999618530273,16.959999084472656,34100.0,15.010998725891113
2019-12-23,17.31999969482422,16.719999313354492,17.0,17.1200008392334,46800.0,15.152613639831543
2019-12-24,17.139999389648438,16.68000030517578,17.1200008392334,16.729999542236328,15100.0,14.8074312210083
2019-12-26,16.950000762939453,16.709999084472656,16.729999542236328,16.739999771118164,20100.0,14.816282272338867
2019-12-27,16.889999389648438,16.610000610351562,16.770000457763672,16.639999389648438,19800.0,14.72777271270752
2019-12-30,16.700000762939453,16.559999465942383,16.639999389648438,16.68000030517578,33700.0,14.763177871704102
2019-12-31,16.950000762939453,16.719999313354492,16.729999542236328,16.920000076293945,24800.0,14.975597381591797
2020-01-02,17.06999969482422,16.860000610351562,16.860000610351562,17.030000686645508,22400.0,15.072957038879395
2020-01-03,17.149999618530273,17.020000457763672,17.059999465942383,17.100000381469727,13200.0,15.134912490844727
2020-01-06,16.899999618530273,16.139999389648438,16.700000762939453,16.84000015258789,195000.0,14.904788970947266
2020-01-07,17.0,16.510000228881836,16.65999984741211,16.979999542236328,66800.0,15.028701782226562
2020-01-08,16.979999542236328,16.510000228881836,16.979999542236328,16.670000076293945,63400.0,14.754325866699219
2020-01-09,16.889999389648438,16.649999618530273,16.68000030517578,16.799999237060547,34600.0,14.869386672973633
2020-01-10,16.75,16.5,16.75,16.559999465942383,25700.0,14.656966209411621
2020-01-13,16.75,16.43000030517578,16.440000534057617,16.729999542236328,27300.0,14.8074312210083
2020-01-14,16.950000762939453,16.610000610351562,16.729999542236328,16.729999542236328,26700.0,14.8074312210083
2020-01-15,16.850000381469727,16.579999923706055,16.850000381469727,16.729999542236328,33200.0,14.8074312210083
2020-01-16,16.8700008392334,16.549999237060547,16.56999969482422,16.690000534057617,39900.0,14.772029876708984
2020-01-17,16.809999465942383,16.649999618530273,16.760000228881836,16.809999465942383,32800.0,14.8782377243042
2020-01-21,16.780000686645508,16.510000228881836,16.670000076293945,16.690000534057617,32600.0,14.772029876708984
2020-01-22,16.799999237060547,16.610000610351562,16.719999313354492,16.610000610351562,21700.0,14.701221466064453
2020-01-23,17.0,16.450000762939453,16.610000610351562,16.950000762939453,29000.0,15.002150535583496
2020-01-24,16.979999542236328,16.729999542236328,16.950000762939453,16.93000030517578,27000.0,14.984447479248047
2020-01-27,17.0,16.559999465942383,16.860000610351562,16.920000076293945,37000.0,14.975597381591797
2020-01-28,17.25,16.809999465942383,16.920000076293945,17.100000381469727,28200.0,15.134912490844727
2020-01-29,17.329999923706055,17.040000915527344,17.25,17.299999237060547,39500.0,15.311927795410156
2020-01-30,17.510000228881836,16.90999984741211,17.299999237060547,17.18000030517578,109300.0,15.205718994140625
2020-01-31,17.209999084472656,16.950000762939453,17.18000030517578,17.100000381469727,82700.0,15.134912490844727
2020-02-03,16.530000686645508,16.260000228881836,16.489999771118164,16.360000610351562,50700.0,15.068596839904785
2020-02-04,16.600000381469727,16.06999969482422,16.350000381469727,16.1200008392334,56600.0,14.847541809082031
2020-02-05,16.389999389648438,16.079999923706055,16.149999618530273,16.200000762939453,31900.0,14.921225547790527
2020-02-06,16.40999984741211,16.010000228881836,16.149999618530273,16.239999771118164,51300.0,14.958067893981934
2020-02-07,16.25,15.800000190734863,16.1200008392334,16.020000457763672,78700.0,14.7554349899292
2020-02-10,16.0,15.359999656677246,15.989999771118164,15.380000114440918,92400.0,14.165953636169434
2020-02-11,15.670000076293945,15.420000076293945,15.430000305175781,15.59000015258789,36700.0,14.359376907348633
2020-02-12,15.65999984741211,15.350000381469727,15.600000381469727,15.350000381469727,29800.0,14.138321876525879
2020-02-13,15.460000038146973,15.180000305175781,15.350000381469727,15.1899995803833,31600.0,13.990951538085938
2020-02-14,15.229999542236328,14.739999771118164,15.220000267028809,14.850000381469727,59400.0,13.677790641784668
2020-02-18,14.789999961853027,14.399999618530273,14.789999961853027,14.399999618530273,64100.0,13.263311386108398
2020-02-19,14.6899995803833,14.170000076293945,14.5,14.5,76200.0,13.35541820526123
2020-02-20,14.869999885559082,14.5,14.5,14.850000381469727,30700.0,13.677790641784668
2020-02-21,14.890000343322754,14.649999618530273,14.890000343322754,14.720000267028809,27200.0,13.558052062988281
2020-02-24,14.600000381469727,14.25,14.59000015258789,14.350000381469727,31400.0,13.21725845336914
2020-02-25,14.359999656677246,14.0,14.270000457763672,14.050000190734863,52800.0,12.940938949584961
2020-02-26,14.069999694824219,13.569999694824219,14.050000190734863,13.600000381469727,79800.0,12.526461601257324
2020-02-27,13.489999771118164,12.489999771118164,13.489999771118164,12.800000190734863,113800.0,11.789609909057617
2020-02-28,12.720000267028809,12.25,12.300000190734863,12.289999961853027,135700.0,11.319868087768555
2020-03-02,12.699999809265137,12.039999961853027,12.350000381469727,12.699999809265137,62600.0,11.697504043579102
2020-03-03,12.84000015258789,12.5,12.710000038146973,12.59000015258789,44200.0,11.596186637878418
2020-03-04,12.850000381469727,12.170000076293945,12.850000381469727,12.489999771118164,82000.0,11.504079818725586
2020-03-05,13.449999809265137,12.300000190734863,12.5,13.4399995803833,320500.0,12.379090309143066
2020-03-06,13.40999984741211,12.329999923706055,13.149999618530273,12.390000343322754,230900.0,11.411974906921387
2020-03-09,11.989999771118164,10.829999923706055,11.989999771118164,11.279999732971191,258600.0,10.389593124389648
2020-03-10,12.539999961853027,11.399999618530273,11.399999618530273,12.020000457763672,149900.0,11.071181297302246
2020-03-11,12.329999923706055,11.710000038146973,11.899999618530273,12.0,160100.0,11.052760124206543
2020-03-12,12.0,11.050000190734863,11.5,11.779999732971191,277700.0,10.850125312805176
2020-03-13,12.430000305175781,11.520000457763672,11.8100004196167,12.199999809265137,192300.0,11.236971855163574
2020-03-16,11.699999809265137,10.699999809265137,11.699999809265137,11.270000457763672,144100.0,10.380383491516113
2020-03-17,12.010000228881836,10.729999542236328,11.270000457763672,11.0,111900.0,10.131695747375488
2020-03-18,10.600000381469727,9.829999923706055,10.5,10.270000457763672,244600.0,9.459321022033691
2020-03-19,11.649999618530273,10.119999885559082,10.420000076293945,11.34000015258789,111000.0,10.444857597351074
2020-03-20,12.319999694824219,11.430000305175781,11.430000305175781,11.880000114440918,131600.0,10.942232131958008
2020-03-23,12.199999809265137,10.930000305175781,11.5,11.970000267028809,169500.0,11.025128364562988
2020-03-24,12.8100004196167,11.729999542236328,12.220000267028809,12.5,97000.0,11.513291358947754
2020-03-25,13.0,11.770000457763672,12.5,12.5,120400.0,11.513291358947754
2020-03-26,13.539999961853027,12.25,12.5,13.0,124100.0,11.973823547363281
2020-03-27,13.270000457763672,12.279999732971191,13.0,12.920000076293945,941000.0,11.900137901306152
2020-03-30,13.3100004196167,12.390000343322754,12.880000114440918,12.75,1433500.0,11.743557929992676
2020-03-31,13.25,12.40999984741211,12.760000228881836,13.079999923706055,96800.0,12.047507286071777
2020-04-01,13.390000343322754,12.75,13.069999694824219,13.380000114440918,79700.0,12.323826789855957
2020-04-02,13.5,12.899999618530273,13.449999809265137,13.130000114440918,38300.0,12.093561172485352
2020-04-03,13.130000114440918,12.59000015258789,13.069999694824219,13.029999732971191,89400.0,12.001455307006836
2020-04-06,13.300000190734863,12.880000114440918,12.970000267028809,13.069999694824219,51500.0,12.038297653198242
2020-04-07,13.239999771118164,13.0,13.1899995803833,13.020000457763672,30600.0,11.992244720458984
2020-04-08,13.15999984741211,12.949999809265137,13.020000457763672,12.989999771118164,40100.0,11.964612007141113
2020-04-09,13.140000343322754,12.880000114440918,13.029999732971191,12.90999984741211,32000.0,11.8909273147583
2020-04-13,13.020000457763672,12.869999885559082,12.920000076293945,12.869999885559082,43500.0,11.854084014892578
2020-04-14,13.210000038146973,12.75,12.869999885559082,12.970000267028809,74300.0,11.946191787719727
2020-04-15,13.020000457763672,12.260000228881836,12.890000343322754,12.819999694824219,34600.0,11.80803108215332
2020-04-16,12.989999771118164,12.699999809265137,12.800000190734863,12.75,76600.0,11.743557929992676
2020-04-17,12.979999542236328,12.329999923706055,12.550000190734863,12.869999885559082,88200.0,11.854084014892578
2020-04-20,13.0,12.680000305175781,12.680000305175781,12.90999984741211,31200.0,11.8909273147583
2020-04-21,13.170000076293945,12.720000267028809,12.829999923706055,13.140000343322754,42700.0,12.102771759033203
2020-04-22,13.170000076293945,13.0,13.0,13.050000190734863,10300.0,12.019876480102539
2020-04-23,13.239999771118164,13.109999656677246,13.220000267028809,13.149999618530273,32100.0,12.111981391906738
2020-04-24,13.539999961853027,13.130000114440918,13.350000381469727,13.1899995803833,60700.0,12.148824691772461
2020-04-27,13.75,13.149999618530273,13.149999618530273,13.569999694824219,26800.0,12.498828887939453
2020-04-28,14.1899995803833,13.65999984741211,13.829999923706055,13.979999542236328,43400.0,12.87646484375
2020-04-29,15.0,14.210000038146973,14.25,14.670000076293945,71900.0,13.511998176574707
2020-04-30,14.989999771118164,14.670000076293945,14.670000076293945,14.720000267028809,18100.0,13.558052062988281
2020-05-01,15.119999885559082,14.479999542236328,14.699999809265137,15.100000381469727,57500.0,13.908056259155273
2020-05-04,14.640000343322754,12.930000305175781,14.640000343322754,13.010000228881836,91900.0,12.537680625915527
2020-05-05,13.329999923706055,13.0,13.0,13.109999656677246,17800.0,12.634049415588379
2020-05-06,13.09000015258789,12.829999923706055,13.0,13.0,36300.0,12.528043746948242
2020-05-07,13.670000076293945,12.90999984741211,13.670000076293945,13.199999809265137,31100.0,12.720782279968262
2020-05-08,13.5,13.229999542236328,13.25,13.489999771118164,32000.0,13.000253677368164
2020-05-11,13.579999923706055,13.34000015258789,13.5,13.510000228881836,33400.0,13.01952838897705
2020-05-12,13.84000015258789,13.079999923706055,13.630000114440918,13.479999542236328,38000.0,12.990616798400879
2020-05-13,13.600000381469727,13.229999542236328,13.5600004196167,13.40999984741211,35400.0,12.923158645629883
2020-05-14,13.600000381469727,13.0600004196167,13.420000076293945,13.550000190734863,21500.0,13.058075904846191
2020-05-15,13.75,13.300000190734863,13.460000038146973,13.350000381469727,13100.0,12.865337371826172
2020-05-18,13.970000267028809,13.539999961853027,13.539999961853027,13.800000190734863,22100.0,13.298999786376953
2020-05-19,13.899999618530273,13.25,13.699999809265137,13.779999732971191,17800.0,13.279726028442383
2020-05-20,14.140000343322754,13.800000190734863,13.800000190734863,14.130000114440918,20300.0,13.617019653320312
2020-05-21,14.600000381469727,14.140000343322754,14.300000190734863,14.350000381469727,19700.0,13.829032897949219
2020-05-22,14.75,14.279999732971191,14.510000228881836,14.600000381469727,36700.0,14.06995677947998
2020-05-26,15.0,14.479999542236328,14.75,14.609999656677246,28300.0,14.07959270477295
2020-05-27,15.010000228881836,14.600000381469727,14.630000114440918,14.880000114440918,13700.0,14.339791297912598
2020-05-28,15.069999694824219,14.399999618530273,14.880000114440918,14.399999618530273,22000.0,13.877217292785645
2020-05-29,15.109999656677246,14.479999542236328,14.489999771118164,14.949999809265137,22200.0,14.407249450683594
2020-06-01,15.0,14.720000267028809,14.729999542236328,14.720000267028809,25800.0,14.185600280761719
2020-06-02,15.100000381469727,14.819999694824219,14.850000381469727,14.850000381469727,21400.0,14.310880661010742
2020-06-03,15.069999694824219,14.75,14.75,14.829999923706055,21600.0,14.291605949401855
2020-06-04,14.550000190734863,14.1899995803833,14.399999618530273,14.300000190734863,53400.0,13.780847549438477
2020-06-05,15.0600004196167,14.300000190734863,14.649999618530273,14.300000190734863,103500.0,13.780847549438477
2020-06-08,15.199999809265137,14.5,14.779999732971191,14.789999961853027,121900.0,14.253058433532715
2020-06-09,15.630000114440918,14.699999809265137,14.850000381469727,15.369999885559082,75200.0,14.812002182006836
2020-06-10,15.859999656677246,15.25,15.600000381469727,15.760000228881836,42400.0,15.187843322753906
2020-06-11,15.300000190734863,14.699999809265137,15.100000381469727,14.819999694824219,73200.0,14.28196907043457
2020-06-12,15.420000076293945,14.920000076293945,15.0600004196167,15.119999885559082,29000.0,14.571078300476074
2020-06-15,15.550000190734863,14.930000305175781,15.039999961853027,15.260000228881836,26500.0,14.705995559692383
2020-06-16,15.569999694824219,15.130000114440918,15.569999694824219,15.350000381469727,15900.0,14.792728424072266
2020-06-17,15.609999656677246,15.350000381469727,15.489999771118164,15.380000114440918,12900.0,14.821639060974121
2020-06-18,15.739999771118164,15.350000381469727,15.5,15.5,11700.0,14.93728256225586
2020-06-19,15.729999542236328,15.399999618530273,15.729999542236328,15.5600004196167,18700.0,14.995104789733887
2020-06-22,15.800000190734863,15.329999923706055,15.4399995803833,15.800000190734863,15500.0,15.226391792297363
2020-06-23,15.859999656677246,15.529999732971191,15.819999694824219,15.720000267028809,11700.0,15.149295806884766
2020-06-24,15.949999809265137,15.100000381469727,15.670000076293945,15.949999809265137,49800.0,15.37094497680664
2020-06-25,16.040000915527344,15.529999732971191,15.949999809265137,15.960000038146973,28300.0,15.380582809448242
2020-06-26,15.949999809265137,15.25,15.949999809265137,15.5600004196167,32300.0,14.995104789733887
2020-06-29,15.84000015258789,15.510000228881836,15.640000343322754,15.649999618530273,23000.0,15.081836700439453
2020-06-30,15.800000190734863,15.40999984741211,15.640000343322754,15.75,130800.0,15.178206443786621
2020-07-01,15.699999809265137,15.0,15.630000114440918,15.15999984741211,110800.0,14.609625816345215
2020-07-02,15.390000343322754,15.010000228881836,15.229999542236328,15.050000190734863,20700.0,14.503619194030762
2020-07-06,15.399999618530273,14.989999771118164,15.149999618530273,15.260000228881836,91900.0,14.705995559692383
2020-07-07,15.399999618530273,15.069999694824219,15.260000228881836,15.399999618530273,41200.0,14.840912818908691
2020-07-08,15.569999694824219,15.239999771118164,15.260000228881836,15.529999732971191,25400.0,14.966193199157715
2020-07-09,15.449999809265137,15.020000457763672,15.380000114440918,15.180000305175781,27300.0,14.628900527954102
2020-07-10,15.300000190734863,15.100000381469727,15.140000343322754,15.25,16900.0,14.696358680725098
2020-07-13,15.359999656677246,15.010000228881836,15.34000015258789,15.109999656677246,28300.0,14.561440467834473
2020-07-14,15.229999542236328,15.0,15.130000114440918,15.079999923706055,9900.0,14.532529830932617
2020-07-15,15.5,15.149999618530273,15.149999618530273,15.239999771118164,20500.0,14.686721801757812
2020-07-16,15.350000381469727,15.15999984741211,15.300000190734863,15.239999771118164,11200.0,14.686721801757812
2020-07-17,15.40999984741211,15.100000381469727,15.399999618530273,15.100000381469727,16200.0,14.551804542541504
2020-07-20,15.239999771118164,15.0600004196167,15.09000015258789,15.149999618530273,19900.0,14.59998893737793
2020-07-21,15.380000114440918,15.109999656677246,15.25,15.109999656677246,34100.0,14.561440467834473
2020-07-22,15.319999694824219,15.09000015258789,15.09000015258789,15.3100004196167,5700.0,14.754180908203125
2020-07-23,16.100000381469727,15.5,15.5,16.100000381469727,79800.0,15.51550006866455
2020-07-24,17.479999542236328,16.170000076293945,16.389999389648438,17.15999984741211,101000.0,16.537017822265625
2020-07-27,18.25,17.209999084472656,17.3700008392334,18.15999984741211,105000.0,17.500713348388672
2020-07-28,18.15999984741211,17.81999969482422,18.15999984741211,18.0,57400.0,17.346521377563477
2020-07-29,18.5,17.780000686645508,18.5,18.25,90400.0,17.587446212768555
2020-07-30,18.6299991607666,18.0,18.0,18.43000030517578,40700.0,17.76091194152832
2020-07-31,18.780000686645508,18.200000762939453,18.270000457763672,18.399999618530273,52200.0,17.73200035095215
2020-08-03,17.8799991607666,16.5,17.75,16.84000015258789,93600.0,16.84000015258789
2020-08-04,17.1299991607666,16.700000762939453,16.81999969482422,17.079999923706055,31500.0,17.079999923706055
2020-08-05,17.170000076293945,16.799999237060547,17.170000076293945,16.8700008392334,28500.0,16.8700008392334
2020-08-06,17.18000030517578,16.690000534057617,16.690000534057617,16.770000457763672,36500.0,16.770000457763672
2020-08-07,16.770000457763672,16.15999984741211,16.770000457763672,16.190000534057617,35200.0,16.190000534057617
2020-08-10,16.649999618530273,16.18000030517578,16.56999969482422,16.31999969482422,31800.0,16.31999969482422
2020-08-11,16.489999771118164,16.290000915527344,16.389999389648438,16.3700008392334,19500.0,16.3700008392334
2020-08-12,16.799999237060547,16.31999969482422,16.3700008392334,16.610000610351562,15500.0,16.610000610351562
2020-08-13,16.719999313354492,16.290000915527344,16.709999084472656,16.3799991607666,14400.0,16.3799991607666
2020-08-14,16.389999389648438,16.18000030517578,16.280000686645508,16.280000686645508,13400.0,16.280000686645508
2020-08-17,16.260000228881836,16.0,16.260000228881836,16.1299991607666,44300.0,16.1299991607666
2020-08-18,16.1299991607666,16.020000457763672,16.030000686645508,16.100000381469727,16500.0,16.100000381469727
2020-08-19,16.110000610351562,15.619999885559082,16.110000610351562,15.619999885559082,38900.0,15.619999885559082
2020-08-20,15.569999694824219,15.050000190734863,15.5,15.149999618530273,45500.0,15.149999618530273
2020-08-21,15.220000267028809,15.029999732971191,15.069999694824219,15.039999961853027,18100.0,15.039999961853027
2020-08-24,15.109999656677246,14.5,15.0,15.100000381469727,39600.0,15.100000381469727
2020-08-25,15.550000190734863,15.149999618530273,15.149999618530273,15.399999618530273,9100.0,15.399999618530273
2020-08-26,15.479999542236328,14.930000305175781,15.479999542236328,15.100000381469727,27200.0,15.100000381469727
2020-08-27,15.25,14.930000305175781,15.0,15.0,28900.0,15.0
2020-08-28,15.119999885559082,14.8100004196167,14.880000114440918,15.029999732971191,31600.0,15.029999732971191
2020-08-31,15.220000267028809,14.899999618530273,15.109999656677246,15.069999694824219,17700.0,15.069999694824219
2020-09-01,15.119999885559082,14.970000267028809,15.119999885559082,15.0600004196167,11200.0,15.0600004196167
2020-09-02,15.300000190734863,14.960000038146973,15.300000190734863,15.020000457763672,20300.0,15.020000457763672
2020-09-03,15.140000343322754,14.949999809265137,15.140000343322754,14.949999809265137,25600.0,14.949999809265137
2020-09-04,15.09000015258789,14.9399995803833,15.0,15.09000015258789,24500.0,15.09000015258789
2020-09-08,15.140000343322754,14.710000038146973,15.140000343322754,15.140000343322754,31800.0,15.140000343322754
2020-09-09,15.75,14.949999809265137,15.180000305175781,15.0,20100.0,15.0
2020-09-10,15.119999885559082,14.989999771118164,15.119999885559082,15.079999923706055,10700.0,15.079999923706055
2020-09-11,15.25,14.960000038146973,15.0,15.229999542236328,12100.0,15.229999542236328
2020-09-14,15.720000267028809,15.25,15.25,15.359999656677246,32000.0,15.359999656677246
2020-09-15,15.579999923706055,15.15999984741211,15.4399995803833,15.170000076293945,19400.0,15.170000076293945
2020-09-16,15.630000114440918,15.180000305175781,15.180000305175781,15.520000457763672,25300.0,15.520000457763672
2020-09-17,15.4399995803833,14.979999542236328,15.4399995803833,15.109999656677246,52200.0,15.109999656677246
2020-09-18,15.619999885559082,15.229999542236328,15.34000015258789,15.619999885559082,8100.0,15.619999885559082
2020-09-21,15.430000305175781,14.960000038146973,15.350000381469727,15.079999923706055,19700.0,15.079999923706055
2020-09-22,15.289999961853027,15.0,15.180000305175781,15.15999984741211,13200.0,15.15999984741211
2020-09-23,15.140000343322754,14.960000038146973,15.140000343322754,15.050000190734863,15800.0,15.050000190734863
2020-09-24,15.079999923706055,15.0,15.0,15.0,12200.0,15.0
2020-09-25,15.149999618530273,14.930000305175781,15.0,15.029999732971191,24800.0,15.029999732971191
2020-09-28,15.15999984741211,15.0,15.109999656677246,15.079999923706055,10300.0,15.079999923706055
2020-09-29,15.210000038146973,15.100000381469727,15.130000114440918,15.149999618530273,8200.0,15.149999618530273
2020-09-30,15.380000114440918,15.130000114440918,15.170000076293945,15.130000114440918,11900.0,15.130000114440918
2020-10-01,15.239999771118164,15.020000457763672,15.220000267028809,15.029999732971191,10000.0,15.029999732971191
2020-10-02,15.130000114440918,14.930000305175781,14.930000305175781,15.020000457763672,9000.0,15.020000457763672
