Date,High,Low,Open,Close,Volume,Adj Close
2018-01-02,68.93000030517578,68.08999633789062,68.81999969482422,68.37999725341797,306200.0,58.0776481628418
2018-01-03,68.76000213623047,68.05999755859375,68.33000183105469,68.47000122070312,266800.0,58.15409851074219
2018-01-04,68.5,67.44999694824219,68.4800033569336,67.5199966430664,292100.0,57.347232818603516
2018-01-05,68.0,67.45999908447266,67.5199966430664,67.69000244140625,294300.0,57.49161148071289
2018-01-08,67.81999969482422,67.3499984741211,67.69000244140625,67.7300033569336,259500.0,57.52558898925781
2018-01-09,67.76000213623047,67.18000030517578,67.76000213623047,67.20999908447266,246500.0,57.083927154541016
2018-01-10,66.98999786376953,64.9000015258789,66.98999786376953,65.48999786376953,525600.0,55.62307357788086
2018-01-11,65.97000122070312,65.02999877929688,65.73999786376953,65.43000030517578,381000.0,55.57210922241211
2018-01-12,65.55000305175781,64.6500015258789,65.25,64.94999694824219,326000.0,55.1644287109375
2018-01-16,66.41000366210938,65.1500015258789,65.76000213623047,65.22000122070312,457900.0,55.39375686645508
2018-01-17,66.18000030517578,65.36000061035156,65.66999816894531,65.97000122070312,361700.0,56.0307502746582
2018-01-18,65.68000030517578,64.25,65.6500015258789,64.37999725341797,383900.0,54.680301666259766
2018-01-19,64.91999816894531,64.25,64.37000274658203,64.75,380000.0,54.99456787109375
2018-01-22,65.41000366210938,64.75,64.75,65.36000061035156,351100.0,55.51266098022461
2018-01-23,66.2699966430664,65.26000213623047,65.70999908447266,66.2699966430664,378100.0,56.28555679321289
2018-01-24,66.37999725341797,65.16000366210938,66.19999694824219,65.6500015258789,350500.0,55.75896453857422
2018-01-25,66.06999969482422,65.30000305175781,65.95999908447266,65.80999755859375,336000.0,55.89485168457031
2018-01-26,66.0,65.1500015258789,66.0,65.55999755859375,275400.0,55.68252182006836
2018-01-29,65.48999786376953,64.11000061035156,65.2300033569336,64.37000274658203,356000.0,54.671817779541016
2018-01-30,64.26000213623047,63.45000076293945,64.05000305175781,63.810001373291016,300900.0,54.196189880371094
2018-01-31,64.81999969482422,63.869998931884766,64.18000030517578,64.80999755859375,506400.0,55.04552459716797
2018-02-01,65.4800033569336,63.58000183105469,64.86000061035156,63.720001220703125,404700.0,54.1197395324707
2018-02-02,63.459999084472656,62.25,63.16999816894531,63.06999969482422,469800.0,53.56768035888672
2018-02-05,63.599998474121094,61.06999969482422,62.86000061035156,61.119998931884766,469000.0,51.91147232055664
2018-02-06,61.959999084472656,59.5,60.40999984741211,61.33000183105469,796000.0,52.0898323059082
2018-02-07,62.31999969482422,60.849998474121094,61.599998474121094,60.86000061035156,454100.0,51.690650939941406
2018-02-08,61.220001220703125,59.2400016784668,60.90999984741211,59.2400016784668,619800.0,50.31471252441406
2018-02-09,61.58000183105469,59.41999816894531,59.47999954223633,61.150001525878906,514100.0,51.936954498291016
2018-02-12,61.5,59.22999954223633,61.4900016784668,61.099998474121094,494200.0,51.89448165893555
2018-02-13,61.400001525878906,60.400001525878906,61.11000061035156,61.15999984741211,352600.0,51.94544219970703
2018-02-14,60.88999938964844,60.0,60.619998931884766,60.36000061035156,385100.0,51.26597213745117
2018-02-15,61.29999923706055,60.58000183105469,60.79999923706055,61.20000076293945,364000.0,51.97941589355469
2018-02-16,62.11000061035156,61.279998779296875,61.310001373291016,61.790000915527344,275300.0,52.48052215576172
2018-02-20,62.0,60.25,61.61000061035156,60.2599983215332,400400.0,51.181034088134766
2018-02-21,60.61000061035156,59.5099983215332,60.2599983215332,59.529998779296875,535000.0,50.56101608276367
2018-02-22,60.689998626708984,59.630001068115234,59.630001068115234,60.0099983215332,339100.0,50.96870422363281
2018-02-23,61.150001525878906,60.040000915527344,60.040000915527344,60.66999816894531,617700.0,51.52927017211914
2018-02-26,61.130001068115234,60.560001373291016,61.130001068115234,61.029998779296875,366800.0,51.83502960205078
2018-02-27,61.560001373291016,59.939998626708984,61.560001373291016,60.08000183105469,444900.0,51.028160095214844
2018-02-28,60.869998931884766,59.900001525878906,60.45000076293945,59.91999816894531,569100.0,50.89226531982422
2018-03-01,60.59000015258789,59.400001525878906,60.06999969482422,59.970001220703125,411500.0,50.93473434448242
2018-03-02,60.220001220703125,59.45000076293945,59.869998931884766,60.130001068115234,328800.0,51.07062530517578
2018-03-05,61.40999984741211,60.0099983215332,60.0099983215332,60.77000045776367,377700.0,51.614200592041016
2018-03-06,61.130001068115234,60.15999984741211,60.66999816894531,60.959999084472656,375900.0,51.77557373046875
2018-03-07,61.400001525878906,60.560001373291016,60.790000915527344,61.33000183105469,299600.0,52.0898323059082
2018-03-08,61.4900016784668,60.95000076293945,61.349998474121094,61.16999816894531,224000.0,51.95393753051758
2018-03-09,61.56999969482422,60.849998474121094,61.27000045776367,61.56999969482422,334600.0,52.29366683959961
2018-03-12,62.369998931884766,61.220001220703125,61.5,61.97999954223633,381600.0,52.64190673828125
2018-03-13,62.45000076293945,61.68000030517578,62.22999954223633,61.900001525878906,272400.0,52.573951721191406
2018-03-14,62.20000076293945,61.70000076293945,61.970001220703125,61.900001525878906,306900.0,52.573951721191406
2018-03-15,62.2599983215332,61.540000915527344,61.95000076293945,61.93000030517578,287800.0,52.59943771362305
2018-03-16,62.619998931884766,61.630001068115234,62.0,62.439998626708984,424900.0,53.032588958740234
2018-03-19,62.220001220703125,61.4900016784668,62.220001220703125,61.959999084472656,343000.0,52.62491226196289
2018-03-20,62.29999923706055,61.61000061035156,62.0,61.93000030517578,268600.0,52.59943771362305
2018-03-21,62.04999923706055,61.130001068115234,61.880001068115234,61.59000015258789,290500.0,52.31066131591797
2018-03-22,62.31999969482422,61.15999984741211,61.439998626708984,61.18000030517578,367400.0,51.962432861328125
2018-03-23,61.369998931884766,60.5,61.310001373291016,60.59000015258789,410800.0,51.46132278442383
2018-03-26,61.38999938964844,60.619998931884766,61.0,61.34000015258789,384700.0,52.09832000732422
2018-03-27,62.619998931884766,60.79999923706055,61.5,61.869998931884766,499600.0,52.5484733581543
2018-03-28,62.43000030517578,61.099998474121094,61.16999816894531,62.15999984741211,513400.0,53.67534637451172
2018-03-29,62.560001373291016,61.75,62.27000045776367,61.9900016784668,448500.0,53.52854537963867
2018-04-02,62.4900016784668,60.84000015258789,61.849998474121094,61.20000076293945,333400.0,52.84638214111328
2018-04-03,62.5,61.09000015258789,61.33000183105469,62.2599983215332,488500.0,53.76169204711914
2018-04-04,62.79999923706055,61.79999923706055,61.79999923706055,62.54999923706055,336900.0,54.01211166381836
2018-04-05,62.75,61.900001525878906,62.56999969482422,62.41999816894531,326100.0,53.89985275268555
2018-04-06,62.97999954223633,61.959999084472656,62.41999816894531,62.31999969482422,261400.0,53.813507080078125
2018-04-09,62.630001068115234,62.0099983215332,62.439998626708984,62.040000915527344,233200.0,53.571720123291016
2018-04-10,62.470001220703125,61.84000015258789,62.2400016784668,62.0099983215332,397800.0,53.545814514160156
2018-04-11,62.38999938964844,61.810001373291016,61.970001220703125,62.16999816894531,380000.0,53.68397903442383
2018-04-12,62.22999954223633,61.09000015258789,62.22999954223633,61.130001068115234,428700.0,52.78593444824219
2018-04-13,61.58000183105469,60.869998931884766,61.279998779296875,61.54999923706055,321700.0,53.14860534667969
2018-04-16,62.56999969482422,61.599998474121094,61.79999923706055,62.220001220703125,346200.0,53.72715377807617
2018-04-17,63.18000030517578,61.95000076293945,62.290000915527344,62.66999816894531,310900.0,54.11573028564453
2018-04-18,63.04999923706055,62.369998931884766,62.90999984741211,62.45000076293945,270600.0,53.925758361816406
2018-04-19,62.369998931884766,61.22999954223633,62.29999923706055,61.75,302000.0,53.32130432128906
2018-04-20,62.209999084472656,60.970001220703125,61.849998474121094,61.290000915527344,382700.0,52.924095153808594
2018-04-23,61.68000030517578,60.970001220703125,61.31999969482422,61.369998931884766,319500.0,52.9931755065918
2018-04-24,62.310001373291016,61.150001525878906,61.540000915527344,62.2400016784668,473600.0,53.74442672729492
2018-04-25,62.45000076293945,61.65999984741211,62.130001068115234,62.349998474121094,243000.0,53.83940887451172
2018-04-26,63.29999923706055,62.29999923706055,62.58000183105469,63.040000915527344,290700.0,54.43522644042969
2018-04-27,64.02999877929688,62.83000183105469,63.0099983215332,63.84000015258789,324600.0,55.12602996826172
2018-04-30,64.23999786376953,63.40999984741211,63.869998931884766,63.849998474121094,465900.0,55.1346549987793
2018-05-01,64.29000091552734,63.029998779296875,63.7599983215332,64.0199966430664,565100.0,55.281455993652344
2018-05-02,64.0,62.77000045776367,63.79999923706055,63.72999954223633,434100.0,55.03104019165039
2018-05-03,64.05999755859375,63.349998474121094,63.5,63.54999923706055,345800.0,54.8756103515625
2018-05-04,64.29000091552734,63.02000045776367,63.20000076293945,64.19000244140625,261700.0,55.42824935913086
2018-05-07,65.69999694824219,64.43000030517578,64.58999633789062,65.5199966430664,735600.0,56.57670211791992
2018-05-08,65.83999633789062,65.1500015258789,65.33999633789062,65.54000091552734,615300.0,56.59397888183594
2018-05-09,66.18000030517578,65.3499984741211,65.52999877929688,65.98999786376953,446300.0,56.982547760009766
2018-05-10,66.29000091552734,65.77999877929688,66.19999694824219,66.16999816894531,287700.0,57.13798904418945
2018-05-11,66.5999984741211,65.69999694824219,66.23999786376953,65.80999755859375,293400.0,56.82712936401367
2018-05-14,65.93000030517578,64.9000015258789,65.80999755859375,65.38999938964844,253400.0,56.46445846557617
2018-05-15,65.18000030517578,64.5199966430664,65.08000183105469,64.75,399700.0,55.91181564331055
2018-05-16,65.1500015258789,64.70999908447266,64.91999816894531,64.7300033569336,282300.0,55.894554138183594
2018-05-17,64.87000274658203,63.939998626708984,64.80000305175781,64.04000091552734,336100.0,55.298728942871094
2018-05-18,64.45999908447266,63.90999984741211,64.44999694824219,64.44000244140625,280800.0,55.644134521484375
2018-05-21,65.2300033569336,64.05000305175781,64.5999984741211,64.87999725341797,255700.0,56.024070739746094
2018-05-22,65.23999786376953,64.70999908447266,64.91000366210938,65.04000091552734,332100.0,56.162235260009766
2018-05-23,66.05999755859375,65.0,65.05999755859375,65.76000213623047,257000.0,56.783958435058594
2018-05-24,66.0,65.0199966430664,65.75,65.5199966430664,367500.0,56.57670211791992
2018-05-25,66.0,65.52999877929688,65.58999633789062,65.77999877929688,202100.0,56.80122375488281
2018-05-29,66.62999725341797,65.41999816894531,65.58000183105469,66.61000061035156,441200.0,57.5179328918457
2018-05-30,67.5199966430664,66.16999816894531,66.62000274658203,67.11000061035156,325300.0,57.949684143066406
2018-05-31,67.4000015258789,66.66999816894531,67.0,67.20999908447266,393200.0,58.03602981567383
2018-06-01,67.56999969482422,66.88999938964844,67.2300033569336,67.25,303600.0,58.0705680847168
2018-06-04,67.69000244140625,67.04000091552734,67.43000030517578,67.6500015258789,288200.0,58.41597366333008
2018-06-05,67.87000274658203,67.08999633789062,67.83000183105469,67.22000122070312,385600.0,58.04467010498047
2018-06-06,67.44000244140625,66.80000305175781,67.2300033569336,67.18000030517578,374000.0,58.01012420654297
2018-06-07,67.37999725341797,66.70999908447266,67.18000030517578,67.08999633789062,349800.0,57.93240737915039
2018-06-08,67.41000366210938,66.81999969482422,67.08000183105469,66.95999908447266,270200.0,57.820159912109375
2018-06-11,66.98999786376953,66.47000122070312,66.9000015258789,66.79000091552734,304300.0,57.67335891723633
2018-06-12,67.44999694824219,66.58000183105469,66.7699966430664,67.13999938964844,323900.0,57.9755859375
2018-06-13,67.4800033569336,65.62000274658203,67.25,65.87999725341797,259400.0,56.887569427490234
2018-06-14,67.05999755859375,66.0199966430664,66.16999816894531,66.97000122070312,322600.0,57.82878494262695
2018-06-15,67.45999908447266,66.93000030517578,67.0999984741211,67.02999877929688,373900.0,57.8806037902832
2018-06-18,66.62000274658203,64.87000274658203,66.19000244140625,65.76000213623047,1048600.0,56.783958435058594
2018-06-19,66.73999786376953,65.80000305175781,65.80000305175781,65.86000061035156,698100.0,56.870304107666016
2018-06-20,66.72000122070312,65.75,65.95999908447266,66.37000274658203,289700.0,57.310691833496094
2018-06-21,66.41000366210938,65.62000274658203,66.30999755859375,65.76000213623047,457400.0,56.783958435058594
2018-06-22,66.56999969482422,65.70999908447266,66.0,66.45999908447266,574100.0,57.38840866088867
2018-06-25,66.62000274658203,65.8499984741211,66.45999908447266,66.33000183105469,411100.0,57.27615737915039
2018-06-26,66.66000366210938,66.18000030517578,66.33000183105469,66.23999786376953,397600.0,57.19843673706055
2018-06-27,67.01000213623047,66.16999816894531,66.55000305175781,66.2699966430664,351000.0,57.224342346191406
2018-06-28,66.26000213623047,65.20999908447266,65.25,66.19000244140625,397100.0,58.04872512817383
2018-06-29,66.86000061035156,65.55999755859375,66.04000091552734,66.3499984741211,429900.0,58.18904113769531
2018-07-02,66.51000213623047,64.93000030517578,66.2300033569336,65.63999938964844,378400.0,57.566368103027344
2018-07-03,67.0199966430664,65.66999816894531,65.66999816894531,66.4800033569336,292200.0,58.30305480957031
2018-07-05,67.30999755859375,66.33000183105469,66.6500015258789,67.25,257900.0,58.97834014892578
2018-07-06,67.98999786376953,67.41999816894531,67.41999816894531,67.94000244140625,224300.0,59.583473205566406
2018-07-09,68.19000244140625,66.91999816894531,68.0,67.2699966430664,349900.0,58.995887756347656
2018-07-10,67.30999755859375,66.94000244140625,67.30000305175781,67.05999755859375,337200.0,58.811710357666016
2018-07-11,67.20999908447266,66.55000305175781,67.0,66.66000366210938,207400.0,58.46091842651367
2018-07-12,67.08999633789062,66.45999908447266,66.70999908447266,66.87999725341797,239300.0,58.65385055541992
2018-07-13,67.25,66.66000366210938,66.95999908447266,66.77999877929688,147600.0,58.5661506652832
2018-07-16,66.66000366210938,65.91000366210938,66.55000305175781,66.08999633789062,458800.0,57.96101760864258
2018-07-17,66.33000183105469,65.47000122070312,65.94999694824219,65.55000305175781,436900.0,57.4874382019043
2018-07-18,65.83999633789062,65.06999969482422,65.47000122070312,65.56999969482422,240200.0,57.50497817993164
2018-07-19,66.55999755859375,65.47000122070312,65.56999969482422,66.33999633789062,258500.0,58.18027114868164
2018-07-20,66.51000213623047,65.69999694824219,66.3499984741211,66.0199966430664,203100.0,57.89963150024414
2018-07-23,66.13999938964844,65.2699966430664,66.08999633789062,65.55999755859375,263300.0,57.496212005615234
2018-07-24,65.55000305175781,64.66000366210938,65.52999877929688,64.80999755859375,362600.0,56.83845520019531
2018-07-25,65.3499984741211,64.79000091552734,64.83000183105469,65.05999755859375,199000.0,57.05770492553711
2018-07-26,65.73999786376953,65.0199966430664,65.2300033569336,65.27999877929688,162300.0,57.25064468383789
2018-07-27,65.54000091552734,64.54000091552734,65.52999877929688,64.62000274658203,211200.0,56.671836853027344
2018-07-30,64.97000122070312,64.38999938964844,64.68000030517578,64.66000366210938,292500.0,56.7069091796875
2018-07-31,66.0199966430664,64.8499984741211,64.8499984741211,65.37999725341797,307100.0,57.33834457397461
2018-08-01,65.80000305175781,64.5999984741211,65.12999725341797,65.69999694824219,261900.0,57.61899185180664
2018-08-02,66.04000091552734,65.13999938964844,65.55999755859375,65.58999633789062,278500.0,57.52251434326172
2018-08-03,66.30000305175781,64.94000244140625,66.05000305175781,65.45999908447266,338600.0,57.408512115478516
2018-08-06,65.9000015258789,65.44000244140625,65.5199966430664,65.69000244140625,310000.0,57.61022186279297
2018-08-07,65.69000244140625,65.2699966430664,65.58999633789062,65.62000274658203,300100.0,57.548828125
2018-08-08,65.91000366210938,65.37000274658203,65.61000061035156,65.55000305175781,312700.0,57.4874382019043
2018-08-09,66.0,65.58000183105469,65.72000122070312,65.66999816894531,238600.0,57.592674255371094
2018-08-10,65.77999877929688,64.9000015258789,65.5999984741211,64.9000015258789,274600.0,56.91739273071289
2018-08-13,65.19000244140625,64.69000244140625,65.12999725341797,64.73999786376953,287100.0,56.777069091796875
2018-08-14,65.02999877929688,64.69999694824219,64.73999786376953,64.7699966430664,223500.0,56.803375244140625
2018-08-15,65.43000030517578,64.73999786376953,64.73999786376953,65.37000274658203,220200.0,57.32958221435547
2018-08-16,65.66000366210938,65.13999938964844,65.37000274658203,65.54000091552734,274300.0,57.478668212890625
2018-08-17,66.30000305175781,65.52999877929688,65.55999755859375,66.27999877929688,313800.0,58.12764358520508
2018-08-20,66.87999725341797,66.27999877929688,66.27999877929688,66.5199966430664,228100.0,58.33812713623047
2018-08-21,66.6500015258789,66.11000061035156,66.5199966430664,66.31999969482422,254800.0,58.1627311706543
2018-08-22,66.27999877929688,65.13999938964844,66.23999786376953,65.51000213623047,358100.0,57.45236587524414
2018-08-23,65.8499984741211,65.30000305175781,65.48999786376953,65.37999725341797,188800.0,57.33834457397461
2018-08-24,65.98999786376953,65.25,65.33000183105469,65.91000366210938,215600.0,57.80316162109375
2018-08-27,66.18000030517578,65.58000183105469,65.98999786376953,65.81999969482422,232800.0,57.7242317199707
2018-08-28,66.80000305175781,65.83000183105469,65.87000274658203,66.75,297000.0,58.539833068847656
2018-08-29,67.19000244140625,66.58999633789062,66.87000274658203,66.63999938964844,266000.0,58.4433708190918
2018-08-30,67.08000183105469,66.31999969482422,66.75,66.31999969482422,187000.0,58.1627311706543
2018-08-31,66.83999633789062,66.22000122070312,66.33000183105469,66.58000183105469,288500.0,58.39075469970703
2018-09-04,67.11000061035156,65.77999877929688,66.66000366210938,65.88999938964844,431400.0,57.78561782836914
2018-09-05,66.55000305175781,65.5,65.7699966430664,66.37999725341797,246500.0,58.2153434753418
2018-09-06,66.55000305175781,66.20999908447266,66.55000305175781,66.26000213623047,217400.0,58.11011505126953
2018-09-07,66.1500015258789,65.05999755859375,66.11000061035156,65.18000030517578,294600.0,57.16294860839844
2018-09-10,65.83999633789062,65.08999633789062,65.33000183105469,65.54000091552734,228100.0,57.478668212890625
2018-09-11,65.75,65.26000213623047,65.56999969482422,65.3499984741211,211500.0,57.31203842163086
2018-09-12,65.75,65.11000061035156,65.3499984741211,65.33000183105469,221700.0,57.294498443603516
2018-09-13,65.9800033569336,65.2699966430664,65.5999984741211,65.5999984741211,233800.0,57.531288146972656
2018-09-14,65.6500015258789,64.62000274658203,65.48999786376953,65.38999938964844,370600.0,57.34712219238281
2018-09-17,65.7300033569336,65.06999969482422,65.37000274658203,65.55999755859375,443800.0,57.496212005615234
2018-09-18,65.69999694824219,65.19000244140625,65.66999816894531,65.4800033569336,276200.0,57.426055908203125
2018-09-19,65.45999908447266,64.69000244140625,65.45999908447266,64.86000061035156,380100.0,56.88230895996094
2018-09-20,66.08000183105469,64.69999694824219,64.91999816894531,66.0,360800.0,57.8820915222168
2018-09-21,66.23999786376953,65.55000305175781,65.86000061035156,65.7699966430664,607400.0,57.68037414550781
2018-09-24,65.69000244140625,64.26000213623047,65.66999816894531,64.77999877929688,644900.0,56.81214904785156
2018-09-25,65.33999633789062,64.58000183105469,64.9000015258789,64.7699966430664,400400.0,56.803375244140625
2018-09-26,64.9000015258789,63.79999923706055,64.8499984741211,63.869998931884766,504300.0,56.01408004760742
2018-09-27,64.52999877929688,63.900001525878906,64.0,64.20999908447266,406800.0,56.312255859375
2018-09-28,64.33000183105469,63.369998931884766,63.709999084472656,64.30999755859375,566900.0,57.31488800048828
2018-10-01,64.3499984741211,63.459999084472656,64.27999877929688,63.66999816894531,698800.0,56.744503021240234
2018-10-02,64.19000244140625,63.2599983215332,63.68000030517578,63.4900016784668,395100.0,56.584083557128906
2018-10-03,64.1500015258789,62.79999923706055,63.560001373291016,63.02000045776367,499400.0,56.16521072387695
2018-10-04,63.06999969482422,62.119998931884766,62.77000045776367,62.880001068115234,587300.0,56.04043960571289
2018-10-05,63.77000045776367,62.900001525878906,62.959999084472656,62.939998626708984,448500.0,56.09390640258789
2018-10-08,64.20999908447266,62.97999954223633,62.97999954223633,64.02999877929688,399700.0,57.06534194946289
2018-10-09,64.41999816894531,63.79999923706055,64.02999877929688,64.29000091552734,231800.0,57.29706954956055
2018-10-10,64.98999786376953,63.779998779296875,64.11000061035156,63.779998779296875,820800.0,56.8425407409668
2018-10-11,64.2300033569336,62.77000045776367,63.84000015258789,62.93000030517578,834000.0,56.08499526977539
2018-10-12,63.68000030517578,62.709999084472656,63.349998474121094,63.150001525878906,772300.0,56.28106689453125
2018-10-15,64.30000305175781,63.2599983215332,63.630001068115234,63.65999984741211,494300.0,56.735591888427734
2018-10-16,64.91000366210938,63.349998474121094,63.720001220703125,64.68000030517578,391000.0,57.6446418762207
2018-10-17,64.93000030517578,64.16999816894531,64.5999984741211,64.69000244140625,349700.0,57.65355682373047
2018-10-18,65.30999755859375,64.5,64.66000366210938,64.76000213623047,455600.0,57.7159423828125
2018-10-19,65.41999816894531,64.79000091552734,64.79000091552734,65.12000274658203,333600.0,58.03679275512695
2018-10-22,65.73999786376953,64.62000274658203,65.25,64.69000244140625,428100.0,57.65355682373047
2018-10-23,66.05999755859375,64.5,64.5,65.77999877929688,557000.0,58.624996185302734
2018-10-24,67.19000244140625,65.93000030517578,65.94000244140625,66.72000122070312,1059800.0,59.46274948120117
2018-10-25,67.5,66.3499984741211,66.80000305175781,67.25,501700.0,59.93510818481445
2018-10-26,67.27999877929688,65.4000015258789,67.08000183105469,65.98999786376953,362100.0,58.81214904785156
2018-10-29,67.06999969482422,66.05999755859375,66.19999694824219,66.43000030517578,399100.0,59.20429611206055
2018-10-30,67.6500015258789,66.11000061035156,66.11000061035156,66.66999816894531,500700.0,59.41818618774414
2018-10-31,66.87000274658203,65.97000122070312,66.4000015258789,66.01000213623047,924500.0,58.829978942871094
2018-11-01,65.5,63.20000076293945,63.56999969482422,64.9000015258789,5685100.0,57.84071731567383
2018-11-02,66.58999633789062,65.0199966430664,65.0199966430664,65.5999984741211,14329700.0,58.46457290649414
2018-11-05,66.0,64.27999877929688,64.91000366210938,64.7300033569336,2816000.0,57.689212799072266
2018-11-06,65.5999984741211,63.77000045776367,64.7300033569336,64.98999786376953,2512000.0,57.92092514038086
2018-11-07,65.77999877929688,64.54000091552734,65.0,65.11000061035156,2050400.0,58.02787399291992
2018-11-08,65.3499984741211,63.880001068115234,64.69000244140625,65.05000305175781,1475300.0,57.974403381347656
2018-11-09,65.12000274658203,63.959999084472656,64.51000213623047,64.56999969482422,1171700.0,57.54661178588867
2018-11-12,66.5,64.51000213623047,64.56999969482422,66.22000122070312,2665100.0,59.01714324951172
2018-11-13,66.44000244140625,65.37999725341797,65.5999984741211,65.93000030517578,1876100.0,58.7586784362793
2018-11-14,66.79000091552734,65.91000366210938,65.91000366210938,66.55999755859375,1703000.0,59.320152282714844
2018-11-15,66.83000183105469,65.16000366210938,66.27999877929688,66.66000366210938,2340000.0,59.40927505493164
2018-11-16,68.62000274658203,66.16999816894531,66.16999816894531,68.5999984741211,5365500.0,61.13825988769531
2018-11-19,69.41000366210938,68.2300033569336,68.88999938964844,68.5999984741211,1964100.0,61.13825988769531
2018-11-20,68.97000122070312,67.95999908447266,68.41999816894531,68.41000366210938,1791000.0,60.96893310546875
2018-11-21,68.80000305175781,68.0999984741211,68.5,68.20999908447266,1449800.0,60.79068374633789
2018-11-23,68.94000244140625,67.80999755859375,68.16000366210938,68.44000244140625,884700.0,60.995662689208984
2018-11-26,68.7699966430664,67.19000244140625,68.6500015258789,67.43000030517578,1483300.0,60.095523834228516
2018-11-27,67.69000244140625,66.94999694824219,67.41999816894531,67.44000244140625,1632200.0,60.104434967041016
2018-11-28,68.18000030517578,66.94000244140625,67.30000305175781,67.94000244140625,1396500.0,60.550048828125
2018-11-29,68.16999816894531,67.7300033569336,68.0,67.79000091552734,2399300.0,60.41636276245117
2018-11-30,67.9800033569336,66.97000122070312,67.77999877929688,67.75,4619400.0,60.38071823120117
2018-12-03,68.81999969482422,67.56999969482422,67.9000015258789,68.7300033569336,2146300.0,61.25411605834961
2018-12-04,69.02999877929688,68.16000366210938,68.69999694824219,68.33999633789062,1486100.0,60.90653991699219
2018-12-06,70.0,67.0,67.38999938964844,70.0,3545400.0,62.3859748840332
2018-12-07,70.41000366210938,69.20999908447266,69.9000015258789,69.62999725341797,2194100.0,62.056217193603516
2018-12-10,70.25,69.08999633789062,69.75,70.08000183105469,2393600.0,62.457279205322266
2018-12-11,71.29000091552734,70.19000244140625,70.29000091552734,70.51000213623047,1857800.0,62.84050369262695
2018-12-12,71.25,69.27999877929688,70.86000061035156,69.27999877929688,1647800.0,61.74429702758789
2018-12-13,70.73999786376953,69.25,69.29000091552734,70.52999877929688,1787100.0,62.85832595825195
2018-12-14,70.69000244140625,70.0199966430664,70.29000091552734,70.58000183105469,1486900.0,62.90289306640625
2018-12-17,70.79000091552734,68.12999725341797,70.52999877929688,68.5,2364100.0,61.049137115478516
2018-12-18,69.72000122070312,68.33000183105469,68.83999633789062,69.19000244140625,3323000.0,61.664085388183594
2018-12-19,69.52999877929688,68.5199966430664,69.12999725341797,68.79000091552734,2707100.0,61.30760955810547
2018-12-20,69.20999908447266,67.55000305175781,68.94999694824219,68.0,2359100.0,60.60352325439453
2018-12-21,69.08999633789062,68.05999755859375,68.36000061035156,68.4000015258789,7737800.0,60.960018157958984
2018-12-24,68.51000213623047,64.63999938964844,68.26000213623047,64.8499984741211,1023500.0,57.7961540222168
2018-12-26,66.25,63.91999816894531,65.08999633789062,66.22000122070312,1296200.0,59.01714324951172
2018-12-27,66.4800033569336,64.56999969482422,65.83000183105469,66.38999938964844,1354600.0,59.16865158081055
2018-12-28,66.20999908447266,64.7699966430664,65.91999816894531,65.19000244140625,1137900.0,59.01475143432617
2018-12-31,65.33999633789062,64.38999938964844,65.22000122070312,65.33999633789062,1095200.0,59.150535583496094
2019-01-02,64.77999877929688,63.7599983215332,64.70999908447266,64.13999938964844,1153700.0,58.064205169677734
2019-01-03,65.5199966430664,63.939998626708984,63.939998626708984,64.91999816894531,1010100.0,58.770320892333984
2019-01-04,66.12000274658203,64.86000061035156,65.11000061035156,65.95999908447266,1038000.0,59.71181106567383
2019-01-07,67.19999694824219,65.88999938964844,66.0199966430664,66.5999984741211,1056900.0,60.29117965698242
2019-01-08,68.4000015258789,66.73999786376953,66.83999633789062,68.12000274658203,1332400.0,61.667198181152344
2019-01-09,68.45999908447266,67.5,68.0999984741211,68.29000091552734,847400.0,61.82108688354492
2019-01-10,69.36000061035156,67.86000061035156,68.16000366210938,69.11000061035156,1185300.0,62.56342315673828
2019-01-11,69.26000213623047,68.51000213623047,69.26000213623047,68.81999969482422,724800.0,62.30088806152344
2019-01-14,68.79000091552734,68.16000366210938,68.63999938964844,68.30000305175781,799800.0,61.83015441894531
2019-01-15,69.51000213623047,68.33000183105469,68.47000122070312,69.30000305175781,960100.0,62.73543167114258
2019-01-16,69.73999786376953,68.95999908447266,69.16000366210938,69.66000366210938,940200.0,63.06131362915039
2019-01-17,69.9800033569336,69.2699966430664,69.51000213623047,69.68000030517578,774000.0,63.07941818237305
2019-01-18,69.9000015258789,69.36000061035156,69.63999938964844,69.8499984741211,591300.0,63.233314514160156
2019-01-22,69.95999908447266,69.33000183105469,69.83999633789062,69.91000366210938,754000.0,63.287635803222656
2019-01-23,70.25,69.63999938964844,69.88999938964844,70.11000061035156,1145800.0,63.468692779541016
2019-01-24,70.98999786376953,69.80000305175781,70.1500015258789,70.69000244140625,1068500.0,63.99375915527344
2019-01-25,71.77999877929688,70.79000091552734,70.9000015258789,71.77999877929688,1106300.0,64.9804916381836
2019-01-28,72.61000061035156,71.16999816894531,71.44999694824219,72.5,1043600.0,65.63229370117188
2019-01-29,73.48999786376953,71.9800033569336,72.44999694824219,73.4800033569336,1046600.0,66.51947784423828
2019-01-30,74.25,73.30000305175781,73.47000122070312,74.13999938964844,1095100.0,67.11695098876953
2019-01-31,74.9000015258789,73.54000091552734,74.12999725341797,74.88999938964844,1273200.0,67.79590606689453
2019-02-01,74.86000061035156,73.37000274658203,74.86000061035156,74.44999694824219,1392100.0,67.39757537841797
2019-02-04,74.69999694824219,73.63999938964844,74.12000274658203,74.69999694824219,893800.0,67.6239013671875
2019-02-05,74.98999786376953,74.26000213623047,74.72000122070312,74.97000122070312,918200.0,67.86831665039062
2019-02-06,74.94000244140625,74.25,74.8499984741211,74.31999969482422,1338700.0,67.2798843383789
2019-02-07,75.33000183105469,73.95999908447266,74.08999633789062,75.1500015258789,883500.0,68.03126525878906
2019-02-08,75.66000366210938,74.8499984741211,74.91999816894531,75.48999786376953,708700.0,68.33905792236328
2019-02-11,75.7300033569336,75.19000244140625,75.33000183105469,75.62999725341797,872000.0,68.46580505371094
2019-02-12,75.75,75.0199966430664,75.62999725341797,75.33999633789062,1020400.0,68.2032699584961
2019-02-13,75.56999969482422,74.6500015258789,75.16000366210938,75.01000213623047,834600.0,67.90452575683594
2019-02-14,75.33999633789062,74.56999969482422,74.98999786376953,75.13999938964844,613900.0,68.022216796875
2019-02-15,75.37999725341797,74.87999725341797,75.16999816894531,75.19999694824219,695900.0,68.07653045654297
2019-02-19,75.48999786376953,74.94999694824219,75.08999633789062,75.19000244140625,839200.0,68.06748962402344
2019-02-20,75.08000183105469,73.7300033569336,75.0,74.18000030517578,934700.0,67.15315246582031
2019-02-21,74.72000122070312,73.54000091552734,74.18000030517578,74.4000015258789,1115700.0,67.35231018066406
2019-02-22,75.23999786376953,74.0,74.0,74.75,955900.0,67.66915893554688
2019-02-25,74.75,73.86000061035156,74.68000030517578,74.16999816894531,802100.0,67.14410400390625
2019-02-26,74.5,73.83999633789062,74.5,74.04000091552734,714000.0,67.02642059326172
2019-02-27,73.8499984741211,72.94000244140625,73.6500015258789,73.51000213623047,699400.0,66.54662322998047
2019-02-28,74.25,73.0,73.44000244140625,73.87000274658203,1296800.0,66.87251281738281
2019-03-01,74.04000091552734,72.58000183105469,73.9000015258789,73.55999755859375,906500.0,66.59187316894531
2019-03-04,73.9000015258789,72.51000213623047,73.75,73.58999633789062,1159900.0,66.61903381347656
2019-03-05,74.61000061035156,73.37999725341797,73.55000305175781,74.19999694824219,964800.0,67.17125701904297
2019-03-06,74.91999816894531,74.06999969482422,74.12999725341797,74.4800033569336,791400.0,67.42475128173828
2019-03-07,75.19999694824219,74.33000183105469,74.56999969482422,74.47000122070312,1033000.0,67.41568756103516
2019-03-08,75.44999694824219,74.44999694824219,74.44999694824219,75.2300033569336,1173000.0,68.10369110107422
2019-03-11,75.88999938964844,75.12000274658203,75.4000015258789,75.7699966430664,1007000.0,68.59253692626953
2019-03-12,77.05999755859375,75.94999694824219,75.94999694824219,76.77999877929688,1487400.0,69.50687408447266
2019-03-13,77.43000030517578,76.69999694824219,76.80999755859375,76.7300033569336,1763900.0,69.46161651611328
2019-03-14,77.41000366210938,77.0,77.0,77.0,2170800.0,69.70603942871094
2019-03-15,77.43000030517578,76.91000366210938,77.37000274658203,77.13999938964844,5012200.0,69.832763671875
2019-03-18,77.72000122070312,76.25,77.2699966430664,76.66999816894531,1656000.0,69.40727996826172
2019-03-19,77.0,76.37999725341797,76.75,76.58000183105469,1450200.0,69.32581329345703
2019-03-20,77.23999786376953,76.22000122070312,76.58000183105469,76.8499984741211,738000.0,69.57022857666016
2019-03-21,78.0999984741211,76.5,76.7300033569336,77.91000366210938,1241600.0,70.52983093261719
2019-03-22,78.26000213623047,77.45999908447266,77.9000015258789,77.7699966430664,1129100.0,70.403076171875
2019-03-25,78.08000183105469,77.36000061035156,77.62000274658203,77.93000030517578,705800.0,70.54792785644531
2019-03-26,78.93000030517578,77.95999908447266,78.0,78.87999725341797,695900.0,71.4079360961914
2019-03-27,79.08000183105469,78.12000274658203,78.87999725341797,78.66000366210938,898200.0,71.20877075195312
2019-03-28,78.33999633789062,77.58999633789062,77.83999633789062,78.31999969482422,822900.0,71.84355926513672
2019-03-29,78.4800033569336,77.83000183105469,78.19000244140625,78.33000183105469,1166500.0,71.85272979736328
2019-04-01,78.25,77.16999816894531,78.01000213623047,77.91999816894531,982600.0,71.47663116455078
2019-04-02,78.69000244140625,77.5999984741211,77.86000061035156,78.56999969482422,1175900.0,72.07289123535156
2019-04-03,79.16999816894531,78.08999633789062,78.52999877929688,78.7699966430664,1077500.0,72.25633239746094
2019-04-04,78.75,77.75,78.73999786376953,78.16999816894531,647300.0,71.70596313476562
2019-04-05,78.4000015258789,77.91000366210938,78.06999969482422,78.30000305175781,496700.0,71.82521057128906
2019-04-08,78.25,77.55999755859375,78.19999694824219,77.9000015258789,514300.0,71.45828247070312
2019-04-09,78.0999984741211,77.41999816894531,77.87000274658203,77.52999877929688,622300.0,71.1188735961914
2019-04-10,78.4800033569336,77.68000030517578,77.86000061035156,78.36000061035156,638700.0,71.88023376464844
2019-04-11,78.9800033569336,78.25,78.47000122070312,78.86000061035156,593600.0,72.33889770507812
2019-04-12,79.37000274658203,78.33999633789062,78.75,79.37000274658203,550800.0,72.80672454833984
2019-04-15,79.75,78.80999755859375,79.45999908447266,79.23999786376953,559500.0,72.6874771118164
2019-04-16,79.26000213623047,77.05000305175781,79.26000213623047,77.13999938964844,565500.0,70.76112365722656
2019-04-17,77.41000366210938,75.83000183105469,77.38999938964844,75.95999908447266,688100.0,69.67870330810547
2019-04-18,76.93000030517578,75.91999816894531,76.0999984741211,76.70999908447266,509500.0,70.3666763305664
2019-04-22,76.69999694824219,75.8499984741211,76.5,76.33000183105469,621300.0,70.01811218261719
2019-04-23,77.4000015258789,76.25,76.62000274658203,77.20999908447266,593000.0,70.8253402709961
2019-04-24,78.5,77.44999694824219,77.44999694824219,78.12999725341797,520800.0,71.66927337646484
2019-04-25,78.3499984741211,77.43000030517578,77.80999755859375,78.13999938964844,453600.0,71.67843627929688
2019-04-26,78.94999694824219,78.1500015258789,78.25,78.9000015258789,1117300.0,72.37559509277344
2019-04-29,78.88999938964844,77.94999694824219,78.72000122070312,78.0,581400.0,71.55000305175781
2019-04-30,79.73999786376953,77.72000122070312,78.0,79.31999969482422,776600.0,72.76085662841797
2019-05-01,79.76000213623047,78.69000244140625,79.33000183105469,79.18000030517578,677200.0,72.6324462890625
2019-05-02,79.86000061035156,78.83000183105469,79.19999694824219,79.29000091552734,624300.0,72.73334503173828
2019-05-03,79.5,78.54000091552734,78.94000244140625,79.2300033569336,557200.0,72.67831420898438
2019-05-06,79.37000274658203,78.5199966430664,78.61000061035156,78.86000061035156,553200.0,72.33889770507812
2019-05-07,78.93000030517578,77.37999725341797,78.83999633789062,77.69999694824219,658600.0,71.27481842041016
2019-05-08,78.48999786376953,77.58999633789062,77.79000091552734,77.63999938964844,598100.0,71.21978759765625
2019-05-09,78.12999725341797,77.25,77.61000061035156,78.01000213623047,442500.0,71.55918884277344
2019-05-10,79.29000091552734,78.01000213623047,78.01000213623047,79.12999725341797,446000.0,72.58657836914062
2019-05-13,79.66000366210938,78.52999877929688,78.52999877929688,79.44000244140625,601500.0,72.87093353271484
2019-05-14,80.0,79.20999908447266,79.38999938964844,79.76000213623047,724900.0,73.16446685791016
2019-05-15,80.6500015258789,79.51000213623047,79.75,79.97000122070312,377900.0,73.35710906982422
2019-05-16,80.88999938964844,79.6500015258789,79.6500015258789,80.75,419600.0,74.0726089477539
2019-05-17,80.83999633789062,80.36000061035156,80.36000061035156,80.7300033569336,473600.0,74.05426788330078
2019-05-20,80.8499984741211,79.76000213623047,80.6500015258789,80.18000030517578,458100.0,73.54975891113281
2019-05-21,81.18000030517578,80.27999877929688,80.48999786376953,81.04000091552734,544200.0,74.33863067626953
2019-05-22,81.87000274658203,80.61000061035156,80.87000274658203,81.87000274658203,654500.0,75.10000610351562
2019-05-23,83.01000213623047,81.47000122070312,81.5,82.93000030517578,809900.0,76.07234191894531
2019-05-24,84.33999633789062,82.7300033569336,82.91000366210938,83.5999984741211,1096600.0,76.68693542480469
2019-05-28,84.4800033569336,82.88999938964844,84.0,82.91000366210938,1441000.0,76.05400085449219
2019-05-29,82.87999725341797,81.77999877929688,82.68000030517578,82.01000213623047,709500.0,75.22842407226562
2019-05-30,82.88999938964844,81.88999938964844,82.2300033569336,82.08000183105469,721200.0,75.2926254272461
2019-05-31,83.4800033569336,81.83999633789062,82.05999755859375,83.01000213623047,1090500.0,76.1457290649414
2019-06-03,83.58000183105469,82.7300033569336,83.26000213623047,83.51000213623047,801600.0,76.60437774658203
2019-06-04,83.4800033569336,81.87999725341797,83.33999633789062,82.54000091552734,836200.0,75.714599609375
2019-06-05,84.55999755859375,82.36000061035156,82.75,84.52999877929688,681100.0,77.54003143310547
2019-06-06,84.69000244140625,83.91000366210938,84.55999755859375,84.30999755859375,563900.0,77.33822631835938
2019-06-07,85.68000030517578,84.0,85.0,85.02999877929688,689200.0,77.99868774414062
2019-06-10,85.23999786376953,84.44999694824219,85.23999786376953,84.7699966430664,459400.0,77.76018524169922
2019-06-11,85.08999633789062,84.05000305175781,84.77999877929688,84.88999938964844,432200.0,77.87026977539062
2019-06-12,85.5,84.75,84.98999786376953,84.91000366210938,489900.0,77.88862609863281
2019-06-13,85.63999938964844,85.0,85.0,85.27999877929688,472300.0,78.22801971435547
2019-06-14,86.0,85.16999816894531,85.33999633789062,85.5,457100.0,78.4298324584961
2019-06-17,86.19000244140625,85.38999938964844,85.66000366210938,85.83000183105469,677000.0,78.73253631591797
2019-06-18,86.41000366210938,84.58999633789062,85.7699966430664,85.16999816894531,793300.0,78.12711334228516
2019-06-19,86.19999694824219,84.58999633789062,84.94999694824219,85.61000061035156,1626900.0,78.5307388305664
2019-06-20,86.26000213623047,85.47000122070312,85.80000305175781,86.0,1629900.0,78.88848876953125
2019-06-21,85.80000305175781,84.83000183105469,85.7300033569336,85.58000183105469,2951900.0,78.50320434570312
2019-06-24,86.12000274658203,85.13999938964844,85.83999633789062,85.62000274658203,1407100.0,78.53990936279297
2019-06-25,86.1500015258789,84.02999877929688,85.77999877929688,84.02999877929688,1755800.0,77.08137512207031
2019-06-26,84.3499984741211,81.13999938964844,84.23999786376953,81.30000305175781,1305600.0,74.5771255493164
2019-06-27,81.5199966430664,80.52999877929688,80.52999877929688,81.41999816894531,738800.0,75.64933776855469
2019-06-28,81.95999908447266,81.05000305175781,81.5,81.18000030517578,1585600.0,75.42636108398438
2019-07-01,81.62999725341797,79.08000183105469,81.62999725341797,80.33000183105469,1317500.0,74.6365966796875
2019-07-02,81.6500015258789,80.4800033569336,80.61000061035156,81.16000366210938,817300.0,75.40778350830078
2019-07-03,82.70999908447266,81.29000091552734,81.30000305175781,82.63999938964844,371100.0,76.78286743164062
2019-07-05,83.22000122070312,81.19999694824219,82.13999938964844,82.9800033569336,607200.0,77.09878540039062
2019-07-08,83.66999816894531,82.44999694824219,82.80000305175781,83.43000030517578,682700.0,77.51688385009766
2019-07-09,84.61000061035156,83.30999755859375,83.36000061035156,84.55000305175781,895000.0,78.55750274658203
2019-07-10,85.05000305175781,84.33999633789062,84.58999633789062,84.56999969482422,827900.0,78.57608795166016
2019-07-11,85.05000305175781,83.52999877929688,84.95999908447266,84.0,774000.0,78.04647827148438
2019-07-12,84.63999938964844,83.77999877929688,83.91999816894531,84.33000183105469,645000.0,78.35308837890625
2019-07-15,85.05000305175781,84.29000091552734,84.4800033569336,84.97000122070312,730700.0,78.94773864746094
2019-07-16,85.25,84.56999969482422,84.79000091552734,84.56999969482422,840900.0,78.57608795166016
2019-07-17,85.12000274658203,84.29000091552734,84.79000091552734,84.81999969482422,812900.0,78.80836486816406
2019-07-18,85.08999633789062,84.0,84.7300033569336,84.91999816894531,608800.0,78.90127563476562
2019-07-19,85.22000122070312,83.73999786376953,84.86000061035156,83.83999633789062,468100.0,77.89781951904297
2019-07-22,84.5199966430664,83.62999725341797,84.05999755859375,84.36000061035156,557200.0,78.3809814453125
2019-07-23,85.01000213623047,84.16000366210938,84.51000213623047,84.91000366210938,717700.0,78.8919906616211
2019-07-24,84.94000244140625,84.37999725341797,84.91000366210938,84.87999725341797,611400.0,78.86410522460938
2019-07-25,85.0,84.08999633789062,84.75,84.97000122070312,533000.0,78.94773864746094
2019-07-26,85.5,84.7699966430664,84.9800033569336,85.19000244140625,634400.0,79.15213012695312
2019-07-29,86.97000122070312,85.55000305175781,85.5999984741211,86.0,888200.0,79.90473937988281
2019-07-30,87.06999969482422,85.83000183105469,85.86000061035156,86.38999938964844,614400.0,80.26708984375
2019-07-31,87.20999908447266,85.87999725341797,86.38999938964844,86.54000091552734,1151800.0,80.40645599365234
2019-08-01,87.3499984741211,86.12999725341797,86.44000244140625,86.9000015258789,951400.0,80.74095153808594
2019-08-02,86.63999938964844,82.7699966430664,86.27999877929688,83.26000213623047,1623500.0,77.35894012451172
2019-08-05,83.9000015258789,82.44000244140625,82.86000061035156,83.44999694824219,757600.0,77.53545379638672
2019-08-06,84.81999969482422,83.41999816894531,83.47000122070312,84.05000305175781,624000.0,78.09293365478516
2019-08-07,86.26000213623047,83.4800033569336,84.04000091552734,86.0,1088200.0,79.90473937988281
2019-08-08,87.5999984741211,85.36000061035156,86.0,87.29000091552734,573600.0,81.1032943725586
2019-08-09,88.06999969482422,86.98999786376953,87.2699966430664,88.06999969482422,505000.0,81.82801818847656
2019-08-12,88.12000274658203,87.19999694824219,88.0,87.63999938964844,347500.0,81.4284896850586
2019-08-13,87.97000122070312,86.63999938964844,87.5,87.91999816894531,615100.0,81.68864440917969
2019-08-14,88.2300033569336,87.23999786376953,87.25,87.51000213623047,1005400.0,81.30770874023438
2019-08-15,88.5,87.5,87.83000183105469,87.93000030517578,498200.0,81.69794464111328
2019-08-16,88.91000366210938,87.91000366210938,88.18000030517578,88.62000274658203,500500.0,82.33905029296875
2019-08-19,89.05000305175781,88.0999984741211,88.6500015258789,88.68000030517578,531800.0,82.39478302001953
2019-08-20,89.19999694824219,88.33000183105469,88.80999755859375,88.36000061035156,487900.0,82.09747314453125
2019-08-21,88.61000061035156,87.38999938964844,88.4800033569336,88.30999755859375,796900.0,82.05101013183594
2019-08-22,88.7699966430664,87.98999786376953,88.47000122070312,88.66000366210938,503600.0,82.37620544433594
2019-08-23,89.81999969482422,87.6500015258789,88.52999877929688,87.7300033569336,689800.0,81.51211547851562
2019-08-26,88.5999984741211,87.25,88.08000183105469,87.80999755859375,627200.0,81.5864486694336
2019-08-27,89.2699966430664,88.19999694824219,88.19999694824219,88.37000274658203,1097000.0,82.10675811767578
2019-08-28,89.12000274658203,88.30999755859375,88.55000305175781,88.77999877929688,550500.0,82.4876937866211
2019-08-29,89.52999877929688,88.93000030517578,89.23999786376953,89.19000244140625,522900.0,82.86863708496094
2019-08-30,89.88999938964844,89.19999694824219,89.26000213623047,89.80000305175781,582600.0,83.43540954589844
2019-09-03,91.5999984741211,89.5999984741211,89.8499984741211,91.01000213623047,652600.0,84.55964660644531
2019-09-04,92.05999755859375,91.30999755859375,91.70999908447266,91.5999984741211,664900.0,85.10783386230469
2019-09-05,91.44999694824219,89.69999694824219,91.33000183105469,90.1500015258789,530800.0,83.76060485839844
2019-09-06,90.83000183105469,90.02999877929688,90.08999633789062,90.37999725341797,383400.0,83.97428894042969
2019-09-09,90.19999694824219,89.0,90.19999694824219,89.37000274658203,335800.0,83.03587341308594
2019-09-10,88.83999633789062,86.56999969482422,88.83999633789062,87.37999725341797,857900.0,81.18692016601562
2019-09-11,88.19000244140625,86.61000061035156,86.98999786376953,88.19000244140625,572100.0,81.93951416015625
2019-09-12,89.45999908447266,88.1500015258789,88.97000122070312,88.72000122070312,392600.0,82.43195343017578
2019-09-13,88.9800033569336,86.12999725341797,88.31999969482422,86.37999725341797,682000.0,80.2577896118164
2019-09-16,87.87999725341797,86.19999694824219,86.41999816894531,87.76000213623047,525800.0,81.54000091552734
2019-09-17,88.76000213623047,87.75,87.95999908447266,88.70999908447266,472900.0,82.42265319824219
2019-09-18,89.16999816894531,87.6500015258789,89.0,88.4800033569336,494900.0,82.20896911621094
2019-09-19,89.66999816894531,88.61000061035156,88.86000061035156,88.93000030517578,562200.0,82.62705993652344
2019-09-20,90.31999969482422,88.68000030517578,89.06999969482422,90.13999938964844,1580300.0,83.7513198852539
2019-09-23,90.5999984741211,89.80999755859375,90.1500015258789,89.87999725341797,530500.0,83.50973510742188
2019-09-24,90.47000122070312,89.3499984741211,90.0,89.87999725341797,532900.0,83.50973510742188
2019-09-25,90.69000244140625,89.63999938964844,89.93000030517578,90.55999755859375,468500.0,84.14154815673828
2019-09-26,91.80000305175781,90.5999984741211,90.7699966430664,91.62000274658203,465800.0,85.12641143798828
2019-09-27,90.86000061035156,89.30000305175781,90.86000061035156,90.04000091552734,393500.0,84.61518859863281
2019-09-30,90.94000244140625,89.48999786376953,89.94000244140625,89.5,625000.0,84.10772705078125
2019-10-01,90.19999694824219,88.72000122070312,89.51000213623047,90.08000183105469,510600.0,84.65277862548828
2019-10-02,90.76000213623047,89.51000213623047,90.12000274658203,90.69999694824219,540800.0,85.23542785644531
2019-10-03,92.2699966430664,90.55000305175781,90.61000061035156,91.06999969482422,515300.0,85.5831298828125
2019-10-04,91.80999755859375,91.13999938964844,91.29000091552734,91.58999633789062,369100.0,86.0718002319336
2019-10-07,91.8499984741211,91.04000091552734,91.11000061035156,91.08999633789062,393300.0,85.6019287109375
2019-10-08,91.2699966430664,90.30999755859375,91.0,90.7300033569336,392300.0,85.26361846923828
2019-10-09,91.55000305175781,90.7699966430664,91.0199966430664,90.79000091552734,326100.0,85.31999969482422
2019-10-10,91.58999633789062,90.54000091552734,90.79000091552734,91.16999816894531,373600.0,85.67710876464844
2019-10-11,91.3499984741211,90.43000030517578,91.25,90.69999694824219,399800.0,85.23542785644531
2019-10-14,90.88999938964844,90.16999816894531,90.88999938964844,90.4800033569336,234500.0,85.0286865234375
2019-10-15,90.9800033569336,89.88999938964844,90.5199966430664,90.0,719100.0,84.57760620117188
2019-10-16,90.44999694824219,89.30000305175781,90.08999633789062,90.16000366210938,780600.0,84.72796630859375
2019-10-17,91.62999725341797,90.26000213623047,90.26000213623047,91.4800033569336,485900.0,85.96843719482422
2019-10-18,93.52999877929688,91.27999877929688,91.55999755859375,93.44999694824219,803000.0,87.81974029541016
2019-10-21,93.55999755859375,92.47000122070312,93.36000061035156,93.0999984741211,411100.0,87.49082946777344
2019-10-22,93.62000274658203,92.54000091552734,93.45999908447266,93.05999755859375,288600.0,87.45323181152344
2019-10-23,93.23999786376953,92.08000183105469,93.19999694824219,92.54000091552734,600500.0,86.9645767211914
2019-10-24,93.0999984741211,92.33999633789062,92.83000183105469,92.4800033569336,644400.0,86.90818786621094
2019-10-25,92.80000305175781,91.55999755859375,92.79000091552734,91.73999786376953,802900.0,86.2127685546875
2019-10-28,92.0,91.2300033569336,91.58000183105469,91.30000305175781,1066000.0,85.79927825927734
2019-10-29,92.29000091552734,91.20999908447266,91.41999816894531,91.5999984741211,1335000.0,86.08120727539062
2019-10-30,92.66999816894531,91.41999816894531,91.58999633789062,92.18000030517578,1170500.0,86.62625122070312
2019-10-31,93.0999984741211,91.94999694824219,92.55000305175781,92.05999755859375,1029500.0,86.51348114013672
2019-11-01,92.80000305175781,87.22000122070312,92.80000305175781,88.9800033569336,1505900.0,83.61904907226562
2019-11-04,89.68000030517578,87.91000366210938,89.0,88.52999877929688,912800.0,83.19615936279297
2019-11-05,88.44999694824219,86.20999908447266,88.44999694824219,86.4800033569336,1118400.0,81.26968383789062
2019-11-06,87.44000244140625,85.7699966430664,86.87000274658203,86.18000030517578,822300.0,80.98774719238281
2019-11-07,86.44000244140625,84.70999908447266,86.0999984741211,85.13999938964844,799800.0,80.01040649414062
2019-11-08,85.41999816894531,84.27999877929688,85.0199966430664,84.45999908447266,629000.0,79.37138366699219
2019-11-11,85.27999877929688,84.27999877929688,84.6500015258789,84.29000091552734,536000.0,79.21162414550781
2019-11-12,85.41000366210938,83.69000244140625,84.54000091552734,83.91000366210938,776200.0,78.85452270507812
2019-11-13,85.80999755859375,83.8499984741211,83.94999694824219,84.76000213623047,785800.0,79.65330505371094
2019-11-14,85.1500015258789,83.97000122070312,85.11000061035156,84.04000091552734,792500.0,78.97667694091797
2019-11-15,85.37999725341797,84.08999633789062,84.58999633789062,85.3499984741211,862600.0,80.207763671875
2019-11-18,86.58000183105469,85.56999969482422,85.56999969482422,85.88999938964844,693800.0,80.71521759033203
2019-11-19,86.58000183105469,85.11000061035156,85.83000183105469,85.73999786376953,930200.0,80.57425689697266
2019-11-20,86.30999755859375,85.54000091552734,85.66999816894531,86.19000244140625,771200.0,80.99714660644531
2019-11-21,86.13999938964844,83.81999969482422,86.0199966430664,83.86000061035156,880300.0,78.80753326416016
2019-11-22,84.0,82.52999877929688,83.9000015258789,83.04000091552734,610300.0,78.03693389892578
2019-11-25,84.2300033569336,83.1500015258789,83.1500015258789,83.30000305175781,710100.0,78.28126525878906
2019-11-26,84.7699966430664,83.33999633789062,83.45999908447266,84.7300033569336,2683700.0,79.62511444091797
2019-11-27,84.79000091552734,83.83999633789062,84.75,84.63999938964844,1137300.0,79.54053497314453
2019-11-29,85.11000061035156,83.41999816894531,84.94999694824219,83.41999816894531,497500.0,78.39403533935547
2019-12-02,83.43000030517578,81.36000061035156,83.23999786376953,81.54000091552734,1068500.0,76.62730407714844
2019-12-03,82.16999816894531,80.66999816894531,81.62999725341797,80.88999938964844,860800.0,76.01647186279297
2019-12-04,81.94000244140625,80.61000061035156,80.63999938964844,81.44000244140625,594300.0,76.53333282470703
2019-12-05,81.80999755859375,81.06999969482422,81.31999969482422,81.7300033569336,530500.0,76.80586242675781
2019-12-06,82.23999786376953,81.5999984741211,81.75,81.73999786376953,618300.0,76.81525421142578
2019-12-09,81.83000183105469,81.16999816894531,81.55999755859375,81.80000305175781,543100.0,76.87164306640625
2019-12-10,82.58000183105469,81.36000061035156,82.38999938964844,81.62000274658203,477200.0,76.70248413085938
2019-12-11,81.62000274658203,79.62999725341797,81.25,80.4000015258789,723500.0,75.55599212646484
2019-12-12,80.66999816894531,77.30999755859375,80.33000183105469,77.55000305175781,1063400.0,72.87770080566406
2019-12-13,77.80999755859375,76.12999725341797,77.20999908447266,77.26000213623047,893200.0,72.60517120361328
2019-12-16,77.91000366210938,76.87999725341797,77.75,77.61000061035156,841900.0,72.93408966064453
2019-12-17,77.9000015258789,76.4000015258789,77.83000183105469,76.66999816894531,990400.0,72.05072021484375
2019-12-18,77.81999969482422,76.5,76.63999938964844,77.5999984741211,759800.0,72.92469024658203
2019-12-19,78.25,77.36000061035156,77.98999786376953,77.87999725341797,923200.0,73.18781280517578
2019-12-20,78.70999908447266,77.8499984741211,78.06999969482422,78.51000213623047,1439400.0,73.77985382080078
2019-12-23,78.95999908447266,77.7699966430664,78.69999694824219,77.94999694824219,592000.0,73.25359344482422
2019-12-24,78.7300033569336,77.80000305175781,78.16000366210938,78.48999786376953,172300.0,73.76107025146484
2019-12-26,79.23999786376953,78.56999969482422,78.66999816894531,79.23999786376953,460700.0,74.46587371826172
2019-12-27,79.80999755859375,79.22000122070312,79.44999694824219,79.58999633789062,552100.0,74.79478454589844
2019-12-30,79.05000305175781,78.4000015258789,78.5,79.02999877929688,571400.0,75.24993133544922
2019-12-31,80.04000091552734,78.95999908447266,79.01000213623047,80.04000091552734,590100.0,76.21162414550781
2020-01-02,80.2300033569336,78.27999877929688,80.2300033569336,79.01000213623047,726100.0,75.23088836669922
2020-01-03,80.20999908447266,78.72000122070312,78.80999755859375,80.08999633789062,797700.0,76.25922393798828
2020-01-06,81.0,79.83999633789062,79.95999908447266,80.62999725341797,577500.0,76.77339935302734
2020-01-07,80.69000244140625,79.55999755859375,80.4800033569336,80.48999786376953,686400.0,76.64009094238281
2020-01-08,80.86000061035156,79.80999755859375,80.48999786376953,80.0199966430664,819900.0,76.19257354736328
2020-01-09,81.0999984741211,79.83000183105469,80.05000305175781,80.83000183105469,668200.0,76.96383666992188
2020-01-10,82.11000061035156,80.83999633789062,81.06999969482422,82.08000183105469,926700.0,78.15404510498047
2020-01-13,83.29000091552734,81.86000061035156,82.05000305175781,83.25,921100.0,79.26808166503906
2020-01-14,83.23999786376953,82.11000061035156,83.20999908447266,82.55999755859375,661400.0,78.61109161376953
2020-01-15,83.61000061035156,82.63999938964844,82.94999694824219,83.2300033569336,554000.0,79.2490463256836
2020-01-16,83.8499984741211,82.91000366210938,83.37999725341797,83.26000213623047,483300.0,79.2776107788086
2020-01-17,83.33000183105469,82.81999969482422,83.20999908447266,83.13999938964844,413200.0,79.16334533691406
2020-01-21,84.3499984741211,83.13999938964844,83.19999694824219,84.29000091552734,411300.0,80.25833892822266
2020-01-22,84.8499984741211,83.66999816894531,84.5,84.06999969482422,459200.0,80.04886627197266
2020-01-23,84.68000030517578,83.66999816894531,84.0,84.25,481500.0,80.22025299072266
2020-01-24,84.94000244140625,84.0199966430664,84.36000061035156,84.33999633789062,428400.0,80.30594635009766
2020-01-27,84.66000366210938,83.51000213623047,83.79000091552734,84.26000213623047,463500.0,80.22977447509766
2020-01-28,84.69000244140625,83.76000213623047,84.13999938964844,83.7699966430664,492700.0,79.7632064819336
2020-01-29,84.58000183105469,83.66999816894531,83.9000015258789,84.30999755859375,390600.0,80.27737426757812
2020-01-30,84.73999786376953,84.0,84.02999877929688,84.55000305175781,305400.0,80.50590515136719
2020-01-31,84.79000091552734,83.79000091552734,84.5999984741211,84.12000274658203,479400.0,80.09648132324219
2020-02-03,85.11000061035156,84.05999755859375,84.31999969482422,84.0999984741211,453100.0,80.07742309570312
2020-02-04,84.88999938964844,83.95999908447266,84.23999786376953,84.52999877929688,418800.0,80.48685455322266
2020-02-05,84.83999633789062,84.18000030517578,84.3499984741211,84.33000183105469,304900.0,80.29643249511719
2020-02-06,85.08000183105469,84.4000015258789,84.69999694824219,85.0,322700.0,80.93438720703125
2020-02-07,85.36000061035156,84.5999984741211,85.19999694824219,84.80999755859375,246600.0,80.75346374511719
2020-02-10,85.37999725341797,84.73999786376953,85.2699966430664,85.01000213623047,373000.0,80.94390106201172
2020-02-11,85.58999633789062,84.2300033569336,85.0199966430664,84.66000366210938,354800.0,80.61064910888672
2020-02-12,85.19999694824219,83.55999755859375,84.70999908447266,84.73999786376953,402500.0,80.68681335449219
2020-02-13,85.44000244140625,84.70999908447266,84.73999786376953,85.37000274658203,357000.0,81.28668975830078
2020-02-14,85.9000015258789,85.13999938964844,85.41999816894531,85.83000183105469,292800.0,81.72468566894531
2020-02-18,86.3499984741211,85.29000091552734,85.97000122070312,85.9000015258789,427500.0,81.79133605957031
2020-02-19,86.1500015258789,84.55000305175781,85.81999969482422,84.62999725341797,384400.0,80.58207702636719
2020-02-20,84.87000274658203,84.05000305175781,84.63999938964844,84.8499984741211,451800.0,80.79155731201172
2020-02-21,88.52999877929688,84.6500015258789,84.6500015258789,88.0,853300.0,83.79088592529297
2020-02-24,88.98999786376953,87.47000122070312,87.47000122070312,88.2699966430664,999100.0,84.04796600341797
2020-02-25,88.5,86.68000030517578,88.5,87.0,806600.0,82.83871459960938
2020-02-26,88.25,86.6500015258789,87.16999816894531,86.66999816894531,858800.0,82.52450561523438
2020-02-27,86.16000366210938,80.72000122070312,85.94999694824219,80.7300033569336,900900.0,76.86862182617188
2020-02-28,79.05000305175781,75.33999633789062,78.80000305175781,77.41000366210938,2034900.0,73.7074203491211
2020-03-02,81.41999816894531,77.68000030517578,77.81999969482422,81.2699966430664,984200.0,77.38278198242188
2020-03-03,83.55999755859375,80.41000366210938,81.55999755859375,80.8499984741211,960800.0,76.98287200927734
2020-03-04,84.66999816894531,81.97000122070312,82.48999786376953,84.5199966430664,606000.0,80.47733306884766
2020-03-05,84.19999694824219,82.69000244140625,83.51000213623047,83.5,530700.0,79.5061264038086
2020-03-06,82.91000366210938,79.9800033569336,82.19999694824219,82.61000061035156,598200.0,78.65869903564453
2020-03-09,79.72000122070312,76.76000213623047,78.2300033569336,76.83999633789062,1036400.0,73.16468048095703
2020-03-10,80.0999984741211,75.25,78.62000274658203,79.87000274658203,769700.0,76.04975128173828
2020-03-11,78.25,74.30000305175781,78.0,76.01000213623047,1093000.0,72.37438201904297
2020-03-12,72.0,60.0,70.5,67.61000061035156,1607400.0,64.37615966796875
2020-03-13,74.02999877929688,65.02999877929688,70.66000366210938,73.87999725341797,1163400.0,70.34625244140625
2020-03-16,66.51000213623047,60.7400016784668,64.51000213623047,60.7400016784668,1211600.0,57.834754943847656
2020-03-17,66.0,60.02000045776367,61.83000183105469,64.11000061035156,1212700.0,61.0435676574707
2020-03-18,62.63999938964844,49.36000061035156,60.0,53.45000076293945,1514100.0,50.8934440612793
2020-03-19,53.060001373291016,38.619998931884766,52.7599983215332,45.83000183105469,3348500.0,43.637916564941406
2020-03-20,54.939998626708984,47.040000915527344,47.040000915527344,49.36000061035156,1976100.0,46.99907302856445
2020-03-23,48.0,42.189998626708984,48.0,43.86000061035156,1836800.0,41.76213836669922
2020-03-24,52.65999984741211,47.400001525878906,48.25,52.63999938964844,1437500.0,50.12218475341797
2020-03-25,62.83000183105469,52.75,53.08000183105469,57.38999938964844,1643400.0,54.64498519897461
2020-03-26,62.45000076293945,56.66999816894531,58.349998474121094,60.689998626708984,1455900.0,57.78714370727539
2020-03-27,61.880001068115234,56.7599983215332,57.20000076293945,60.34000015258789,998900.0,57.45389175415039
2020-03-30,60.0,56.380001068115234,59.290000915527344,59.310001373291016,2063800.0,57.46357727050781
2020-03-31,60.25,57.029998779296875,58.59000015258789,58.08000183105469,3657700.0,56.27186965942383
2020-04-01,57.40999984741211,53.470001220703125,55.75,54.81999969482422,1610500.0,53.11335372924805
2020-04-02,55.4900016784668,52.36000061035156,53.790000915527344,54.560001373291016,2198900.0,52.861454010009766
2020-04-03,53.83000183105469,49.0099983215332,53.59000015258789,50.2599983215332,1871700.0,48.695316314697266
2020-04-06,57.06999969482422,53.25,53.7400016784668,56.13999938964844,1375300.0,54.39226150512695
2020-04-07,61.20000076293945,58.25,59.849998474121094,59.209999084472656,1509200.0,57.36668395996094
2020-04-08,63.0,58.810001373291016,60.18000030517578,62.349998474121094,1182400.0,60.408931732177734
2020-04-09,70.38999938964844,64.18000030517578,64.62999725341797,70.0,2299200.0,67.8207778930664
2020-04-13,69.0,64.54000091552734,68.69000244140625,64.62999725341797,1051800.0,62.617950439453125
2020-04-14,67.83999633789062,65.61000061035156,66.37999725341797,67.18000030517578,746800.0,65.08856964111328
2020-04-15,66.9000015258789,62.43000030517578,66.9000015258789,63.16999816894531,789900.0,61.203407287597656
2020-04-16,63.40999984741211,60.869998931884766,63.25,61.20000076293945,676000.0,59.294734954833984
2020-04-17,65.1500015258789,62.66999816894531,64.41999816894531,62.959999084472656,839600.0,60.999942779541016
2020-04-20,62.0,60.099998474121094,61.34000015258789,60.45000076293945,929400.0,58.568084716796875
2020-04-21,59.599998474121094,57.65999984741211,57.9900016784668,58.810001373291016,635800.0,56.97914123535156
2020-04-22,60.599998474121094,58.900001525878906,60.349998474121094,59.220001220703125,719200.0,57.37637710571289
2020-04-23,60.09000015258789,57.83000183105469,59.7599983215332,58.04999923706055,749100.0,56.2427978515625
2020-04-24,59.56999969482422,58.04999923706055,58.7599983215332,58.720001220703125,766800.0,56.891944885253906
2020-04-27,63.400001525878906,59.33000183105469,59.369998931884766,62.380001068115234,778600.0,60.4379997253418
2020-04-28,65.83000183105469,63.470001220703125,63.470001220703125,64.29000091552734,1001500.0,62.28853988647461
2020-04-29,68.93000030517578,65.88999938964844,66.51000213623047,67.91999816894531,676200.0,65.80552673339844
2020-04-30,66.66000366210938,65.0199966430664,66.47000122070312,65.77999877929688,855700.0,63.732154846191406
2020-05-01,64.51000213623047,62.04999923706055,63.59000015258789,62.4900016784668,955000.0,60.544578552246094
2020-05-04,62.040000915527344,60.040000915527344,61.060001373291016,61.0,955200.0,59.1009635925293
2020-05-05,63.04999923706055,60.77000045776367,61.63999938964844,60.77000045776367,701100.0,58.87812423706055
2020-05-06,61.880001068115234,59.02000045776367,61.040000915527344,59.09000015258789,816200.0,57.25042724609375
2020-05-07,62.18000030517578,60.189998626708984,60.189998626708984,60.93000030517578,660000.0,59.033138275146484
2020-05-08,63.290000915527344,61.540000915527344,62.40999984741211,62.59000015258789,599200.0,60.64146423339844
2020-05-11,62.959999084472656,60.779998779296875,61.54999923706055,61.7599983215332,850300.0,59.83729934692383
2020-05-12,62.09000015258789,58.4900016784668,62.09000015258789,58.4900016784668,742100.0,56.669105529785156
2020-05-13,58.380001068115234,55.16999816894531,58.0,55.459999084472656,978000.0,53.733428955078125
2020-05-14,55.529998779296875,52.220001220703125,54.45000076293945,55.439998626708984,915400.0,53.71405029296875
2020-05-15,55.11000061035156,53.599998474121094,55.11000061035156,54.630001068115234,930800.0,52.92927169799805
2020-05-18,59.41999816894531,56.79999923706055,56.9900016784668,58.970001220703125,961600.0,57.13416290283203
2020-05-19,61.13999938964844,58.220001220703125,58.849998474121094,60.54999923706055,1050500.0,58.66497039794922
2020-05-20,61.97999954223633,60.439998626708984,61.540000915527344,61.61000061035156,989900.0,59.69197082519531
2020-05-21,62.65999984741211,61.099998474121094,61.189998626708984,61.84000015258789,1037500.0,59.91481018066406
2020-05-22,62.25,60.2599983215332,62.13999938964844,60.88999938964844,609600.0,58.994384765625
2020-05-26,64.79000091552734,62.630001068115234,63.27000045776367,63.959999084472656,819400.0,61.96881103515625
2020-05-27,66.29000091552734,62.22999954223633,65.9000015258789,63.58000183105469,820100.0,61.600643157958984
2020-05-28,64.4800033569336,61.13999938964844,64.4800033569336,62.279998779296875,1104200.0,60.34111404418945
2020-05-29,61.91999816894531,59.70000076293945,61.400001525878906,59.90999984741211,5361000.0,58.04489517211914
2020-06-01,63.400001525878906,60.20000076293945,60.20000076293945,62.65999984741211,963200.0,60.70928192138672
2020-06-02,64.98999786376953,63.06999969482422,63.66999816894531,64.18000030517578,1041300.0,62.18196105957031
2020-06-03,67.55000305175781,65.19000244140625,65.38999938964844,66.63999938964844,832900.0,64.56538391113281
2020-06-04,66.7699966430664,64.58000183105469,66.30000305175781,66.6500015258789,1039700.0,64.57506561279297
2020-06-05,72.62999725341797,67.94999694824219,70.0,68.80999755859375,1763100.0,66.66781616210938
2020-06-08,71.37000274658203,68.2699966430664,70.26000213623047,71.1500015258789,2026400.0,68.93497467041016
2020-06-09,71.0999984741211,67.80999755859375,69.0,70.97000122070312,1218500.0,68.76058197021484
2020-06-10,70.95999908447266,67.33999633789062,70.95999908447266,68.41000366210938,945100.0,66.28028106689453
2020-06-11,65.93000030517578,62.5099983215332,63.77000045776367,64.8499984741211,1217600.0,62.83110427856445
2020-06-12,69.37000274658203,66.5,68.7699966430664,69.11000061035156,1216600.0,66.95848846435547
2020-06-15,72.51000213623047,66.4800033569336,67.0,71.83000183105469,1688100.0,69.59380340576172
2020-06-16,76.12000274658203,73.55999755859375,74.37999725341797,74.36000061035156,1599300.0,72.0450439453125
2020-06-17,75.0,72.83000183105469,74.70999908447266,73.22000122070312,2520600.0,70.9405288696289
2020-06-18,72.0199966430664,70.70999908447266,71.0,71.11000061035156,3657600.0,68.89622497558594
2020-06-19,72.66999816894531,68.70999908447266,72.0,68.95999908447266,7709800.0,66.81315612792969
2020-06-22,69.05000305175781,66.91000366210938,69.01000213623047,68.72000122070312,1643600.0,66.58062744140625
2020-06-23,69.37000274658203,68.25,69.33999633789062,68.70999908447266,1040900.0,66.57093811035156
2020-06-24,67.8499984741211,64.05999755859375,67.8499984741211,67.05999755859375,1365500.0,64.97230529785156
2020-06-25,68.80999755859375,65.93000030517578,66.62000274658203,68.7699966430664,1231200.0,66.62905883789062
2020-06-26,68.6500015258789,66.2699966430664,68.23999786376953,66.36000061035156,1742000.0,64.29409790039062
2020-06-29,67.2699966430664,64.5999984741211,66.0,66.87000274658203,1199100.0,65.82176971435547
2020-06-30,68.2699966430664,66.79000091552734,67.13999938964844,67.6500015258789,1025100.0,66.58954620361328
2020-07-01,68.9800033569336,67.54000091552734,68.1500015258789,68.80999755859375,1183900.0,67.73135375976562
2020-07-02,70.4800033569336,67.43000030517578,70.0,67.98999786376953,1073500.0,66.92420959472656
2020-07-06,70.0,67.43000030517578,70.0,67.52999877929688,1246400.0,66.47142028808594
2020-07-07,66.66999816894531,65.81999969482422,66.58999633789062,65.93000030517578,636500.0,64.8965072631836
2020-07-08,66.80000305175781,65.63999938964844,66.16999816894531,66.5199966430664,538000.0,65.47724914550781
2020-07-09,66.5,64.31999969482422,66.2699966430664,66.08000183105469,858200.0,65.04415130615234
2020-07-10,67.16999816894531,65.5999984741211,66.0,66.30999755859375,485800.0,65.27054595947266
2020-07-13,67.51000213623047,65.69000244140625,66.62000274658203,66.41999816894531,796500.0,65.37882232666016
2020-07-14,67.23999786376953,65.98999786376953,66.44000244140625,66.8499984741211,1053100.0,65.80207824707031
2020-07-15,69.0999984741211,67.6500015258789,68.01000213623047,68.23999786376953,986700.0,67.1702880859375
2020-07-16,68.30999755859375,66.80000305175781,67.38999938964844,66.97000122070312,694500.0,65.92020416259766
2020-07-17,68.66999816894531,66.69000244140625,67.30999755859375,68.19000244140625,495800.0,67.12107849121094
2020-07-20,68.30999755859375,66.7300033569336,67.9000015258789,66.83000183105469,609800.0,65.78239440917969
2020-07-21,68.08000183105469,66.80999755859375,67.5,66.91999816894531,476400.0,65.87097930908203
2020-07-22,68.77999877929688,66.54000091552734,66.54000091552734,68.23999786376953,671700.0,67.1702880859375
2020-07-23,68.58000183105469,66.41000366210938,67.94999694824219,67.30000305175781,576800.0,66.24503326416016
2020-07-24,67.58000183105469,66.27999877929688,67.12999725341797,66.4000015258789,437300.0,65.35913848876953
2020-07-27,67.62000274658203,65.70999908447266,66.33000183105469,67.48999786376953,676700.0,66.43204498291016
2020-07-28,69.51000213623047,67.0999984741211,67.20999908447266,69.37000274658203,996900.0,68.28258514404297
2020-07-29,70.86000061035156,69.18000030517578,69.72000122070312,70.80000305175781,1746700.0,69.6901626586914
2020-07-30,71.0999984741211,69.41999816894531,70.0,70.52999877929688,756000.0,69.42439270019531
2020-07-31,71.72000122070312,69.93000030517578,70.76000213623047,71.37000274658203,890600.0,70.25122833251953
2020-08-03,71.36000061035156,69.37000274658203,71.36000061035156,70.1500015258789,660000.0,69.05035400390625
2020-08-04,71.81999969482422,69.95999908447266,69.95999908447266,71.16999816894531,691300.0,70.05435943603516
2020-08-05,71.9000015258789,70.44999694824219,71.80000305175781,70.73999786376953,504200.0,69.631103515625
2020-08-06,71.05999755859375,70.19000244140625,70.5,70.79000091552734,469800.0,69.6803207397461
2020-08-07,72.0,70.58999633789062,70.69999694824219,72.0,735000.0,70.87135314941406
2020-08-10,73.75,72.20999908447266,72.68000030517578,73.08000183105469,497200.0,71.9344253540039
2020-08-11,74.18000030517578,72.66000366210938,73.94000244140625,72.83000183105469,882600.0,71.68834686279297
2020-08-12,73.86000061035156,72.75,73.19000244140625,73.44000244140625,407300.0,72.28878021240234
2020-08-13,73.45999908447266,71.43000030517578,72.9800033569336,71.62000274658203,417800.0,70.497314453125
2020-08-14,71.80000305175781,70.72000122070312,71.04000091552734,70.8499984741211,500900.0,69.7393798828125
2020-08-17,71.70999908447266,70.41000366210938,70.93000030517578,71.6500015258789,384200.0,70.52684020996094
2020-08-18,71.94999694824219,71.0999984741211,71.7699966430664,71.44999694824219,418600.0,70.32997131347656
2020-08-19,71.26000213623047,69.30000305175781,71.26000213623047,69.37999725341797,725600.0,68.29241943359375
2020-08-20,71.62000274658203,69.1500015258789,69.62999725341797,70.93000030517578,501700.0,69.81812286376953
2020-08-21,71.26000213623047,69.5999984741211,70.80000305175781,70.66999816894531,391700.0,69.56220245361328
2020-08-24,71.61000061035156,70.11000061035156,71.13999938964844,71.58999633789062,476000.0,70.4677734375
2020-08-25,72.12999725341797,70.33000183105469,71.97000122070312,71.3499984741211,412000.0,70.23153686523438
2020-08-26,71.33000183105469,69.80999755859375,71.30000305175781,70.30000305175781,438200.0,69.19800567626953
2020-08-27,71.72000122070312,70.66000366210938,70.66000366210938,71.23999786376953,372600.0,70.12326049804688
2020-08-28,71.8499984741211,70.69999694824219,71.81999969482422,71.72000122070312,399100.0,70.59574127197266
2020-08-31,71.72000122070312,69.3499984741211,71.72000122070312,69.37000274658203,1173600.0,68.28258514404297
2020-09-01,70.02999877929688,68.51000213623047,69.11000061035156,69.63999938964844,616700.0,68.54834747314453
2020-09-02,71.36000061035156,69.16000366210938,69.6500015258789,71.30999755859375,728400.0,70.19216918945312
2020-09-03,72.55000305175781,70.25,71.41000366210938,70.80999755859375,727000.0,69.70000457763672
2020-09-04,71.69000244140625,69.25,70.91000366210938,70.05000305175781,560700.0,68.95191955566406
2020-09-08,69.72000122070312,68.36000061035156,69.51000213623047,68.87000274658203,770300.0,67.79042053222656
2020-09-09,70.9000015258789,69.16999816894531,69.45999908447266,69.30999755859375,620300.0,68.22351837158203
2020-09-10,69.62000274658203,68.33000183105469,69.30000305175781,68.4000015258789,606300.0,67.32778930664062
2020-09-11,68.56999969482422,67.37999725341797,68.44000244140625,68.18000030517578,566900.0,67.11123657226562
2020-09-14,69.68000030517578,68.30000305175781,69.04000091552734,69.08999633789062,659500.0,68.00696563720703
2020-09-15,70.37999725341797,69.0999984741211,69.4800033569336,69.33999633789062,502700.0,68.25304412841797
2020-09-16,69.9800033569336,68.56999969482422,69.69999694824219,68.79000091552734,729500.0,67.711669921875
2020-09-17,68.7300033569336,67.41000366210938,68.5,67.69000244140625,1008500.0,66.62891387939453
2020-09-18,67.80000305175781,66.06999969482422,66.83000183105469,66.33000183105469,1960200.0,65.29023742675781
2020-09-21,65.87000274658203,62.25,65.61000061035156,63.150001525878906,1504200.0,62.16008377075195
2020-09-22,65.97000122070312,63.66999816894531,63.66999816894531,65.38999938964844,1504900.0,64.3649673461914
2020-09-23,65.87000274658203,63.150001525878906,65.36000061035156,63.56999969482422,907900.0,62.5734977722168
2020-09-24,64.86000061035156,63.02000045776367,63.459999084472656,63.689998626708984,825600.0,62.69161605834961
2020-09-25,65.12000274658203,63.15999984741211,63.540000915527344,65.05999755859375,946900.0,64.0401382446289
2020-09-28,68.08000183105469,66.5,67.87000274658203,66.5999984741211,1062700.0,65.55599975585938
2020-09-29,65.94999694824219,64.3499984741211,65.51000213623047,65.12999725341797,543200.0,65.12999725341797
2020-09-30,66.04000091552734,64.19000244140625,65.66000366210938,65.16000366210938,874600.0,65.16000366210938
2020-10-01,67.05999755859375,65.30000305175781,65.36000061035156,67.05000305175781,952600.0,67.05000305175781
2020-10-02,67.83000183105469,65.26000213623047,65.44000244140625,67.47000122070312,1008500.0,67.47000122070312
